profile_id,churn_probability,risk_level,ab_test_group
dac083b9-ff7f-451a-bf15-5dda14ff3e5f,0.7188,CRITICAL,Treatment
500c6b91-8cd3-42b0-bf26-462096dfeaec,0.7198,CRITICAL,Treatment
37e7e771-2614-4288-9dde-e7cc61f4fe61,0.7198,CRITICAL,Treatment
4aa0957f-969c-462e-93a7-b7e36e6ec1cf,0.7198,CRITICAL,Treatment
12256d45-d049-4f4a-b41f-ab74ae83ba98,0.7336,CRITICAL,Treatment
e39877a1-a51d-4bca-a7ad-45624ffe02ba,0.7198,CRITICAL,Treatment
712d64e6-27bb-4f2b-bf7f-31de18cedeac,0.7198,CRITICAL,Treatment
bb2829ec-62eb-493d-af1c-381c6b764ad1,0.7198,CRITICAL,Treatment
c18e46c8-c1f5-44e5-b719-3222da7d31f1,0.7085,CRITICAL,Treatment
cd6e4a05-425b-426e-94d7-ebd0138498b3,0.7198,CRITICAL,Treatment
713fd207-dd0b-4e08-a3d9-099f1e5ebda9,0.7336,CRITICAL,Treatment
b6caa90b-582e-4b17-a8a1-b1536abe3205,0.7198,CRITICAL,Treatment
89dfd9d1-5d42-45e6-855d-2d962c0af07f,0.7143,CRITICAL,Treatment
4c8ce60c-d2eb-4dd4-829a-1204f9e795af,0.7198,CRITICAL,Treatment
282a9275-c954-4d53-a25e-690658da8296,0.7336,CRITICAL,Treatment
fc593bb8-04a8-43ff-82b7-91c41aedc585,0.7143,CRITICAL,Treatment
7b49ef3c-f1ff-465a-82b8-9ba40faead1c,0.7336,CRITICAL,Treatment
c5c7b576-3b68-45a4-b791-6deea7c04386,0.7336,CRITICAL,Treatment
15d8cc0f-2346-4628-93bc-f559216abec8,0.7336,CRITICAL,Treatment
b1960ef1-5657-432b-a614-92256fdd0fe1,0.7336,CRITICAL,Treatment
5c76c729-3aa9-46ce-ba25-936dd31ec7b1,0.7326,CRITICAL,Treatment
ff67dd2d-d401-4e41-ae23-21775a54469f,0.7158,CRITICAL,Treatment
a732eaca-abe0-4e20-a2e6-fc8df131a370,0.7198,CRITICAL,Treatment
14be8a25-6d4f-4162-93fa-541a3a83aa44,0.7198,CRITICAL,Treatment
dc6fb004-61f0-4624-8cc9-25a9a25e3b2d,0.7198,CRITICAL,Treatment
34807a2f-c08b-42cf-b124-2516fe4eb6f8,0.7198,CRITICAL,Treatment
d83c6258-dff0-4e8e-aec0-cba912b24c0a,0.7336,CRITICAL,Treatment
1c6c9689-a6be-40d5-b96c-9cefac370b6d,0.7336,CRITICAL,Treatment
2494d772-0bbb-4f31-8587-44a709a2dea5,0.7198,CRITICAL,Treatment
a090b365-10f8-4b91-934f-95c0d320e0c5,0.7198,CRITICAL,Treatment
60e773ef-cda8-4dbc-bfbc-90a43cda9c8e,0.7198,CRITICAL,Treatment
163c8f87-07a3-4fd6-b66a-e9d7cd94c1d9,0.7178,CRITICAL,Treatment
19efcbb1-474b-4e3b-85b4-978f6895a65a,0.7129,CRITICAL,Treatment
449efae1-4a54-4378-8167-c72c4b4d28eb,0.7198,CRITICAL,Treatment
1608f838-d437-4e8b-b74b-b131da1e2760,0.7198,CRITICAL,Treatment
60c8803e-93ae-4b18-9d13-455478a464ea,0.7198,CRITICAL,Treatment
b8747975-6bec-4cdb-9d87-0393e09bab42,0.7198,CRITICAL,Treatment
eb7b17f2-1db3-4f3e-aa9b-f0c04145c756,0.7198,CRITICAL,Treatment
60b663e4-08e8-4f4f-96ae-c38eada4807f,0.7336,CRITICAL,Treatment
fd5235bd-02a7-4bc3-a961-8bc85099d0fa,0.7178,CRITICAL,Treatment
36ac1b9a-21e6-4b74-ad8d-f0ef1030f475,0.7198,CRITICAL,Treatment
7fb70e3a-77b2-47ec-a75d-ce7ef0734c64,0.7198,CRITICAL,Treatment
1c6c8dbd-0a75-4687-a009-5fd91607a98c,0.7336,CRITICAL,Treatment
53f6f452-e4e2-4d41-bd02-6b5effcfd0dd,0.7336,CRITICAL,Treatment
a5b0e510-5ab5-41b8-ad9c-ade043115f43,0.7198,CRITICAL,Treatment
b1c5b395-2240-4fed-9ede-3aadd9c75f46,0.7198,CRITICAL,Treatment
2a342c45-24ea-4d47-a820-164f1853fcf7,0.7198,CRITICAL,Treatment
87583921-922b-4a91-a016-9f2797035b74,0.7336,CRITICAL,Treatment
71bffff6-fe06-4dd1-9ec1-1c060c4ab6e0,0.7198,CRITICAL,Treatment
c3169668-6d8f-4105-a468-8e5c94e27e6c,0.7336,CRITICAL,Treatment
5ec86e39-069b-4cb4-b48d-4ee77f215a23,0.7198,CRITICAL,Treatment
71b38421-5e3f-4bfe-a4c4-68f638f390fd,0.7336,CRITICAL,Treatment
2e9102c5-b2ea-4a83-8bbf-2ee72eb77726,0.7336,CRITICAL,Treatment
bdb6dae8-fe5e-4318-a699-5e420dc25c2d,0.7198,CRITICAL,Treatment
6249bb84-0807-4029-850c-2769a994d561,0.7198,CRITICAL,Treatment
dc12091a-e824-4f71-9b00-3285555f7cf7,0.7198,CRITICAL,Treatment
87cb655c-7059-4472-ba1e-9cd60fbe7b55,0.7198,CRITICAL,Treatment
9729cc0e-6944-415b-bc51-6e38e3532d5e,0.7336,CRITICAL,Treatment
03fd037f-78e1-4b4f-bad9-96f3b0f31c3d,0.7198,CRITICAL,Treatment
0dd2eaf8-8930-4894-884d-54a3e01f440d,0.7336,CRITICAL,Treatment
c60ec0fa-fe41-46ff-b93f-b8e2a5186b08,0.7198,CRITICAL,Treatment
9b45ad97-c0f7-468d-9b6d-6e194b49e39c,0.7336,CRITICAL,Treatment
c6cc33bf-ab2f-42e2-8284-e8d1b5554d40,0.7198,CRITICAL,Treatment
d28c19d7-75b9-4b8b-929d-aeb1f05b7e0d,0.7336,CRITICAL,Treatment
8880ddeb-80c2-4c74-8151-c36fef17f779,0.7198,CRITICAL,Treatment
1fc7f245-744f-4655-98d1-38a75a89c41f,0.7198,CRITICAL,Treatment
724348a5-10e2-4a8c-82bf-a71dc907687d,0.7198,CRITICAL,Treatment
8f499a7a-289c-4e9d-a8bb-a9a2bbc1e649,0.7336,CRITICAL,Treatment
500d37ab-c4e7-4af9-851a-90eb2f22a688,0.7336,CRITICAL,Treatment
20bb20e8-446f-4264-b23f-d32d0dcdf54d,0.7198,CRITICAL,Treatment
751bf840-2a11-45fd-a1dc-3b442c3d100a,0.7198,CRITICAL,Treatment
d17ff1fe-c31d-4c83-8b52-07f48dc073b7,0.7336,CRITICAL,Treatment
cab691f6-90a0-41b2-959d-1924fa607199,0.7198,CRITICAL,Treatment
52359ba9-2994-4c22-9a22-44fc54a50df6,0.7198,CRITICAL,Treatment
64963891-7097-4cd0-b567-8ceec4d0c9ef,0.7336,CRITICAL,Treatment
ea31e722-672d-4ed2-a036-c4ca944feae6,0.7198,CRITICAL,Treatment
36da9cb2-8fed-404e-b6c9-eb2a49edb859,0.7198,CRITICAL,Treatment
34559d14-3050-4fb8-8dfa-71d63a8bf27f,0.7198,CRITICAL,Treatment
e9be43d4-8146-4f1c-b5a4-2f41db9e3e9b,0.7336,CRITICAL,Treatment
cb6469cd-11e0-4209-b6ab-2f93752ad857,0.7143,CRITICAL,Treatment
06f26344-a45c-4cd6-b96c-7c815dbd55f7,0.7336,CRITICAL,Treatment
b8eb7cf5-29e6-430b-9adf-86670ef7a4c7,0.7198,CRITICAL,Treatment
71110ace-24a3-4936-9acd-5318074fba69,0.7336,CRITICAL,Treatment
5aa61187-26ac-4eab-be8b-70ee1112306a,0.7336,CRITICAL,Treatment
848fa2ea-55d6-429b-860c-e3185bb66b2f,0.7336,CRITICAL,Treatment
36124c58-4adc-4ad7-b3c2-472c21e9d92e,0.7336,CRITICAL,Treatment
4596a8ec-74f8-4437-a855-8bcfa4634c53,0.7336,CRITICAL,Treatment
096309fc-ef6c-40c4-9ecf-57a3e44ad2ba,0.7143,CRITICAL,Treatment
eb33e19f-0e26-47fa-9206-5fc7fbb9175b,0.7336,CRITICAL,Treatment
b8805291-8cde-4f68-bad0-505324a7fd90,0.7336,CRITICAL,Treatment
8155b886-8114-475a-897d-e9dcb372d473,0.7198,CRITICAL,Treatment
25c6f8a2-04ac-4c52-9464-f51bb56fc650,0.7336,CRITICAL,Treatment
d1f20050-bee8-4f2a-9296-4ae8ef3d4e99,0.7336,CRITICAL,Treatment
43b26a73-e61c-4ad8-b4b1-a4889b011f00,0.7198,CRITICAL,Treatment
a493a244-9f25-4fdd-a892-87fa36316c24,0.7336,CRITICAL,Treatment
85f497c2-767c-417f-92a5-c77586f096e2,0.7336,CRITICAL,Treatment
09304c66-038b-4c7d-8d3a-d2bd2f01a9f0,0.7042,CRITICAL,Treatment
5c424329-0be2-4f06-93f5-769bd2f486f7,0.7336,CRITICAL,Treatment
56f9e910-2ae4-4308-a004-3a51cb43eb1f,0.7198,CRITICAL,Treatment
efe874fa-dd07-4a96-9a59-0e3299ea2815,0.7198,CRITICAL,Treatment
5d7d1a13-6cbd-4f44-8592-8edbb446e470,0.7336,CRITICAL,Treatment
d1534ff9-6cc7-49f4-a2ad-bd3d235d7869,0.7198,CRITICAL,Treatment
46bf969f-f429-4d7f-8f4e-654e8eac5c05,0.7336,CRITICAL,Treatment
81185f2d-412f-4d7b-b6dd-7c92a2c846ec,0.7336,CRITICAL,Treatment
2029e0a1-926c-44db-b2c5-df2496c4889a,0.7198,CRITICAL,Treatment
2e356de0-6f14-40a1-b712-4ca24547c6cd,0.7042,CRITICAL,Treatment
5cb35c7a-48e0-45bb-8b1c-2d517611e478,0.7198,CRITICAL,Treatment
c26414ce-3d25-4e3a-b5de-9d3680e0739e,0.7198,CRITICAL,Treatment
1f761d7f-3d3b-4784-8cdc-563c2581b020,0.7198,CRITICAL,Treatment
e7066b0a-0700-491c-8058-9bd96d831ab4,0.7336,CRITICAL,Treatment
4b8599db-1708-4b99-b717-7dea706a4674,0.7336,CRITICAL,Treatment
7a4c6b0e-fe0e-4746-b77a-efc0b39bfaf4,0.7336,CRITICAL,Treatment
ed4b2064-941e-4ec8-afe8-3fc26944b7a6,0.7336,CRITICAL,Treatment
08cffd65-6839-4e09-ad93-685247846a74,0.7336,CRITICAL,Treatment
31bbd910-f1e2-45fa-ae4f-33cd29889758,0.7336,CRITICAL,Treatment
00c923db-13e2-489e-a3b2-6a35b5bb43f7,0.7198,CRITICAL,Treatment
7204c070-a36e-4a12-994e-c123b611fe06,0.7198,CRITICAL,Treatment
43caac96-c4f7-4a11-bef0-646b4e084cba,0.7336,CRITICAL,Treatment
af6b061f-857f-43c1-9a6b-a14e3b01237b,0.7336,CRITICAL,Treatment
6a70510f-3750-483b-bc1a-6efc34100379,0.7336,CRITICAL,Treatment
70cfcb1b-88ba-4664-a035-d3cb00cade68,0.7336,CRITICAL,Treatment
6792588d-cde7-4308-88cc-fb1acb103b35,0.7336,CRITICAL,Treatment
0040e638-4265-4d3d-9bbc-f93bc36f1336,0.7198,CRITICAL,Treatment
6e86ab28-061a-41bd-96bd-ed318143f427,0.7198,CRITICAL,Treatment
389133f6-b2da-4fa7-960a-63bd18a12a77,0.7198,CRITICAL,Treatment
4dc83ea4-b9c8-4639-ba91-1a3a471b5c91,0.7336,CRITICAL,Treatment
0cef552e-8462-439a-849a-73a23ea9b3de,0.7336,CRITICAL,Treatment
e6acb467-bbd3-4ebc-9bc1-b59a6d293288,0.7198,CRITICAL,Treatment
ff5eb4d6-3cb6-48f0-90ad-41f613b10ab7,0.7198,CRITICAL,Treatment
55d4a08d-5c5b-4558-a4dd-8a0edc6175fd,0.7336,CRITICAL,Treatment
1f5a2cc7-a5d2-41bc-923b-bbed10aae701,0.7336,CRITICAL,Treatment
b0cabe4e-98b1-4f2f-afe3-34c68aed15b3,0.7336,CRITICAL,Treatment
d263b829-fa32-4ffb-b8aa-974910fbfb96,0.7336,CRITICAL,Treatment
6a7b3b51-ec12-4c0e-96f5-e7bb324d85db,0.7336,CRITICAL,Treatment
64c7761a-3682-496a-8497-2909a45628ff,0.7336,CRITICAL,Treatment
91836c65-a5d0-40c8-96a7-e3fa30a1096e,0.7336,CRITICAL,Treatment
0e806caf-1739-4d85-b868-1752aa54aa07,0.7336,CRITICAL,Treatment
7d4a26a5-ab54-4b9f-83f8-d14953a69431,0.7336,CRITICAL,Treatment
82230d66-5793-48b3-ab03-84ccf95608b0,0.7336,CRITICAL,Treatment
8063e3f2-911f-4674-a30f-5cce8d062fd8,0.7336,CRITICAL,Treatment
47f40a19-a111-489a-9f9c-1d7d108f50db,0.7336,CRITICAL,Treatment
e61dba29-59a6-4fb5-8289-3be3dda45d60,0.7336,CRITICAL,Treatment
d6491552-7e0e-426a-a2a5-eb6c2f892c21,0.7143,CRITICAL,Treatment
14ab7ab9-bffa-490b-853a-82c15f2d039a,0.7336,CRITICAL,Treatment
46c338b1-f086-4c51-9e95-192848692745,0.7336,CRITICAL,Treatment
1799e236-3fce-4e1f-b77a-6278c86e40b6,0.7198,CRITICAL,Treatment
f3a4fceb-f75d-4614-99b5-c0bb70bf710b,0.7336,CRITICAL,Treatment
1ffbf59e-8a4d-46a9-8e71-5dee805929ec,0.7336,CRITICAL,Treatment
60909ee3-b3d5-4a49-be88-46e9b22269a3,0.7336,CRITICAL,Treatment
28a37f92-4c1b-4a12-8289-1351cec574a5,0.7336,CRITICAL,Treatment
d6a1a37c-41a3-4ad3-83ca-7bb6a7c9f731,0.7336,CRITICAL,Treatment
8e22fe1d-3a9b-4749-8b6e-8f0faa0ce6a3,0.7198,CRITICAL,Treatment
8140de5c-7efe-463a-aa33-1e72ef60429d,0.7336,CRITICAL,Treatment
facc78b1-9c2a-4f81-910d-21f4c0e24afc,0.7336,CRITICAL,Treatment
d81b1841-7793-4bc4-9323-c1394aa4da53,0.7198,CRITICAL,Treatment
cac262c9-6c87-4b26-a954-14eac9f6dfe9,0.7336,CRITICAL,Treatment
9342387c-b533-4bf8-8f4c-a249db73fe42,0.7198,CRITICAL,Treatment
8287a375-7408-4c9b-844e-6c7d58782e1a,0.7198,CRITICAL,Treatment
d4a4b9b0-e410-42b6-921d-db8e1eda95ea,0.7198,CRITICAL,Treatment
88b7ca5b-7109-4dff-99d8-670a121cd509,0.7198,CRITICAL,Treatment
2c5baba4-9ba6-4b5e-bdfd-95a7b270c9cd,0.7198,CRITICAL,Treatment
bd05e266-6b69-4a05-ba89-34854c004232,0.7198,CRITICAL,Treatment
4764e111-ca17-4760-ae38-edaff1aa0098,0.7198,CRITICAL,Treatment
7503e425-7481-4907-96f2-03da973086b0,0.7336,CRITICAL,Treatment
1b365d2b-02b3-4ec1-8681-0acb7ebe31ea,0.7336,CRITICAL,Treatment
0d7fe6f5-5f6f-4c33-9f75-3e50fe324c78,0.7336,CRITICAL,Treatment
3268a7a1-2812-4f64-a22f-b78f0e9402be,0.7198,CRITICAL,Treatment
29ee97ab-d723-47d0-b037-68e60dfdf52a,0.7198,CRITICAL,Treatment
8eaebecd-d332-4169-a68a-4e348b8c93c5,0.7336,CRITICAL,Treatment
c087e326-a5c3-4cd1-aac1-26776cea4ec1,0.7198,CRITICAL,Treatment
2333dc14-8927-4b89-96b8-dd67c933441a,0.7143,CRITICAL,Treatment
03a4d8c9-9357-49b2-80aa-9c4e697b9343,0.7188,CRITICAL,Treatment
58ede76a-14aa-4c97-a380-c556fb79f019,0.7198,CRITICAL,Treatment
3213ba20-187a-478f-a53c-e7efc7ed1641,0.7336,CRITICAL,Treatment
07618107-6ab9-4d0e-af99-35dcbd5d5987,0.7188,CRITICAL,Treatment
cf5cf696-3138-4426-8d70-9c073c9f4d07,0.7198,CRITICAL,Treatment
6e6a6605-dbdf-4f61-ab1b-53ec66fadfbc,0.7198,CRITICAL,Treatment
30661a9b-c23c-4c6a-9749-8198c8210038,0.7198,CRITICAL,Treatment
23c0cfd6-97ec-4447-bf98-7546098a758c,0.7129,CRITICAL,Treatment
6d96a5b3-28ed-47b0-8663-7acad1cc013b,0.7336,CRITICAL,Treatment
40f2f97e-9822-4dfe-8fc0-18d40548ea54,0.7336,CRITICAL,Treatment
8bfd2e5f-74b0-4cfb-9e83-e2f3c4b8fd85,0.7198,CRITICAL,Treatment
abce5cb6-d872-4a6c-b92f-18bad13637c9,0.7198,CRITICAL,Treatment
fb53d14d-d140-4f4d-8562-e5a7e768f9f7,0.7143,CRITICAL,Treatment
7d160a6c-d62c-4487-a324-467f65137be6,0.7268,CRITICAL,Treatment
b07878f8-ef55-4f82-ad04-f14781983e51,0.7198,CRITICAL,Treatment
1f5b2163-90c2-42ff-9b8f-b548a1abf455,0.7336,CRITICAL,Treatment
f20faa40-6387-425b-b367-8f4fce047929,0.7336,CRITICAL,Treatment
d2d16a98-1b85-4df3-9c55-6ccfa58b2860,0.7336,CRITICAL,Treatment
0d3bd973-7477-4066-853a-cfbe958a5140,0.7336,CRITICAL,Treatment
48057883-9e87-4c1e-9ca4-00942d101947,0.7198,CRITICAL,Treatment
03a8a31a-40b3-4f0a-80f5-169d295fe902,0.7336,CRITICAL,Treatment
84218466-27a0-421f-bafd-983cc24ae8c9,0.7336,CRITICAL,Treatment
16db56d7-212b-4a6f-a89f-cc2327e96f7e,0.7198,CRITICAL,Treatment
22f6d6fe-5972-4a9d-b04e-75ae71dd8dec,0.7336,CRITICAL,Treatment
87159571-5e12-46a5-bc22-80f1d989bc93,0.7336,CRITICAL,Treatment
31e0b697-bab6-4bb5-b22e-6b0b9650e6a0,0.7336,CRITICAL,Treatment
116cb184-afaf-4a5e-8266-8ba4a84ccbb6,0.7198,CRITICAL,Treatment
390e1a09-eeb0-42b5-908a-c9ef9cde40a0,0.7336,CRITICAL,Treatment
1519a55d-1450-4394-b05c-d660d259767b,0.7198,CRITICAL,Treatment
74e8c0c6-3d30-4013-9892-9eb09f3767c3,0.7198,CRITICAL,Treatment
d60e11c3-3b27-4444-a7ec-3bc936b8119c,0.7336,CRITICAL,Treatment
767234bb-4b60-4cdb-a67a-cf5848088377,0.7198,CRITICAL,Treatment
6a10d6ed-494f-43a3-ab2d-716621bce008,0.7336,CRITICAL,Treatment
52f93ec2-5945-421c-906a-52a4b43615de,0.7336,CRITICAL,Treatment
8a3940cb-3966-4034-8482-9178fd90284e,0.7198,CRITICAL,Treatment
c79e7da0-adda-453b-a74c-46b5eafa1f83,0.7198,CRITICAL,Treatment
e2ae381f-2829-4c4b-beae-0f26405a3230,0.7198,CRITICAL,Treatment
aee9ed5a-b2f8-4f53-83e7-291af2690a70,0.7336,CRITICAL,Treatment
e87a717a-ddf6-4c57-860e-eeffa7b753c3,0.7198,CRITICAL,Treatment
e2b31052-9d80-4170-81d9-724a21fe2c28,0.7198,CRITICAL,Treatment
3890f217-7d16-4650-bfe7-faea10bb7be5,0.7336,CRITICAL,Treatment
16fea57d-2f12-4b7b-aa87-b5d8472c3f8a,0.7042,CRITICAL,Treatment
4e632b91-e973-4791-8086-3b1c75904c26,0.7143,CRITICAL,Treatment
4ddb8765-6adc-4a95-8d74-4f3918fcf6c2,0.7198,CRITICAL,Treatment
26246f0e-5da0-4e7a-9199-6adbf9291d22,0.7336,CRITICAL,Treatment
dd59b453-e43c-4cac-9280-392f550f3914,0.7198,CRITICAL,Treatment
9e8cf0db-4d2c-4bec-bb80-5fa95f9e419f,0.7336,CRITICAL,Treatment
6b90cd6b-33b3-4705-bbeb-4fb1cd56b16c,0.7336,CRITICAL,Treatment
dc53d7c8-ce42-4488-bf57-d6f5c44fc98e,0.7336,CRITICAL,Treatment
44fa4f59-212f-444c-ba4d-aeb3cf802ad2,0.7336,CRITICAL,Treatment
7cc94282-7912-4a02-8225-8a6eba7d76dd,0.7198,CRITICAL,Treatment
a49ac8c3-8424-4209-9c6e-4c47cc69cd05,0.7336,CRITICAL,Treatment
86003edc-503d-41f3-bcba-de5fc1acd98b,0.7336,CRITICAL,Treatment
3736ce6c-4bd6-4e43-a11f-d8ae2a2eadaf,0.7198,CRITICAL,Treatment
4727dbde-9063-4901-be1c-45c167502cdc,0.7336,CRITICAL,Treatment
24e4c8e5-bd1a-448e-9c12-38269dea0a3e,0.7336,CRITICAL,Treatment
3c67b0e3-d0dd-41d7-ad5b-564ff389c047,0.7336,CRITICAL,Treatment
414a311b-c1f2-44b3-9367-de2b2fe92d85,0.7336,CRITICAL,Treatment
7f75f2e8-45e7-4599-bbf6-028eb2a0431e,0.7198,CRITICAL,Treatment
e8b5cddd-559c-4e83-aaa2-c79ac46e2d5a,0.7198,CRITICAL,Treatment
2b6a1666-3eea-4d28-bb45-25b19584e0a0,0.7143,CRITICAL,Treatment
bed255e0-a247-4047-aee9-4f47641a88f0,0.7198,CRITICAL,Treatment
2dae7d38-ea16-4211-92ba-838277ef4b12,0.7336,CRITICAL,Treatment
12b5bee2-4ad4-4c00-81ba-e7074e8a352a,0.7198,CRITICAL,Treatment
e551d4af-d56e-4d62-b7b7-7a838eb0519e,0.7336,CRITICAL,Treatment
cba1a46e-31f0-4326-aeb5-d4fcc30882c9,0.7198,CRITICAL,Treatment
5f8c1b1b-8bb4-4d70-b407-1144215d2bdb,0.7336,CRITICAL,Treatment
8f088611-7f13-4c4f-91be-3080a38e8618,0.7336,CRITICAL,Treatment
00ea8f33-cd14-4719-a0e6-637feda68d2b,0.7198,CRITICAL,Treatment
9e915535-45e5-46c2-bb11-9dc52823bc5b,0.7336,CRITICAL,Treatment
84655e80-9f00-49ef-8a14-efd7044a9d6a,0.7198,CRITICAL,Treatment
eda9a721-adce-4738-9f03-b3bf48076838,0.7198,CRITICAL,Treatment
f238b377-d914-4f74-ae51-aa8993cd25dc,0.7198,CRITICAL,Treatment
dfa2db86-81db-4665-b30d-835382f3562e,0.7198,CRITICAL,Treatment
ed2d8611-a05e-41b3-aedb-b3d83bcc6cc6,0.7336,CRITICAL,Treatment
24330676-e350-4aa8-8e1d-3b3bfb3bfd26,0.7336,CRITICAL,Treatment
1f503f0f-0aff-4d5e-bf77-94bd4bad9334,0.7336,CRITICAL,Treatment
dd469828-22cd-44ba-b536-9e32606b889e,0.7336,CRITICAL,Treatment
afa3d029-86d5-405a-9e4b-aee1642dec1b,0.7336,CRITICAL,Treatment
5a56163e-fd3c-4396-8aac-2ffe64c787b3,0.7198,CRITICAL,Treatment
fe8d0279-0718-4928-ba78-55b07ce8b80c,0.7336,CRITICAL,Treatment
efb85579-f083-4084-9055-f1d42df477c9,0.7198,CRITICAL,Treatment
f142ae4c-9bbd-41a6-9840-9cb46fa04d9f,0.7198,CRITICAL,Treatment
98cada6b-ee15-4d51-9e32-1e44feb9aa91,0.7188,CRITICAL,Treatment
332f4e8c-6f5e-4f71-a9bd-d59281c1e01c,0.7336,CRITICAL,Treatment
b7ecfbd8-986f-44b9-8e06-257dc524f24e,0.7198,CRITICAL,Treatment
0bd7665c-ff37-4993-bb6d-527751bbe2ff,0.7198,CRITICAL,Treatment
80978016-971b-4fc5-b061-49c95f13b5cf,0.7336,CRITICAL,Treatment
58b41089-0228-4781-8b2a-2a7aa0ff0d9a,0.7099,CRITICAL,Treatment
29fcf8b8-fb7d-48f4-808d-6ff24169723d,0.7336,CRITICAL,Treatment
e0930325-cb8c-4831-8a31-b1dadfea814c,0.7336,CRITICAL,Treatment
105b64bd-d11c-4dfd-9686-1d086056750f,0.7198,CRITICAL,Treatment
e4b546d9-ebf1-427b-bd7b-d1b77942808a,0.7336,CRITICAL,Treatment
25d39037-b04b-4369-ad15-9de5da9399e8,0.7336,CRITICAL,Treatment
68c42a17-b6fc-4524-b05c-2cba5bd4d0f1,0.7198,CRITICAL,Treatment
cfaff01c-e1b7-4c82-8706-a46abfbb1665,0.7198,CRITICAL,Treatment
93e80dbb-b5cf-4aaa-8ff4-46692a335609,0.7198,CRITICAL,Treatment
c0070015-e1b8-4769-8625-a73eeeac723c,0.7336,CRITICAL,Treatment
c844ea60-164d-408a-86dd-4d66f0c0c489,0.7198,CRITICAL,Treatment
f7b37627-4e35-4a8a-ad82-6a460fe135f0,0.7198,CRITICAL,Treatment
49a37551-fc75-4d25-a412-c71427e2a8c7,0.7188,CRITICAL,Treatment
beb8f9ab-386a-465a-866c-927f9762d323,0.7336,CRITICAL,Treatment
f0e17ba4-bcc7-49bb-9a9f-b2b1161c520f,0.7336,CRITICAL,Treatment
1aafa63e-8fa5-4cd8-87b4-5798fd47073d,0.7198,CRITICAL,Treatment
2d04bf79-a7d7-447d-ba6e-f9ad615fe819,0.7143,CRITICAL,Treatment
64012a16-aed8-4e8a-a908-414a7fa9a9d4,0.7198,CRITICAL,Treatment
7ee50017-14ea-4700-a437-078d2bf822e2,0.7336,CRITICAL,Treatment
5abd97a5-e71f-4d04-8f0e-0d67b0671ce2,0.7188,CRITICAL,Treatment
689ca23f-c79d-4da4-8d92-a2604550775d,0.7336,CRITICAL,Treatment
c1e1f1da-eae1-4d95-8acc-95cdf97c4aaa,0.7198,CRITICAL,Treatment
41c2d11d-30ca-4315-af81-e9c3a2929666,0.7336,CRITICAL,Treatment
244264c0-083d-48d6-8ede-61d2c4fed08e,0.7042,CRITICAL,Treatment
5d6728d2-4f64-4b2e-a2b0-97d19482ed57,0.7198,CRITICAL,Treatment
16265c63-8739-4074-a6e1-242df573addc,0.7198,CRITICAL,Treatment
a1077211-02ee-46c4-b612-b4a48c134db7,0.7336,CRITICAL,Treatment
2c4885c8-fdee-4353-8a27-105d9eebdb01,0.7336,CRITICAL,Treatment
e41e8904-5532-4d6d-a42f-69cc5bf57737,0.7198,CRITICAL,Treatment
4b4229a2-498a-453a-ad24-65c97dff00d2,0.7336,CRITICAL,Treatment
1bf61c25-924b-4caa-b7a6-c52142140c55,0.7198,CRITICAL,Treatment
52c10ace-504d-4133-a9e6-1a26a8d4164f,0.7336,CRITICAL,Treatment
6a5d8bb1-6037-4f5c-8f38-a0a3dfba72d8,0.7336,CRITICAL,Treatment
64265eaf-94a2-4ac5-ad39-2dd44e1b1192,0.7198,CRITICAL,Treatment
5bb33d86-06eb-46d8-b302-bb5fdc33688c,0.7198,CRITICAL,Treatment
c147bd16-0640-4a87-9769-439cb3fb6b08,0.7198,CRITICAL,Treatment
499fd555-f20b-440e-ab9b-7f07893840b4,0.7198,CRITICAL,Treatment
60466f49-38fd-47ab-aa3f-97302c15b23a,0.7336,CRITICAL,Treatment
d54ed29a-4c06-4d4a-8499-9d482651547a,0.7336,CRITICAL,Treatment
7ff5c754-cbda-4aff-ace0-f94c58c568a8,0.7143,CRITICAL,Treatment
af378301-74c1-45ba-913f-c68faaa82977,0.7198,CRITICAL,Treatment
b3731b54-19ce-4023-967d-ad2288ef1bd4,0.7336,CRITICAL,Treatment
7559c12e-aaa0-4c3f-8a52-3ae1de7e36cd,0.7336,CRITICAL,Treatment
b8abe184-6386-46fa-9310-9c500e3a975f,0.7336,CRITICAL,Treatment
0e30d157-466f-4f77-ad53-3bf72a361942,0.7336,CRITICAL,Treatment
1fdfe670-9666-40de-aeaa-a123319a67f3,0.7198,CRITICAL,Treatment
3fbfbe48-ebba-427e-bae2-f10899046bd6,0.7336,CRITICAL,Treatment
7d5579ad-d9ce-4b13-888d-0a8347a23ac6,0.7336,CRITICAL,Treatment
74f01777-9bcb-4a8b-b6f6-9c874f7952c9,0.7198,CRITICAL,Treatment
5d5be974-9fe1-4a30-8af5-ad21e3cd2e20,0.7336,CRITICAL,Treatment
4241cf31-98ce-4abc-8ced-22804a97458a,0.7198,CRITICAL,Treatment
e1eee78b-5019-4f54-a366-667435948265,0.7336,CRITICAL,Treatment
188e2a53-b9d0-4098-9acc-d2764cfd732c,0.7198,CRITICAL,Treatment
9a806f8b-954e-433c-b5c9-ac0e72fa5e99,0.7198,CRITICAL,Treatment
d9350c96-3256-434b-8101-8a09dd5de923,0.7336,CRITICAL,Treatment
47ae97c7-417f-4d58-85c8-55a8c36828ed,0.7198,CRITICAL,Treatment
f104bf42-d578-4e52-b3f9-549e035356e0,0.7336,CRITICAL,Treatment
ca957b39-f5a8-416c-943f-216eef0d662e,0.7336,CRITICAL,Treatment
94fbbaad-c252-4fe9-864f-08729da2614a,0.7198,CRITICAL,Treatment
02f90d50-05a5-42e6-9ca8-1252b86d4b23,0.7336,CRITICAL,Treatment
58bc73ec-9ff9-421c-a5c3-19da9849e422,0.7198,CRITICAL,Treatment
5cb1429e-a7d8-47d2-b087-187fe4237778,0.7336,CRITICAL,Treatment
76c5bb0c-fbc7-4192-8f00-77926f078bcf,0.7336,CRITICAL,Treatment
381efa8a-3409-44b2-8560-e5f202340021,0.7336,CRITICAL,Treatment
e77533da-3649-44c3-9063-52b32e6bf67c,0.7336,CRITICAL,Treatment
32ea8e1d-be32-4489-a9d6-892ef007ed5b,0.7198,CRITICAL,Treatment
110afa6c-91a7-4144-84c0-b4758b825892,0.7198,CRITICAL,Treatment
a9b80118-94be-49b4-b24b-f76b76bba3e8,0.7336,CRITICAL,Treatment
8b972294-8d39-4f1c-a17d-a1f46fe08dbc,0.7198,CRITICAL,Treatment
6fe3d650-120e-4952-8cdd-f15df002dbd4,0.7143,CRITICAL,Treatment
69350789-0c71-499b-a8ad-950185b3c333,0.7336,CRITICAL,Treatment
65427c48-74d4-42a7-a8ea-2e8def23cda0,0.7143,CRITICAL,Treatment
ef3380ae-a04f-4372-ab8d-c6f2be266720,0.7336,CRITICAL,Treatment
a4cc0efe-a3be-4664-8530-bc367bb4485e,0.7336,CRITICAL,Treatment
aade375d-10cc-44fc-b3f7-49f68f3e16a6,0.7198,CRITICAL,Treatment
d0c72002-c6de-4b53-804b-b43f29f7902f,0.7198,CRITICAL,Treatment
ed3f8a71-ba84-4983-b1e6-b309c481a573,0.7336,CRITICAL,Treatment
114ec03e-7461-49c8-a6c7-2a4b5ad2ee48,0.7336,CRITICAL,Treatment
56c4a0be-85af-47b6-8c58-aa81621a0580,0.7198,CRITICAL,Treatment
4f159a0a-65e0-42f1-91db-4bf0f67eecd2,0.7198,CRITICAL,Treatment
0dcda7ba-196b-4fba-9b3e-eba1d3bbfca2,0.7143,CRITICAL,Treatment
3bf1c59c-1af7-49d3-8aaa-616c8e8c35ec,0.7198,CRITICAL,Treatment
801a3e1d-9256-423c-ad76-83bc220c0905,0.7198,CRITICAL,Treatment
9a6a276a-53e6-4e7b-bd2b-f1ca20776cb6,0.7198,CRITICAL,Treatment
1dc6416e-7d53-4445-aa6c-0afa61cf13d9,0.7198,CRITICAL,Treatment
673f858c-09ec-40a1-9fd5-08bb45fc9c60,0.7336,CRITICAL,Treatment
552be0dd-05df-4cba-8422-9aa6feec0630,0.7198,CRITICAL,Treatment
189b7a7a-8287-4555-8258-19f73f4ace32,0.7336,CRITICAL,Treatment
b7bd0289-4a62-4227-bbfd-1a26f3e0a0ff,0.7198,CRITICAL,Treatment
00261e7f-cab8-4fed-93b4-3e0e674992f1,0.7198,CRITICAL,Treatment
6635cc3d-2275-451c-8d34-f0e200be7115,0.7336,CRITICAL,Treatment
4a8e5718-e057-431a-bbf9-fd25fa4c5a42,0.7198,CRITICAL,Treatment
f3f12edf-0ae8-4301-b8c3-92089073bd10,0.7336,CRITICAL,Treatment
ecd0a132-2856-4935-820e-ed92d35ea7d7,0.7336,CRITICAL,Treatment
3b69def1-04f1-4b18-82d9-d3f74dd46c47,0.7198,CRITICAL,Treatment
53d41cbf-148b-4f94-aada-e438f9aebbc6,0.7198,CRITICAL,Treatment
6b584052-e3ed-4f0d-af74-aedb2603475c,0.7143,CRITICAL,Treatment
9b33b8a1-13b3-4ace-ab44-0358aaf46462,0.7336,CRITICAL,Treatment
34a0beff-e5f1-48cb-b96d-9535bf0c4cd5,0.7198,CRITICAL,Treatment
14a0ce51-c8ab-440d-826e-59599f2aba2b,0.7336,CRITICAL,Treatment
c021dd4d-51fe-4936-8d82-952227a18730,0.7336,CRITICAL,Treatment
6e6d7b3c-9924-4660-8609-ed1165b3a05d,0.7198,CRITICAL,Treatment
edfdec9f-a3de-423a-869b-ed3812653ee3,0.7336,CRITICAL,Treatment
dd1350e5-69f0-45e4-b6b4-772ae4e0013d,0.7336,CRITICAL,Treatment
8f586e29-b477-4a78-986d-c4511ef42403,0.7336,CRITICAL,Treatment
db315171-4e96-4ff2-9695-af1a55248ad0,0.7336,CRITICAL,Treatment
25311887-8367-4462-8fd1-badce5f57e93,0.7336,CRITICAL,Treatment
2a625d67-a4a0-4bc7-b34e-4345ac156d74,0.7198,CRITICAL,Treatment
94d147a1-c621-4bdf-a4ad-64268f49e73e,0.7198,CRITICAL,Treatment
f056c40e-dc68-442b-9ba6-582d1ae7d1ae,0.7198,CRITICAL,Treatment
3715dede-f534-4314-a26e-db5c2341264a,0.7198,CRITICAL,Treatment
4bfc0b49-a291-41a3-8af1-2f5d5aad8b11,0.7336,CRITICAL,Treatment
2b35a4b2-40eb-4c5e-b716-57267e98224d,0.7143,CRITICAL,Treatment
b09f6b2e-b346-4e9b-a224-931657a738ae,0.7198,CRITICAL,Treatment
1e5f677e-20af-45a8-bd2f-9a612cdfda81,0.7336,CRITICAL,Treatment
ea6d8f0a-a87f-4e46-a050-0accb8663367,0.7336,CRITICAL,Treatment
d608495c-9d48-41da-9449-974a37d4865c,0.7198,CRITICAL,Treatment
fb2cf468-7af3-49a9-ad2c-4f558c39a04e,0.7198,CRITICAL,Treatment
16af5e77-809d-40d1-9b59-7c3c518f539f,0.7336,CRITICAL,Treatment
4b448f4a-0fc3-400a-b937-1eaf719730cb,0.7198,CRITICAL,Treatment
9018fe3b-b8b4-4fb6-95b8-0ae73179e1a0,0.7198,CRITICAL,Treatment
d21b12a0-b82b-4ba7-8f8f-dace5392dee1,0.7336,CRITICAL,Treatment
047b62b8-a4f1-4966-bcf5-c31d6b9cb548,0.7336,CRITICAL,Treatment
07c1fca4-7942-4d4a-95a4-db92d6b466e8,0.7198,CRITICAL,Treatment
9fabb198-b85b-4243-b446-84502485519e,0.7336,CRITICAL,Treatment
30f3d025-fcf8-4f79-9c62-8c2cbb487282,0.7042,CRITICAL,Treatment
0a43ad0f-933e-4fa0-a26a-b879fc51d2fa,0.7336,CRITICAL,Treatment
64490956-a642-4960-80fb-04d4b6eff619,0.7198,CRITICAL,Treatment
57f90a09-922c-4601-bcf3-d06d592ac5ca,0.7042,CRITICAL,Treatment
b53d0ed0-7375-4ab2-b80e-5319579b6f6d,0.7198,CRITICAL,Treatment
153a8938-b8af-415d-8cdc-b0cfdea75a35,0.7336,CRITICAL,Treatment
7e82a382-9cd3-43be-b701-e0089b37b4b3,0.7336,CRITICAL,Treatment
f98fa169-da01-45b4-8936-0a5afde1ac58,0.7336,CRITICAL,Treatment
aa6598d8-3b1c-43a4-96e1-ddc2b72191c0,0.7336,CRITICAL,Treatment
7b7d955d-7aef-4bea-98a7-b94188aff329,0.7336,CRITICAL,Treatment
077e132c-5471-45fb-9660-5bac5e86f6f4,0.7336,CRITICAL,Treatment
e0debb81-1b3b-4912-995e-3b36e5490096,0.7336,CRITICAL,Treatment
d1e85e68-d1c8-4ed2-90d2-5360a45e7c07,0.7336,CRITICAL,Treatment
ef061b34-a892-4bba-8d05-d5e808a9b39f,0.7336,CRITICAL,Treatment
83b47c17-d28c-4417-95b3-2122386efefe,0.7198,CRITICAL,Treatment
75095d1c-3695-4857-bec2-06916bbdf979,0.7336,CRITICAL,Treatment
0ef99493-5bfc-4576-b70b-e0b5604e107d,0.7198,CRITICAL,Treatment
70c31314-8692-4933-a753-4eca8cffec40,0.7198,CRITICAL,Treatment
934eefe4-b9d1-46dd-b133-d4395bcebf56,0.7336,CRITICAL,Treatment
6f5a8df2-2157-4bdb-96ff-39f0fddbf89c,0.7336,CRITICAL,Treatment
39916a14-7535-4e6f-9e8e-0662aeda96ea,0.7336,CRITICAL,Treatment
dd636606-9f60-49cc-89b4-c9b92cbed0b6,0.7139,CRITICAL,Treatment
3dcbb160-e33e-4006-84cd-e58bbcd8f69f,0.7198,CRITICAL,Treatment
f6c32ec6-8d16-4e83-b501-941eb2f911f9,0.7042,CRITICAL,Treatment
a3b30ea3-aa54-48e4-9d7c-34613037ea97,0.7336,CRITICAL,Treatment
f9349290-ad71-4776-9d0f-574ab4f5e569,0.7198,CRITICAL,Treatment
02dc93a6-b381-4e86-865f-662d83f92e7f,0.7336,CRITICAL,Treatment
8463f8b7-e04e-45d9-83c9-4b700a9045a7,0.7336,CRITICAL,Treatment
e3389cfe-57cb-4abf-9ead-fbd5a2dd2218,0.7336,CRITICAL,Treatment
c8f85385-adfb-4704-b37d-4901fda82fbf,0.7336,CRITICAL,Treatment
816ddacd-73cc-4a44-9485-814878bf95fb,0.7336,CRITICAL,Treatment
586594a5-3247-401d-baaf-84b2299ac998,0.7336,CRITICAL,Treatment
4a10abbb-4107-488a-b651-661ad570e8a2,0.7143,CRITICAL,Treatment
8f37ba08-970a-484d-a49c-8d0d276b63ff,0.7336,CRITICAL,Treatment
c233c433-d0f0-4481-8bfe-fc2ac7655d64,0.7188,CRITICAL,Treatment
79b7ed72-e1d6-47eb-bf6c-1b82d83816a7,0.7336,CRITICAL,Treatment
0077dc44-5593-4fd7-9c27-e8a3d768ce8c,0.7198,CRITICAL,Treatment
82210ff0-13b0-46c4-804a-7a8ef6a6a6d1,0.7143,CRITICAL,Treatment
5f4c27d2-e26c-447e-bdef-0fe6ffacfb37,0.7143,CRITICAL,Treatment
251431d1-b467-4d92-b9b3-cc44a48f0c2e,0.7198,CRITICAL,Treatment
4e8a323d-133a-47c9-8e16-f8d3c3a73efc,0.7198,CRITICAL,Treatment
54c6f272-9495-44da-a85f-50fc65e67b75,0.7336,CRITICAL,Treatment
4dbeabe1-7043-4062-ba4b-4af078c7fc34,0.7336,CRITICAL,Treatment
2162bfe9-40e8-4ab6-8a5f-9096467b489d,0.7336,CRITICAL,Treatment
06404f10-762a-49b4-a8bc-1dd77ee7160e,0.7336,CRITICAL,Treatment
789db2f3-bbf8-4e90-8160-768c32e27247,0.7198,CRITICAL,Treatment
76aa9954-8181-43dc-a7ac-08938f3e8c2b,0.7336,CRITICAL,Treatment
4de329f6-92e5-47fd-b6f7-09da91de9a87,0.7178,CRITICAL,Treatment
2fd014f6-2732-426b-b034-d2b0b79736e5,0.7336,CRITICAL,Treatment
1bd603e8-e6fd-4252-b57a-f567b8ff1572,0.7336,CRITICAL,Treatment
baee5f2b-4c6e-44f7-a0a8-9234a3f09d0f,0.7336,CRITICAL,Treatment
d2aafb7b-4edc-4e14-ac44-ea74b60cff86,0.7168,CRITICAL,Treatment
8869462a-0daf-4465-82de-565c01b9baea,0.7198,CRITICAL,Treatment
e7f5c6dc-622f-475e-88be-a52c36b8f6c3,0.7336,CRITICAL,Treatment
12a2340d-0813-4b68-9056-876d11a5ee68,0.7198,CRITICAL,Treatment
a368754f-1b66-4519-8d2a-62d1b0a25333,0.7198,CRITICAL,Treatment
38495bad-5d17-4ffb-85a8-9a8cacb0b428,0.7336,CRITICAL,Treatment
a3d70da0-5789-41aa-a67d-86ff19a59a3c,0.7198,CRITICAL,Treatment
5d9c23da-3f10-4f96-99de-669ab3587514,0.7336,CRITICAL,Treatment
b8305fd6-f445-45f3-93bb-30db5c48bff8,0.7198,CRITICAL,Treatment
cf27e146-8b89-4d88-8038-f372c5e6dac0,0.7198,CRITICAL,Treatment
96ba3eb9-719e-46bc-80fe-237cadc51bfc,0.7198,CRITICAL,Treatment
153f5977-d394-428b-b060-51a81060ec5e,0.7336,CRITICAL,Treatment
3b27fa5b-2d64-4348-9717-2d2c62b0336a,0.7336,CRITICAL,Treatment
d30df03f-45b8-4148-8926-1458f558aad2,0.7198,CRITICAL,Treatment
30400d1b-dabf-4e8f-a599-8b285c04901e,0.7143,CRITICAL,Treatment
816a4ebb-4ab0-4115-968d-55e8171ec243,0.7143,CRITICAL,Treatment
6d105985-240c-4891-9756-b93bd4cae0f0,0.7076,CRITICAL,Treatment
0a2209ab-02b2-4e95-966b-794a4b22ff16,0.7198,CRITICAL,Treatment
87c6c0f0-b9c4-443d-89df-1b89ebba4c32,0.7143,CRITICAL,Treatment
aea4c2ea-5c34-4e6c-9601-65c03238ede2,0.7336,CRITICAL,Treatment
db174c14-ce76-4e12-862c-c69330cd87a0,0.7198,CRITICAL,Treatment
2c773abd-bb72-437a-a6d8-6081c00dc94d,0.7198,CRITICAL,Treatment
4bbb9848-3952-4aba-bac6-294d5a8695d4,0.7336,CRITICAL,Treatment
e3d098a4-4dff-437d-b716-cca6ac13dcba,0.7198,CRITICAL,Treatment
5fc7539d-7f5d-481c-8e00-ab843f0cd3ae,0.7198,CRITICAL,Treatment
08880913-cd7a-4b0a-99f7-d01243586d69,0.7336,CRITICAL,Treatment
ad1eb758-1585-4451-8e0c-2dca3c52106f,0.7336,CRITICAL,Treatment
f4a00ab0-e867-4a44-868b-11e9b385e86b,0.7336,CRITICAL,Treatment
e3a28543-edc0-4e7b-8aef-1e058770d282,0.7336,CRITICAL,Treatment
ec9d6c91-18c8-4101-ab1c-e96177cb06fd,0.7336,CRITICAL,Treatment
2c7df517-ad41-46fb-83c0-27ceff729dac,0.7198,CRITICAL,Treatment
a013c25b-5f66-4f19-b03d-4b2c69bbe63d,0.7198,CRITICAL,Treatment
570999f4-c75c-45d6-8b27-68cad88dbe4d,0.7198,CRITICAL,Treatment
320775aa-0113-4f19-8e2a-db365d6f539b,0.7336,CRITICAL,Treatment
5e7d455c-aaeb-4255-9821-dfe97ad932e9,0.7198,CRITICAL,Treatment
82b343c8-ae15-4d7e-a207-51a275cef261,0.7143,CRITICAL,Treatment
0b44ce5c-6ad8-4f4e-ab45-3a3ac43d4664,0.7336,CRITICAL,Treatment
1cf30334-2040-4670-b03a-38ba5d253e29,0.7336,CRITICAL,Treatment
3f8e6b9b-9cac-4653-94c4-edc4d95b760b,0.7198,CRITICAL,Treatment
81d4dca4-1eb1-4ee7-8719-5d59822f5a1b,0.7198,CRITICAL,Treatment
b654df1f-3106-458e-89fd-38b0c22a7b68,0.7198,CRITICAL,Treatment
e5d7d0c2-6ad4-490e-9920-80241e0e8a21,0.7336,CRITICAL,Treatment
3ea10246-465b-43b3-829d-0a6482da74d2,0.7143,CRITICAL,Treatment
d817195b-93b4-4b60-8805-829d6ea049cc,0.7198,CRITICAL,Treatment
4e65ddd0-0ee5-4dc9-89d1-76ef5ca130a9,0.7198,CRITICAL,Treatment
a2d62ac0-2b65-44ea-bea9-0f180c972c81,0.7336,CRITICAL,Treatment
349cdbab-bbfd-4357-8b1f-06bc5fc6bc65,0.7336,CRITICAL,Treatment
30c512d8-980b-4194-abfb-d69fa621c330,0.7198,CRITICAL,Treatment
3093fd07-5f35-4692-bea9-c10cd318c35b,0.7198,CRITICAL,Treatment
d0ded474-382a-4310-afb9-84c9d8286268,0.7336,CRITICAL,Treatment
598c25d3-29f4-4d42-8eda-b258d72e65d0,0.7198,CRITICAL,Treatment
22880fd9-364c-4412-b0ea-4ea95da3e72a,0.7198,CRITICAL,Treatment
b4687147-e26f-4569-b10a-133cc6b7eeba,0.7336,CRITICAL,Treatment
c0594f13-b42a-43c7-bbaf-b8d39fd89cba,0.7143,CRITICAL,Treatment
7368664a-9770-4036-a37d-350df9b21557,0.7198,CRITICAL,Treatment
c2ea328e-b497-41b5-a451-cc9cab921701,0.7198,CRITICAL,Treatment
7c61c330-6042-40ee-b169-f36625499bd8,0.7188,CRITICAL,Treatment
3d3f9566-ad74-4578-8747-447f086e81f0,0.7336,CRITICAL,Treatment
9383f989-634e-4432-a611-5d97a80fc563,0.7336,CRITICAL,Treatment
1ece3824-9b1a-4bcd-b668-f3795faebf88,0.7198,CRITICAL,Treatment
1527be46-910b-4cab-9e7c-848a02fa25a7,0.7198,CRITICAL,Treatment
bdc35a54-183b-49d1-8184-d424682acd97,0.7336,CRITICAL,Treatment
0b538cb1-220a-4c9e-997b-53663a1d5bd8,0.7198,CRITICAL,Treatment
c1007803-a429-4f35-bb9a-4b03f69e0bee,0.7336,CRITICAL,Treatment
73cffc8e-aa19-4287-a65a-aad9d51819ed,0.7198,CRITICAL,Treatment
3a22e297-2d5f-42e3-8f28-eadf77681a0f,0.7198,CRITICAL,Treatment
3a982fe4-52cc-430c-b86b-ba603bfb48b9,0.7143,CRITICAL,Treatment
3d30c445-59b8-4dea-a666-247f5d97af12,0.7336,CRITICAL,Treatment
0398ca44-e01d-4514-b93c-17f23a3efd30,0.7336,CRITICAL,Treatment
eabcfcad-2df8-4429-9e88-8356230aa94a,0.7198,CRITICAL,Treatment
2a634faf-f741-496e-8d69-62e0cd1993a8,0.7143,CRITICAL,Treatment
a5b78e0d-1c3d-4c26-b125-22ceda81c250,0.7336,CRITICAL,Treatment
0832739c-510f-4758-b1fd-b58715b457c9,0.7336,CRITICAL,Treatment
679cff9c-0695-4165-b722-275ea8e76ee3,0.7336,CRITICAL,Treatment
6e1c6048-03e9-4c17-986d-d0472898545b,0.7198,CRITICAL,Treatment
eb9e8a7f-6c52-4702-833e-5ba1688c04dd,0.7268,CRITICAL,Treatment
271cb234-5f66-4b1b-9b07-408308457f21,0.7198,CRITICAL,Treatment
cc4ef9d9-f35c-42fa-950f-32536b51390d,0.7198,CRITICAL,Treatment
e446f75b-6846-4efc-819f-568b8b64663c,0.7143,CRITICAL,Treatment
aacff75b-79aa-4b8f-91d7-e3abb8343a76,0.7336,CRITICAL,Treatment
8ceb4433-98ac-489e-9924-90c26e421777,0.7198,CRITICAL,Treatment
0771dea7-8884-4cb0-adc4-d9729f2afb69,0.7198,CRITICAL,Treatment
c5426186-eb5e-4b95-a883-ffa0cd0a0662,0.7198,CRITICAL,Treatment
fa1d4646-0c2f-42d6-bc4d-047e550adb67,0.7198,CRITICAL,Treatment
4cace211-1703-44f5-82a1-9eb7b07c8df4,0.7336,CRITICAL,Treatment
e2c28693-2148-4f9c-bd72-65e95bd5f324,0.7198,CRITICAL,Treatment
14b04c73-89af-4b56-8935-bb28ea4df332,0.7336,CRITICAL,Treatment
a41f07e0-3ee9-4d5c-bdb8-16d8525b3fef,0.7198,CRITICAL,Treatment
b4833288-7e0a-4780-b56d-8fff0b7a7cd7,0.7198,CRITICAL,Treatment
44736840-b33b-456f-8dbb-6c2e0ff45f47,0.7198,CRITICAL,Treatment
375abf36-d840-45bb-8467-5eeb06775eda,0.7198,CRITICAL,Treatment
4534c16f-d13f-4793-a34c-98efe6a954e4,0.7198,CRITICAL,Treatment
7e5d853f-9341-4163-9941-c00b279fa986,0.7198,CRITICAL,Treatment
7cdfd8ab-8450-485f-993c-13a7b7719c93,0.7336,CRITICAL,Treatment
88b06d88-2fb2-469d-86cf-763242718e81,0.7336,CRITICAL,Treatment
1feedafc-15d5-48a8-8eb7-49298153c5ac,0.7198,CRITICAL,Treatment
711fcc3e-8088-4961-bea6-3614143cb4b1,0.7336,CRITICAL,Treatment
3d85a853-c640-4467-8c22-ad87b57e13a1,0.7336,CRITICAL,Treatment
b485915c-3b81-42d0-b085-ff0d5f08fef3,0.7336,CRITICAL,Treatment
f18903e9-eb64-4a11-9596-fec56903eda4,0.7336,CRITICAL,Treatment
da021766-f1ee-4c40-aed9-b4f621d598aa,0.7198,CRITICAL,Treatment
027fac97-9122-40aa-b8f0-89e89718f6d1,0.7336,CRITICAL,Treatment
c3f8c7df-97b8-4863-9cd5-150dde949419,0.7198,CRITICAL,Treatment
20891d93-f2e4-4a81-b298-5bf39f643255,0.7198,CRITICAL,Treatment
0cd02f48-110b-4b5e-8caa-57b85e42f014,0.7198,CRITICAL,Treatment
b86c7c03-dc22-4319-aa4a-5b585d50d668,0.7198,CRITICAL,Treatment
643d2ba0-8a9f-401b-99cf-305699670a2b,0.7336,CRITICAL,Treatment
b7c942a1-d810-495a-ae4f-955eae30e33e,0.7336,CRITICAL,Treatment
0c85dd07-45b4-464c-9211-cd7167383f2b,0.7198,CRITICAL,Treatment
e63df102-a437-4d5f-9b10-2e74c5a503b8,0.7198,CRITICAL,Treatment
c2cdd779-8ef8-46d8-a7f6-ed2fb81fc1a2,0.7198,CRITICAL,Treatment
8848385d-4d5d-4fe4-9a8d-cad11a59d9cf,0.7198,CRITICAL,Treatment
c6d2fc54-b5d1-4b19-a20d-c3949f6fdaac,0.7336,CRITICAL,Treatment
94290fb3-bb6d-4612-9d94-9601f686e083,0.7198,CRITICAL,Treatment
f7ef9edb-8f0f-4183-adb0-f9fc6ebd5606,0.7198,CRITICAL,Treatment
3b7d6b0a-0a70-4524-8ac4-d80f6328b711,0.7336,CRITICAL,Treatment
7386123e-3f34-490c-b7ca-8080aae8df33,0.7198,CRITICAL,Treatment
bd661a7a-0dba-429b-9a8b-679c91838755,0.7198,CRITICAL,Treatment
58da0d87-689c-4d60-b065-47ffc8e3fa4d,0.7336,CRITICAL,Treatment
9353b7b7-49cf-460c-a380-7145717c9a1d,0.7198,CRITICAL,Treatment
b62a180c-f796-4355-b1e1-d1277d6a234e,0.7336,CRITICAL,Treatment
27b21d94-b54b-410b-a8fd-c233bf2d6758,0.7336,CRITICAL,Treatment
46f23136-777c-49a8-b76f-bd2449d1ad16,0.7198,CRITICAL,Treatment
2a9a4ecc-f4e4-47f9-855f-0698ce105d09,0.7198,CRITICAL,Treatment
e3586cb0-35bf-46d0-95d8-456260b54304,0.7198,CRITICAL,Treatment
7fcc3137-73e5-4e54-92ea-d0daa47c9ac9,0.7198,CRITICAL,Treatment
cb17a419-2eed-40b9-a140-53fc1fbe158b,0.7336,CRITICAL,Treatment
cd31114c-6a67-47cd-9463-05c2c91c2f1e,0.7198,CRITICAL,Treatment
c1c644bd-12bd-428a-8a06-f1c634e731f6,0.7143,CRITICAL,Treatment
2a90c343-48bd-415b-87f8-f31e2cc22b41,0.7336,CRITICAL,Treatment
1eeab5c7-6d7c-4b0c-81b1-5ad8abc50739,0.7336,CRITICAL,Treatment
31f8b098-a261-4fff-911a-4f85ac6280fd,0.7198,CRITICAL,Treatment
92217ce2-f31b-49e0-9666-1d8b568180fd,0.7143,CRITICAL,Treatment
e04db571-4f88-4953-9e0a-89242adf392d,0.7198,CRITICAL,Treatment
b9e1d550-f2fd-44fd-be7a-4d5d622d9a1b,0.7336,CRITICAL,Treatment
a8a9cd06-63fd-4f0b-a9d3-cfbb2c5495c9,0.7336,CRITICAL,Treatment
d3ff3ffc-3798-4482-a751-862f57e36bb3,0.7336,CRITICAL,Treatment
835cedb0-d98c-46d6-ac2c-80861eb498f4,0.7198,CRITICAL,Treatment
c787f32d-330d-466e-88f3-47bd11170fc9,0.7198,CRITICAL,Treatment
b6ef4d1c-159c-43ea-b959-559152564772,0.7198,CRITICAL,Treatment
b967f3e4-bd25-4793-9df9-0117a7c40f01,0.7143,CRITICAL,Treatment
d688b045-fa61-4184-90cc-3d110157238d,0.7198,CRITICAL,Treatment
e07f751b-f0e6-4f13-8031-9bb0e6351fac,0.7336,CRITICAL,Treatment
df62a10a-d403-4afe-b25b-92eb1651f64b,0.7336,CRITICAL,Treatment
2fe54201-c41c-4fa2-8d45-feef6ec40ea3,0.7143,CRITICAL,Treatment
4f6e10c1-e110-4ca0-ae3c-b51c9ff41bcc,0.7198,CRITICAL,Treatment
fa8d2e2f-c5eb-4983-b9ed-23845a4b8e26,0.7198,CRITICAL,Treatment
b7dd9e21-d1f8-4939-8bb9-8a0e54fc7084,0.7336,CRITICAL,Treatment
dc386326-b0a4-40ce-a552-2521f69a723f,0.7336,CRITICAL,Treatment
c41defaf-2dd1-447c-aa4c-8df89b7f2266,0.7336,CRITICAL,Treatment
6c21f41d-b463-4ead-9309-4b1c11ce7eb0,0.7198,CRITICAL,Treatment
1d1478d0-8182-4c12-9fd7-4f336a3c50b3,0.7336,CRITICAL,Treatment
57a037b4-00dd-400a-b7ce-2313613b487f,0.7336,CRITICAL,Treatment
381bfe44-6259-44c4-bc60-843bb70a115e,0.7143,CRITICAL,Treatment
1f11d290-792d-477c-9000-be84bbd08e6a,0.7336,CRITICAL,Treatment
74a7d3eb-88bf-49d8-bdbe-60f6d3031762,0.7336,CRITICAL,Treatment
b3f7017a-9370-442d-886c-4853aff7718a,0.7198,CRITICAL,Treatment
600af4ed-706d-4d8d-aa7b-02dce976f949,0.7198,CRITICAL,Treatment
7ede70ba-461a-47c4-88a2-b1fcfc6a78a9,0.7336,CRITICAL,Treatment
b25835fe-a161-40b4-b625-4cc3c2fc082d,0.7198,CRITICAL,Treatment
f88b4666-3412-4601-83a9-be97a13577f2,0.7178,CRITICAL,Treatment
5594e356-175a-4e82-8de8-f9d1d3b84e82,0.7143,CRITICAL,Treatment
7c2a0eab-b28a-461e-a10d-c104fc510433,0.7198,CRITICAL,Treatment
f149e328-961b-4b3e-97b1-79a4d04ad3bc,0.7198,CRITICAL,Treatment
40ea50d2-0893-4753-8129-a0b15170b7db,0.7336,CRITICAL,Treatment
d1f73f0f-4062-4855-a7f7-2709cd1a4f1d,0.7336,CRITICAL,Treatment
5c37c59a-0693-490d-b4a9-95382e5c340b,0.7198,CRITICAL,Treatment
ebaea219-2ef6-4aa2-92fe-bdff2b9a427d,0.7198,CRITICAL,Treatment
a53a53ee-dccb-49c5-9fb2-9fc9a556ae26,0.7042,CRITICAL,Treatment
613645ca-d221-450d-96f0-25f824cc3405,0.7198,CRITICAL,Treatment
ed268b2b-c86e-48b5-9a51-394d26a7406a,0.7198,CRITICAL,Treatment
680b06f7-d5b9-4dc9-9a2e-ca1219692dc5,0.7336,CRITICAL,Treatment
5cb9c734-fe08-4284-bed8-c499aa0939d9,0.7143,CRITICAL,Treatment
1f59f3fb-582f-4b01-aaf0-8735df60fb9f,0.7198,CRITICAL,Treatment
950662ae-4da7-4691-b498-382dae924a65,0.7178,CRITICAL,Treatment
9c37281f-d379-4f39-88f7-4daab5c2758e,0.7336,CRITICAL,Treatment
5b4033c1-a722-4672-8c82-d7bcd45eadde,0.7198,CRITICAL,Treatment
6962e92a-6856-4558-9ad4-f6892167b6af,0.7198,CRITICAL,Treatment
4112b1a5-789c-4a93-abf6-2e33f2e8499a,0.7198,CRITICAL,Treatment
73732cdf-10e7-42e9-aec9-bd263bddc51b,0.7198,CRITICAL,Treatment
4ce9dcf0-d196-4fba-8f02-bab7dc00f52f,0.7336,CRITICAL,Treatment
7fd6ed81-bf71-4034-b8d6-45bc36c7a1ac,0.7336,CRITICAL,Treatment
1f65386e-ac23-4879-a8e2-ff6425230d14,0.7336,CRITICAL,Treatment
f66d7113-8129-4261-841a-db5e02f11605,0.7336,CRITICAL,Treatment
ba447f3a-4a49-4249-9c11-9b1e3735ab94,0.7198,CRITICAL,Treatment
f4d7a3d1-e8dc-4371-9901-be6b2036d94a,0.7198,CRITICAL,Treatment
85f88656-65d2-4c2b-a25d-d87e4f92642f,0.7143,CRITICAL,Treatment
10ea5cf0-6029-4d52-aa15-a80d495bef4e,0.7336,CRITICAL,Treatment
5cf57773-f639-41cd-b305-1a68db596c12,0.7336,CRITICAL,Treatment
bec5548d-6fa2-4b6d-93cb-45b8c1682326,0.7336,CRITICAL,Treatment
c63a9c0f-801a-4bbf-9eca-57866430b1e7,0.7168,CRITICAL,Treatment
aaca475e-ad02-4965-ad2a-f7d0d47a47fa,0.7198,CRITICAL,Treatment
203d62b9-085b-4c95-a363-dd38d1a5ef7d,0.7168,CRITICAL,Treatment
0c764b0f-9dff-40ed-bab0-dc358927e362,0.7198,CRITICAL,Treatment
7208aeb8-91b3-4a45-9221-7b7f9503f8d6,0.7336,CRITICAL,Treatment
84cadebe-1145-4173-85b2-6b450bd25599,0.7336,CRITICAL,Treatment
92c6f380-743e-486b-be22-20a717a88079,0.7072,CRITICAL,Treatment
32d972e8-d10b-41eb-b47e-4512ba758c33,0.7178,CRITICAL,Treatment
24583141-4679-479c-bd2d-928256a9e486,0.7336,CRITICAL,Treatment
58e40aec-f9a7-48a8-94c8-53d833c23da3,0.7336,CRITICAL,Treatment
0cf0213f-caf6-44fb-8acb-04570d928d67,0.7336,CRITICAL,Treatment
37699335-4885-4b1e-8699-5bb2da65fa9e,0.7336,CRITICAL,Treatment
04b20f9a-b458-4607-9cee-6fc9e2afdd51,0.7198,CRITICAL,Treatment
3257c0f1-dc8e-452a-a915-de7e3ae83d49,0.7336,CRITICAL,Treatment
25b9ea69-121b-455f-bb51-b0576523de64,0.7336,CRITICAL,Treatment
67018951-44ce-4917-85bf-537697e661d0,0.7336,CRITICAL,Treatment
ad5b56e0-b311-4b05-97d8-00f83288b8ad,0.7198,CRITICAL,Treatment
5b609d5a-1fef-4cbd-9604-4ce5720ace14,0.7336,CRITICAL,Treatment
9c93eb19-891e-4d2a-ae1c-0eab7580b47c,0.7198,CRITICAL,Treatment
2fa70efb-e440-470f-b4cd-7aabe6dd69f4,0.7336,CRITICAL,Treatment
c132f72a-0178-4d8a-9725-a446a18a015b,0.7198,CRITICAL,Treatment
8659efc0-d47a-460e-8cb3-5a48dce28724,0.7336,CRITICAL,Treatment
be39de95-2911-4e08-9dcb-5f74431cf6c0,0.7336,CRITICAL,Treatment
4ef7155a-10c8-49af-b3b8-7071ba6507be,0.7336,CRITICAL,Treatment
614c7372-41c0-4ec5-ad3d-de533c46c4bc,0.7198,CRITICAL,Treatment
e1f2280b-8f95-413b-8fb2-24efb0c52b19,0.7198,CRITICAL,Treatment
67bbc949-3aad-4c61-8f91-ed0e34e7864c,0.7336,CRITICAL,Treatment
08dae5d7-f201-4d54-bc69-48cd3b295060,0.7336,CRITICAL,Treatment
1e06254f-cf43-4662-9e4c-0d1634724ae3,0.7336,CRITICAL,Treatment
c08e1fef-4e5a-4008-b879-f24ab351054f,0.7198,CRITICAL,Treatment
43efa6d2-e4d1-4763-ba1a-696191f1703d,0.7336,CRITICAL,Treatment
723a0366-9c9d-4d56-8458-c9e1dffc6e95,0.7198,CRITICAL,Treatment
bf34ed89-87e4-40d5-9712-ca57b228dd26,0.7336,CRITICAL,Treatment
811b12a9-84be-4c38-88ea-99727ec9fb41,0.7198,CRITICAL,Treatment
09ef8cc7-1cb3-44fb-8bac-721cdc5e98c5,0.7198,CRITICAL,Treatment
bf9b6be5-e67b-43e7-ad31-39fc3ce33151,0.7336,CRITICAL,Treatment
efbfe880-0fa2-41a4-a9f8-a5feae3e1228,0.7198,CRITICAL,Treatment
2f0dfdac-f36d-452d-bc4d-b029f632af3c,0.7198,CRITICAL,Treatment
5a88cec5-a4a5-4319-be28-48a009b0d457,0.7305,CRITICAL,Treatment
4cd06c86-d80b-4570-8982-7510e523915f,0.7198,CRITICAL,Treatment
1a991167-ca46-48d8-80e1-fdca73260a6c,0.7198,CRITICAL,Treatment
f2bc671d-08d2-4035-abfe-98512eb81435,0.7198,CRITICAL,Treatment
ed3d1166-206e-47dd-94a5-90c3c188b3d4,0.7198,CRITICAL,Treatment
f41ab6e6-c5d6-4f98-bcc2-2fc2cf472b7e,0.7178,CRITICAL,Treatment
6c537653-7c4b-4c8b-ab0b-e0234513de65,0.7198,CRITICAL,Treatment
6a9996e1-3f73-47d3-ad07-c66e771c18ba,0.7198,CRITICAL,Treatment
c8eae73b-41ef-44e8-8810-bd18963f11a3,0.7336,CRITICAL,Treatment
9c4b9f4b-6037-40bf-8ce6-4aa0d3177bd7,0.7336,CRITICAL,Treatment
fa730a48-5878-4d53-a526-3ca2a003f583,0.7198,CRITICAL,Treatment
ac29167f-27b2-45a7-bc21-25b233d6aecb,0.7336,CRITICAL,Treatment
b6d51bfe-1897-46bc-a2d6-23bbddb63384,0.7198,CRITICAL,Treatment
be8a7e42-6353-4a7b-9808-37bf97bcfe6b,0.7336,CRITICAL,Treatment
ce45ca04-41ec-4350-b11a-942a274fbffb,0.7336,CRITICAL,Treatment
7e857f75-f641-46f6-a87d-319093b485a9,0.7198,CRITICAL,Treatment
e2d0aae8-f215-4428-8ffe-007a46eb04ce,0.7198,CRITICAL,Treatment
0c41e97f-11f9-4c69-82af-0f03dfc1c4c5,0.7198,CRITICAL,Treatment
8965ddcb-802c-4f0a-a366-8134fc33e91c,0.7336,CRITICAL,Treatment
89c19ace-27d4-4d82-8219-be98f0bbacef,0.7336,CRITICAL,Treatment
41a9b3bb-3601-4a73-af66-97fb87bb6358,0.7198,CRITICAL,Treatment
d4412dbb-06ec-4efc-a041-a92ea404597c,0.7198,CRITICAL,Treatment
88b4b899-d173-45bc-8fb3-3e6e7acee748,0.7198,CRITICAL,Treatment
244cf95f-a4ce-4112-8ce2-cbe9df031edc,0.7198,CRITICAL,Treatment
8ddc5e57-0c7f-47ce-bec4-db61f500fafc,0.7336,CRITICAL,Treatment
90cceb99-588a-4a72-b0c7-42fb16e318f6,0.7336,CRITICAL,Treatment
927e7637-333b-4d23-84e6-366cc6254400,0.7336,CRITICAL,Treatment
54112119-d95b-4962-9f69-e5f0b89a1b2e,0.7336,CRITICAL,Treatment
983580a7-a7c4-4a6a-980c-084c2782686e,0.7259,CRITICAL,Treatment
82036511-8748-45fd-a2a3-d8f07f9a3e47,0.7198,CRITICAL,Treatment
c50f8df7-8014-43b9-aa88-ff6172d100eb,0.7022,CRITICAL,Treatment
60d6b1cc-246b-418d-beca-e9fa0e569730,0.7198,CRITICAL,Treatment
055b5a3b-234d-4ed4-9990-dc10823c5132,0.7336,CRITICAL,Treatment
74c6c39f-5ac9-4258-8ed6-4db4fbaec986,0.7336,CRITICAL,Treatment
03d175ed-8d92-4281-810f-d05afaec6b92,0.7048,CRITICAL,Treatment
b96fca16-a7b7-4fcf-aadb-dce9f29ddf42,0.7336,CRITICAL,Treatment
481b35ce-7672-4604-b822-6097111dc0f0,0.7143,CRITICAL,Treatment
f0b4c88e-f1dd-4ae4-b6ae-a60405ce5e66,0.7198,CRITICAL,Treatment
09c22f03-d289-44d8-ac45-51d086e0bd69,0.7198,CRITICAL,Treatment
688fde64-854d-41bb-b333-680251fd8b8b,0.7336,CRITICAL,Treatment
d267ea88-e39b-4aa3-ac81-5b996654c77d,0.7336,CRITICAL,Treatment
c0f86801-4529-4cdd-87f2-5cd6f06b9bd5,0.7198,CRITICAL,Treatment
de76a4fe-f3d6-4534-9aec-1d88cec977b7,0.7336,CRITICAL,Treatment
cf736b4a-5333-43ba-ba70-9b544e76d14c,0.7336,CRITICAL,Treatment
7f5c4e05-87cd-4bd7-833f-22a0bc7721a0,0.7336,CRITICAL,Treatment
dbe15de2-e32c-4070-aeb5-138ed04d7a77,0.7198,CRITICAL,Treatment
ef097865-b4e5-43fe-a15e-7e6631e22e8f,0.7198,CRITICAL,Treatment
3c85948c-3c9d-4616-b5d0-7a559df5ad33,0.7198,CRITICAL,Treatment
98f26ad8-b868-4273-bfca-a1094c29f4fe,0.7198,CRITICAL,Treatment
16f77a7b-0a28-430d-956b-7912a4c95a35,0.7336,CRITICAL,Treatment
da262410-499c-483e-8748-a6a83e7f7389,0.7143,CRITICAL,Treatment
94d5cdc4-394b-427b-bca0-b68dedbc82fe,0.7198,CRITICAL,Treatment
7541786f-1e0c-46d5-90fe-1c63b2b4977a,0.7336,CRITICAL,Treatment
a815e608-557b-466b-9400-5ce67fce4082,0.7198,CRITICAL,Treatment
14f47c37-2755-42b9-99fe-ea804c4fec69,0.7188,CRITICAL,Treatment
7acb7579-eb42-4186-a98b-83a807047387,0.7336,CRITICAL,Treatment
4f2f17c4-0a26-4504-af4e-a3de272f0450,0.7336,CRITICAL,Treatment
4c142bd7-b7dd-42b0-acc9-ad3f920f292c,0.7336,CRITICAL,Treatment
b8636731-35a5-49e9-a6d4-fb0f78f1a4f2,0.7198,CRITICAL,Treatment
8a30a97a-3a99-4f27-aeff-09307e2099ec,0.7336,CRITICAL,Treatment
a9e4d333-e348-463b-a14a-0efe8418f661,0.7336,CRITICAL,Treatment
657a9075-040f-405e-b6dd-1200f8cb75ea,0.7336,CRITICAL,Treatment
9cf969f4-b16f-4930-9e19-4f8de1df3c94,0.7158,CRITICAL,Treatment
a9fbbd7f-9c4f-4310-aa67-dd188fa08203,0.7198,CRITICAL,Treatment
8317cb2a-27bd-4549-bf27-ee4cb1f6a71c,0.7336,CRITICAL,Treatment
c2282625-86cb-4270-9582-ae408a589265,0.7336,CRITICAL,Treatment
c6642b01-372d-4c3b-ade3-835f3a230667,0.7198,CRITICAL,Treatment
a01459fb-c8cd-4f62-b1d3-1180b3d753b8,0.7188,CRITICAL,Treatment
22b28b6d-ea60-4083-8758-de9020199fa1,0.7336,CRITICAL,Treatment
f7739935-6dd8-4177-8482-05a14fdfc2a3,0.7336,CRITICAL,Treatment
efdb1559-a5b2-4c78-ade2-71eafb5b3ee7,0.7178,CRITICAL,Treatment
5bc5adba-467b-4653-bfa4-c4d330cfc1e5,0.7198,CRITICAL,Treatment
6b0b9a1a-baf6-489f-b9d1-9d368d2db46d,0.7198,CRITICAL,Treatment
d5773c09-ed48-4d97-918f-c173ad784b72,0.7198,CRITICAL,Treatment
92372db9-4734-4e0b-8cc6-9a784eb12328,0.7198,CRITICAL,Treatment
f44bc207-649a-401e-9816-c18deab37fbe,0.7336,CRITICAL,Treatment
d501f66d-e666-4200-bc87-206e9752d2c1,0.7198,CRITICAL,Treatment
95186e89-f605-488c-a566-5c00b9f01209,0.7198,CRITICAL,Treatment
50e768bd-80d3-402a-9cba-9c5f285c4cb5,0.7336,CRITICAL,Treatment
a5b54b63-e3c8-4f65-b877-d47f31481b26,0.7198,CRITICAL,Treatment
725ef788-cbbc-45a9-a64c-7d89a0ee5ebf,0.7188,CRITICAL,Treatment
7d6cc390-5502-4833-92c1-e32efe04058d,0.7198,CRITICAL,Treatment
f251d1fc-3702-4827-9dfd-dca8106f1cb9,0.7198,CRITICAL,Treatment
60d29dcf-c123-4f44-9487-38d8a485f0a5,0.7198,CRITICAL,Treatment
236cf218-c50b-4e08-9382-711fb2836d28,0.7198,CRITICAL,Treatment
8f37210e-fa73-49c5-a50e-8d2437533cf7,0.7198,CRITICAL,Treatment
a2455a60-0bde-4d37-b9ce-49fc450607f1,0.7198,CRITICAL,Treatment
f84756c5-c3f2-4b07-9311-ca3117d20ad5,0.7336,CRITICAL,Treatment
b33b60f9-9a5a-4d61-b22d-ccdd25db8263,0.7198,CRITICAL,Treatment
7f7ea46f-572a-4741-8a8e-9e32b28e8574,0.7139,CRITICAL,Treatment
ab6f0b5e-3332-488f-85ef-97faf513f10a,0.7143,CRITICAL,Treatment
a605c454-5fa3-4b4e-9567-3dc76907dadf,0.7336,CRITICAL,Treatment
fabe99e1-4898-42a3-8c9e-fe0a848a1db1,0.7336,CRITICAL,Treatment
fb430925-306a-4dbe-a7d7-38b2e973e0d2,0.7198,CRITICAL,Treatment
82a0f728-c853-44dc-b069-d7b5c28956b4,0.7198,CRITICAL,Treatment
f35d9005-3c59-45de-9984-8357a838a8c1,0.7198,CRITICAL,Treatment
77ea4be6-34da-40f9-89de-4b6a043759ba,0.7336,CRITICAL,Treatment
3ea990a5-5a6d-46ab-b06c-6f719a952600,0.7198,CRITICAL,Treatment
d8e4a1d2-5f40-4f7c-abc8-5b8f29a58a6a,0.7336,CRITICAL,Treatment
94839fdf-b25a-4b97-8c72-35979c30eed9,0.7336,CRITICAL,Treatment
80ad3eb7-4305-4b60-abdc-f3d161ab901b,0.7336,CRITICAL,Treatment
b7a81050-57f1-422b-8470-9e0b94fd981e,0.7336,CRITICAL,Treatment
772bae44-02a1-4c44-ab68-7ee0a96e75ab,0.7198,CRITICAL,Treatment
f88b39fc-bfb1-4867-b42e-38dd6db64191,0.7198,CRITICAL,Treatment
4c912593-c234-4b92-8607-98bbb092d1a8,0.7042,CRITICAL,Treatment
ba049b0c-3825-4f0b-af97-7a6b0ed7a7d2,0.7198,CRITICAL,Treatment
a7935173-7bf6-4a89-a7b1-ca94039a5f6e,0.7336,CRITICAL,Treatment
59d83a80-baf8-4984-ad4f-15b2f957055b,0.7198,CRITICAL,Treatment
9f6a0712-f604-4683-887d-e5a85727d5f2,0.7336,CRITICAL,Treatment
faf68e41-005b-4a15-a13d-24f54c8e85b7,0.7198,CRITICAL,Treatment
3452dd27-2732-4dbf-a08e-b3da92714d2d,0.7143,CRITICAL,Treatment
275e1b53-5d55-473e-bbd6-7eef773f7d6d,0.7198,CRITICAL,Treatment
28fe2346-c616-485d-92e0-5a35b87986f9,0.7143,CRITICAL,Treatment
4c1dba86-e7a4-4066-9e11-4e639508b5f3,0.7198,CRITICAL,Treatment
4302c90b-a090-4527-b6c0-58dd64224edd,0.7198,CRITICAL,Treatment
884b2475-3bc1-444c-8665-bc61a63e0a19,0.7336,CRITICAL,Treatment
6540e92b-8f23-4034-9cf8-11610741e353,0.7198,CRITICAL,Treatment
4acde6cb-3863-4e66-882b-5df22fddda04,0.7198,CRITICAL,Treatment
ace9448a-a681-4d38-bc85-4cdfd73b34ee,0.7198,CRITICAL,Treatment
8958b329-359b-4c1b-814e-2808fdd692dc,0.7198,CRITICAL,Treatment
25ef3209-65c4-4437-811b-c9fa850cf3bf,0.7336,CRITICAL,Treatment
200fa43d-fa4c-48f9-a6ac-a4024cb80fc8,0.7188,CRITICAL,Treatment
d942f7e1-427b-4e75-9016-8074aa611338,0.7336,CRITICAL,Treatment
0ce3d607-9d22-4727-9baf-2ff1032def31,0.7336,CRITICAL,Treatment
23a85cbb-346c-46d6-b457-ad3b0409fce5,0.7336,CRITICAL,Treatment
cb0dd742-fd5b-4784-80e7-809df1847440,0.7198,CRITICAL,Treatment
0d785f09-fe09-49ca-8c0b-c916ff2bcd18,0.7198,CRITICAL,Treatment
14221ba5-995e-4791-ac56-507b0f9fd44f,0.7198,CRITICAL,Treatment
b72b1f06-4493-481d-a0be-24ffdbdcf3f0,0.7336,CRITICAL,Treatment
447c9042-0b2e-457d-b160-84e6b43941de,0.7198,CRITICAL,Treatment
d2175f5a-a61c-4881-9a37-223bb7e00285,0.7143,CRITICAL,Treatment
3f67aa72-24ad-44ef-98a1-c9d2bfc84724,0.7336,CRITICAL,Treatment
900dc24d-7a25-4cc1-aca4-b4fdc3af73f3,0.7198,CRITICAL,Treatment
38f16682-0f90-45b2-beec-1986062a7be3,0.7336,CRITICAL,Treatment
911f376f-2250-4286-ad7f-3666337c37ca,0.7336,CRITICAL,Treatment
ec1886e1-7069-4831-8181-da0b5d76b169,0.7198,CRITICAL,Treatment
6811972a-c019-45ac-914b-854513f280a0,0.7336,CRITICAL,Treatment
b70e97be-4873-46e2-816f-79d86f60e1fb,0.7336,CRITICAL,Treatment
5a5a26fd-a6b7-4648-8935-98dc71c64738,0.7198,CRITICAL,Treatment
c9beaf86-8de7-448e-8c16-ca260e73758e,0.7198,CRITICAL,Treatment
9abfe3e6-ac09-4982-8647-6e5003987b5e,0.7336,CRITICAL,Treatment
eb600de7-b11c-4750-acbd-cbe065e6d819,0.7198,CRITICAL,Treatment
5a779e17-54a8-418c-98d8-04468f98e03f,0.7198,CRITICAL,Treatment
3e216fa9-8049-42e6-bca8-493a944b4546,0.7198,CRITICAL,Treatment
870ba260-4a49-474f-b9ba-63322c393524,0.7336,CRITICAL,Treatment
beda2b32-3d8c-4a12-826a-86853183d52e,0.7336,CRITICAL,Treatment
5553dee6-95b4-41c5-9507-14f9a5891b93,0.7336,CRITICAL,Treatment
e182c70e-e79d-450d-aec3-8e92921a0e5a,0.7198,CRITICAL,Treatment
67b1365e-df1c-4e5d-a379-4196187382e1,0.7336,CRITICAL,Treatment
7998c85d-a399-4789-8726-4bcc686bff24,0.7198,CRITICAL,Treatment
b958e714-007c-41b7-8e65-a1ed487797ae,0.7188,CRITICAL,Treatment
223bf8c8-21fc-4f3d-ada7-dd46a9094ff1,0.7198,CRITICAL,Treatment
58421ec0-f970-41d2-9aea-5b5301f28026,0.7198,CRITICAL,Treatment
0cba3aab-45e7-4621-a745-56f0ddf4d64e,0.7336,CRITICAL,Treatment
c60cd0be-97c9-4c96-8fbb-33856580066e,0.7188,CRITICAL,Treatment
58df55d4-5994-4cc1-b20a-423a17ab0ed3,0.7198,CRITICAL,Treatment
606d46b3-17ad-4bf0-b3df-b710cb06f0b4,0.7198,CRITICAL,Treatment
11853623-4dbe-4ca6-828d-44ffe59c9c24,0.7336,CRITICAL,Treatment
4e00e463-1cb3-4edc-9845-145b9bcbe875,0.7198,CRITICAL,Treatment
95ff1708-52b0-40c9-b990-75b48c532339,0.7336,CRITICAL,Treatment
44d92a96-e3d1-4445-b590-280316609560,0.7336,CRITICAL,Treatment
581b378e-3c91-42d3-9450-629bd39a9b29,0.7336,CRITICAL,Treatment
972a206e-06fe-4eeb-8758-407311c77aae,0.7198,CRITICAL,Treatment
9f21afec-96b8-4eab-9849-6fe8292184fc,0.7336,CRITICAL,Treatment
15060489-789b-40c5-ade5-6a0f723ffeaa,0.7336,CRITICAL,Treatment
6e2d0b0b-130a-4bc0-b460-992069c593f2,0.7336,CRITICAL,Treatment
d6dfdf76-98de-40e2-84ab-0534bc19e727,0.7336,CRITICAL,Treatment
897ed60a-578e-4113-a5d7-81a1923ac2e3,0.7198,CRITICAL,Treatment
157f9109-5151-4e88-a246-4607d3b8f4a0,0.7198,CRITICAL,Treatment
cac5ebab-fa97-460e-ba70-e9eb52b3fbc1,0.7336,CRITICAL,Treatment
dbc04da9-2434-4d31-a24f-a1cef76b42cb,0.7336,CRITICAL,Treatment
29ed44fa-05da-431a-84cb-b05a74a5b042,0.7188,CRITICAL,Treatment
629bc2d0-3891-46c8-b4f7-b5e21bf3d387,0.7336,CRITICAL,Treatment
3646f8d0-d46b-430e-920f-b63d57ad551b,0.7336,CRITICAL,Treatment
e39484a2-5876-41c9-a500-c2a2f4f533b2,0.7336,CRITICAL,Treatment
3b08d171-03ff-44b6-82f2-1cc6601ba18a,0.7336,CRITICAL,Treatment
ba24914c-4fbe-435e-b9a6-f230964e1b08,0.7336,CRITICAL,Treatment
4d201dd6-1f18-47f3-8f0e-dba6109c6e5c,0.7336,CRITICAL,Treatment
4623fca7-22a9-492e-a44c-0bf567a64a53,0.7198,CRITICAL,Treatment
b5d9ed23-6884-4b1e-9d06-15034d7489aa,0.7336,CRITICAL,Treatment
10bc5a99-7096-45f2-92fe-f48bbe0e4c81,0.7198,CRITICAL,Treatment
c858942a-526f-4822-aa9a-3bff4da11a7a,0.7198,CRITICAL,Treatment
6e91fd25-de30-4116-9f86-8c936e30d97e,0.7336,CRITICAL,Treatment
db5441db-1e55-4485-b2db-084b8ef02fbe,0.7198,CRITICAL,Treatment
f16de8eb-1bde-460c-80fd-c71c5bfab512,0.7336,CRITICAL,Treatment
094ca160-e6ea-49b8-87aa-1e3a8c27d04c,0.7198,CRITICAL,Treatment
028af62c-d35d-420f-91c0-8ba7f104200b,0.7198,CRITICAL,Treatment
de4865de-cc7d-4ae5-84c7-8478f6f86c84,0.7336,CRITICAL,Treatment
49a9fd9f-97c0-4ae3-89de-d0b0c89f54dc,0.7336,CRITICAL,Treatment
344676e3-ff1c-4e03-aa83-24042130ae46,0.7336,CRITICAL,Treatment
cabefe51-142d-4525-8ec2-a2539acdaeac,0.7336,CRITICAL,Treatment
16b2461e-a823-4c06-87ad-9fca4df3403f,0.7198,CRITICAL,Treatment
3474cbf4-1d5a-4e47-a0cb-ac27469eaac8,0.7198,CRITICAL,Treatment
589bf678-007a-48c3-b883-9df4153a9e79,0.7336,CRITICAL,Treatment
a48a1032-5d69-4d0a-b073-1c3f5ac234b9,0.7198,CRITICAL,Treatment
18393cb5-d22d-454f-aa7d-93f79e23d6f1,0.7336,CRITICAL,Treatment
3e3ef368-9fa0-4cb7-aeea-49fd49da90f6,0.7143,CRITICAL,Treatment
acbde43a-2645-4fac-a0fb-aa8e6026b987,0.7158,CRITICAL,Treatment
1435e71b-0b96-43e0-b420-1eb3daf9b18e,0.7336,CRITICAL,Treatment
1b4f0f26-2815-459a-ae9b-6a958a0a291b,0.7336,CRITICAL,Treatment
587c89ce-5dd2-4e8c-bd24-a20580d60537,0.7198,CRITICAL,Treatment
e21ba63f-b7ae-4caf-8636-7c69098cf996,0.7336,CRITICAL,Treatment
f1f9c74d-8d50-40d0-b0e4-10655de7787d,0.7198,CRITICAL,Treatment
d2468fe2-ff62-4945-ade2-91d6b426eb43,0.7336,CRITICAL,Treatment
225faf8e-6ce5-47b4-a8c6-33b78ca5aff9,0.7198,CRITICAL,Treatment
0eb4a538-a382-46f8-af88-40d031646791,0.7198,CRITICAL,Treatment
069fe0b3-0e5e-49fa-a7d8-b29bb353451e,0.7336,CRITICAL,Treatment
c8aafe2a-b39b-416c-bd11-fb31724995ff,0.7198,CRITICAL,Treatment
8e33edab-f7b3-469b-b5b4-ea787fcf91da,0.7198,CRITICAL,Treatment
318ca62d-39b7-4f76-afc6-133d5ad39ea9,0.7317,CRITICAL,Treatment
55344603-a8e6-4637-bed8-94ccd89d140a,0.7336,CRITICAL,Treatment
898a3775-7f9b-477f-a360-6451744ebf31,0.7198,CRITICAL,Treatment
c0814906-b9ea-4f73-b611-ec18e7d904d5,0.7336,CRITICAL,Treatment
1bb39e42-ae32-496c-b26d-8f5fd80271bd,0.7336,CRITICAL,Treatment
d77b8d07-333a-401a-b181-6034d43e5ee2,0.7336,CRITICAL,Treatment
deed99f0-a238-40ba-9cf6-8ba716734c0b,0.7198,CRITICAL,Treatment
d3833723-1d2f-466b-8ffb-9f0d165460b9,0.7336,CRITICAL,Treatment
9a208350-f935-487e-ab39-217dbc3351b4,0.7198,CRITICAL,Treatment
a4183b13-5e2c-4729-a1fa-7c7775959a71,0.7336,CRITICAL,Treatment
939d52db-e619-4509-90e2-d1f5458e8b5d,0.7336,CRITICAL,Treatment
cc17ad5d-ecfc-4c63-9494-8ffa7f9e2e99,0.7198,CRITICAL,Treatment
7437593c-9e48-41cd-8f78-7929431ed228,0.7198,CRITICAL,Treatment
1571c69a-aab2-4a43-974a-afa9816f9d25,0.7198,CRITICAL,Treatment
1706022c-1148-4608-adf2-d62eb9fb1f8d,0.7198,CRITICAL,Treatment
a480e576-4ed5-4549-b6f4-2b8adead9709,0.7198,CRITICAL,Treatment
4049af03-df60-4217-8a54-5a8a0fc0d9d3,0.7198,CRITICAL,Treatment
ff59aa9c-155b-491f-9b9e-e039a64371f0,0.7336,CRITICAL,Treatment
bff42b23-9b65-4893-b478-e9f49a708c2c,0.7336,CRITICAL,Treatment
4e0abb0d-5322-442c-909b-f32241d9eda9,0.7336,CRITICAL,Treatment
918ff586-2cfc-41f7-907d-5f9cdbab8ff4,0.7198,CRITICAL,Treatment
ff834d3f-737b-4659-850f-10adb9070432,0.7336,CRITICAL,Treatment
42678baa-10bb-4138-8cb3-e893b675ccf7,0.7198,CRITICAL,Treatment
04307cff-1693-4a85-ad72-4f5cd208d599,0.7198,CRITICAL,Treatment
be368104-dfc7-4523-b0d6-094e554f9808,0.7198,CRITICAL,Treatment
70e4819a-4bd6-4d9e-9aa1-4c7de62b84b2,0.7143,CRITICAL,Treatment
9b1ac9b9-1248-4944-aa75-163b469b4d23,0.7198,CRITICAL,Treatment
2788006b-d95c-41b0-a7d1-0f515dbb3aaa,0.7198,CRITICAL,Treatment
c6dad963-14de-48b4-84f1-dacb5312060d,0.7198,CRITICAL,Treatment
0da9fea5-a5ac-4652-baa5-2ffc0600052e,0.7198,CRITICAL,Treatment
946af486-9281-4036-bde1-373ea0e83b6e,0.7143,CRITICAL,Treatment
6ee5a1b3-3445-493b-b97a-ebcee2204a68,0.7198,CRITICAL,Treatment
32d0696b-0f3e-4d75-ae7f-530b6f7ec5d3,0.7198,CRITICAL,Treatment
3838f7dc-b13e-4235-ac25-1f5c0bfc3f8f,0.7336,CRITICAL,Treatment
9417b638-6b8c-45c7-9b2f-f1b61da5def5,0.7198,CRITICAL,Treatment
8d19a626-793b-4bb6-a858-74cb4fe524c5,0.7336,CRITICAL,Treatment
5bd8ad32-abca-48d5-803e-28bb9fd81a7b,0.7336,CRITICAL,Treatment
e26040a7-c0d5-4bb5-8d3d-233dd973f65f,0.7198,CRITICAL,Treatment
7e75c1d5-bdb3-4de3-ba4e-81f14e7aef4e,0.7058,CRITICAL,Treatment
a48e6dc7-7eab-4994-b46f-dd3ab00232fe,0.7198,CRITICAL,Treatment
93041013-8c82-4862-934b-f8d7d8ef8ce0,0.7143,CRITICAL,Treatment
ea1de0a4-bc0d-4a44-b5bf-6d94d29f5508,0.7198,CRITICAL,Treatment
dd58c843-e779-4b1b-bb1f-e2e01f09d016,0.7336,CRITICAL,Treatment
593daeb8-347d-4933-b998-0c87951f27df,0.7198,CRITICAL,Treatment
93dc3e6d-dc0e-455a-95fb-7fb1ccb12090,0.7198,CRITICAL,Treatment
29b0f943-01ef-4b8e-bf5f-e7c87ee39c3d,0.7336,CRITICAL,Treatment
a5e889ae-0238-413f-8424-d5ed75de1d6a,0.7336,CRITICAL,Treatment
6cb8eb48-75ea-4481-8319-a346b50e6959,0.7042,CRITICAL,Treatment
ddc0faaa-7881-4ef4-bb2b-9d800cd74745,0.7198,CRITICAL,Treatment
2d2acf5d-8300-49fa-930e-557f636555cb,0.7336,CRITICAL,Treatment
ce4e805f-30ff-46d4-a5f0-111c454d10e8,0.7336,CRITICAL,Treatment
3a3f8816-b0d2-480a-924d-aff985d9fb65,0.7336,CRITICAL,Treatment
2817f657-54bb-44fe-960c-07212c8ad437,0.7336,CRITICAL,Treatment
12a0884d-ed2c-457e-9af7-b297ef42151a,0.7336,CRITICAL,Treatment
5c2cf155-908a-4a7c-a6a3-2a1ec6f4156c,0.7198,CRITICAL,Treatment
43138f41-1230-4c61-93c4-cb3a37d0c613,0.7336,CRITICAL,Treatment
76d86ecc-9f59-4afb-a8a1-55cee98931d5,0.7336,CRITICAL,Treatment
345a55bf-e086-4b1b-bfae-8f64fd775660,0.7042,CRITICAL,Treatment
c27a361e-c32d-4489-9d37-6b5eb73f644f,0.7188,CRITICAL,Treatment
04a3d197-91e1-46c6-a374-dfe7a070d599,0.7143,CRITICAL,Treatment
e1c8f0eb-f334-4ce5-bc23-35a614c93a46,0.7198,CRITICAL,Treatment
38932c05-dc26-47cd-a0de-b1cd8a52cb03,0.7143,CRITICAL,Treatment
771b5a86-41b4-4daa-ad74-5b390b61e496,0.7198,CRITICAL,Treatment
d8ec2628-492c-4264-b73c-3b41a61b3a43,0.7336,CRITICAL,Treatment
b74cba10-0a27-4611-a983-99ed62b6e7a4,0.7188,CRITICAL,Treatment
3c9216ac-9c70-4db1-bf83-834e00dc170d,0.7198,CRITICAL,Treatment
abb31bfa-cb9f-4272-a470-d9e2a8f51d3a,0.7198,CRITICAL,Treatment
97b3dc81-62e5-40ae-86be-2bf1f8910046,0.7198,CRITICAL,Treatment
87baebe0-4e8b-40fd-b0f6-f594cac115bb,0.7198,CRITICAL,Treatment
64263847-a829-412d-af46-fea73682246e,0.7336,CRITICAL,Treatment
9b2b8fee-a914-45e7-ade5-52a611e88453,0.7143,CRITICAL,Treatment
ded36b82-d466-4841-9ee7-96bb9e538e4c,0.7336,CRITICAL,Treatment
41a20faa-3dd7-4d96-a3c6-e88b57480bbd,0.7188,CRITICAL,Treatment
23e9fc91-66e1-46d2-8ed3-f84bcf70a21b,0.7336,CRITICAL,Treatment
d1e55f84-06d6-41e1-9ced-fd0a52c99753,0.7198,CRITICAL,Treatment
11202e18-b95a-47c9-b2be-2d5da0061e65,0.7336,CRITICAL,Treatment
07a34f37-1aed-4320-ba12-4193f5277eea,0.7198,CRITICAL,Treatment
e9f61204-0fdd-4275-8e80-f7d75b70441a,0.7336,CRITICAL,Treatment
87733d60-6e06-43f3-b215-df8eb6763191,0.7198,CRITICAL,Treatment
a2987acb-5657-423b-8d52-6d85cb197fe4,0.7198,CRITICAL,Treatment
747cc04d-d080-4b33-a0dd-f3805cf43fd6,0.7326,CRITICAL,Treatment
878c7b38-8a68-4a71-b642-280333c3858a,0.7198,CRITICAL,Treatment
5f01d6aa-4252-406d-958f-58383723e3fc,0.7198,CRITICAL,Treatment
fd0cd060-9df7-4a6f-abd3-72f8e0992855,0.7198,CRITICAL,Treatment
a076e5e5-0b55-4a0a-876a-0ab482fe9ac5,0.7198,CRITICAL,Treatment
854f911e-b0b7-4bfb-97ad-c8917e250ff3,0.7188,CRITICAL,Treatment
736ae852-012d-43e0-9eb4-58442a2efaf3,0.7336,CRITICAL,Treatment
9ee4a22f-0cc7-4423-ab04-23895c81fff6,0.7336,CRITICAL,Treatment
b147962a-a16a-46a9-aaad-b949c0ba2704,0.7198,CRITICAL,Treatment
250a65a9-959f-4919-9080-685ccb955c51,0.7198,CRITICAL,Treatment
d5c578ec-cd9d-4b15-9f1d-7ba7352ab78f,0.7336,CRITICAL,Treatment
cf2e8aac-e08b-4edb-8f12-5cf8d485e634,0.7198,CRITICAL,Treatment
06cb3786-8477-47b7-b781-b89570826690,0.7336,CRITICAL,Treatment
a4af403f-f1c9-4d8f-b899-f069ae4a9a05,0.7198,CRITICAL,Treatment
4667cbc1-d93c-4ca5-8aa1-ae415375dbcd,0.7336,CRITICAL,Treatment
33c184f9-6acc-4f72-be46-39cc82ffbdba,0.7198,CRITICAL,Treatment
5ebb1d7a-fa7c-4b66-8a43-6ed958b1ad54,0.7198,CRITICAL,Treatment
8da5b1f7-0841-402f-965b-a0f1e873e489,0.7336,CRITICAL,Treatment
4c2da560-fb8d-4e06-93d9-63ab0ff8c97d,0.7336,CRITICAL,Treatment
bee30aea-041e-446f-ac57-b8262b24153e,0.7198,CRITICAL,Treatment
4454a9ba-923e-4125-9b41-e5c71ab9d2d9,0.7198,CRITICAL,Treatment
0a8ac0b6-b7ca-4683-953f-fe7495706503,0.7198,CRITICAL,Treatment
d00a7b76-ea87-4000-a167-2680abe123f3,0.7336,CRITICAL,Treatment
264ca068-5706-42ee-a1df-3d4d116302db,0.7188,CRITICAL,Treatment
7e7df16c-9edb-4ead-b1bc-3df4550506b6,0.7336,CRITICAL,Treatment
621a2c57-39be-42e5-b40d-97f4b430e9c1,0.7198,CRITICAL,Treatment
b8338373-c6f8-411f-bea5-65716e748536,0.7336,CRITICAL,Treatment
bb376171-8482-4207-9f94-8a9a067543c0,0.7198,CRITICAL,Treatment
9222bbd6-43d6-40ae-bfce-7bb467cc78ef,0.7336,CRITICAL,Treatment
94f86abc-8d36-490e-9eac-f2b6877b8482,0.7198,CRITICAL,Treatment
d59da71b-e17d-495b-94cd-824523a93b20,0.7336,CRITICAL,Treatment
632624ed-685b-4310-89ba-e6adef068b90,0.7198,CRITICAL,Treatment
a5c91348-2b04-4a62-ad15-b0997d4340e5,0.7198,CRITICAL,Treatment
6d54cda6-87e9-4359-ac53-92962cd9efce,0.7188,CRITICAL,Treatment
ee19156b-a57a-4837-93d7-55ed27f5414f,0.7198,CRITICAL,Treatment
b872209b-b6e6-47d1-8713-334546ef8e89,0.7336,CRITICAL,Treatment
c259e4ff-6eb2-433b-92fd-c15547fa870c,0.7336,CRITICAL,Treatment
9d49f79f-5b6a-4f46-8b7f-a5ed46da4a6d,0.7198,CRITICAL,Treatment
83d8e596-1bf6-48b8-aeef-309355f11877,0.7336,CRITICAL,Treatment
51a94b70-53f7-491a-a684-b1bca3c9e87c,0.7336,CRITICAL,Treatment
46d759ba-d5b5-4f21-9ea7-e17eb907329a,0.7198,CRITICAL,Treatment
13ad918f-b767-4374-88ff-db237aad7196,0.7336,CRITICAL,Treatment
deaf2e23-06fd-4321-a66b-789c9c20ce7e,0.7198,CRITICAL,Treatment
60e30db4-a0d7-45d9-97a2-40c8d748c489,0.7336,CRITICAL,Treatment
9a93db08-bab8-4a0e-bb7f-135d3ea9e3a9,0.7336,CRITICAL,Treatment
e63bd285-3d80-4dbf-854e-facd39584391,0.7149,CRITICAL,Treatment
c969a570-6e34-4892-96ac-35b6ba873baa,0.7336,CRITICAL,Treatment
a8a5ffdb-3cea-49be-a73b-2cd9868707c0,0.7198,CRITICAL,Treatment
ece44d4e-bbf4-4891-9d56-0538416eb55d,0.7336,CRITICAL,Treatment
c58829a4-a54a-4020-be90-e9c89f080220,0.7336,CRITICAL,Treatment
68c689d0-3988-4dc7-9b8b-af6ca1e968c8,0.7143,CRITICAL,Treatment
90b7395b-7d64-4539-8a9c-a889015af2e1,0.7198,CRITICAL,Treatment
319da367-e617-4dce-885c-61acee44d169,0.7336,CRITICAL,Treatment
d8d4ba42-fe26-4bf5-aaa4-54a859ec6357,0.7198,CRITICAL,Treatment
feeeddfa-cf7e-41df-af45-7e1b58948f9a,0.7336,CRITICAL,Treatment
38c95e61-0b53-43a9-b636-e01ddd3cddd7,0.7336,CRITICAL,Treatment
938c6293-2fac-4f1a-a2d5-c78c849e2200,0.7336,CRITICAL,Treatment
1aec7b7e-7858-48d0-bda0-51bb881d2ead,0.7336,CRITICAL,Treatment
0f3516a6-6d07-44f9-9391-22f8f06e11bf,0.7336,CRITICAL,Treatment
47748ee3-46f3-4bcb-9f30-42e9341c3676,0.7198,CRITICAL,Treatment
3ddf2a58-ec31-4107-9475-582924ceab89,0.7336,CRITICAL,Treatment
9cb8e0a1-9241-4ee3-93a7-1fc13e733612,0.7336,CRITICAL,Treatment
6ae1678d-8afd-4aa4-a7a9-ae3303a09263,0.7198,CRITICAL,Treatment
1e88a1e3-28f8-48e6-95f5-6431f3af6fcb,0.7143,CRITICAL,Treatment
9a3a2e3f-0047-42c9-ae52-51e7509ce94a,0.7198,CRITICAL,Treatment
ff1a108c-6e3e-43d2-872d-bcfa065b5b9c,0.7143,CRITICAL,Treatment
4409a5b3-0bee-402c-9d0e-6e36dd8e92b0,0.7198,CRITICAL,Treatment
dec2f217-0c19-43cb-9e52-3c3b401e74f2,0.7198,CRITICAL,Treatment
31b12aa4-bfce-4d6e-8c3d-ebb86c72624f,0.7198,CRITICAL,Treatment
756e0c08-a22b-456b-ad40-b04cfa0e68f0,0.7336,CRITICAL,Treatment
2e9dcb58-f447-4372-a148-3da84b6411c8,0.7198,CRITICAL,Treatment
ae0b198f-9f39-4fcf-bdce-8e56489009f2,0.7198,CRITICAL,Treatment
9dde7e9f-08c8-41e6-aa30-7719e8982bef,0.7143,CRITICAL,Treatment
7556253c-2133-462b-bc1f-a0659669d08c,0.7336,CRITICAL,Treatment
dadd95b4-4874-4330-8a45-52b4c35e8255,0.7336,CRITICAL,Treatment
e6b74d0c-914e-4517-a634-6af7430e1d14,0.7198,CRITICAL,Treatment
ff1ae834-f6a9-4391-8e81-699b8fbb2509,0.7336,CRITICAL,Treatment
033778ce-5f88-4045-bc52-7e023bbff524,0.7336,CRITICAL,Treatment
f405a475-635f-419d-90a4-39c66878019e,0.7336,CRITICAL,Treatment
c4fd8ec4-b643-4281-8b62-ad227aeef3eb,0.7336,CRITICAL,Treatment
3e902dfc-5966-4c35-af76-1326638baa9c,0.7143,CRITICAL,Treatment
b0ed5e74-3301-4031-9511-39f956673f5f,0.7198,CRITICAL,Treatment
f18e2a51-7d6e-4721-b3dd-c923cc090de9,0.7198,CRITICAL,Treatment
af0e87a1-db9d-4043-a651-1b32361a119d,0.7198,CRITICAL,Treatment
fc30ec50-bfad-4b7e-9332-2f40c780db9e,0.7336,CRITICAL,Treatment
b4bd5353-8784-4e89-8217-b584aa784db3,0.7336,CRITICAL,Treatment
30ec0807-dd64-4d4c-b894-1b47c903eb90,0.7336,CRITICAL,Treatment
4d4d5b6c-dd52-4794-a1d8-0e25718c1b3d,0.7198,CRITICAL,Treatment
57fd4994-c5e7-4ddd-940e-19cbc98d7ccc,0.7336,CRITICAL,Treatment
bf6e6a8b-8dac-4522-96ae-4aab65c7b91b,0.7336,CRITICAL,Treatment
6cf4e449-93af-4849-8a22-4a3204fa39cf,0.7336,CRITICAL,Treatment
a35a5d8a-428f-497e-ac4f-58d480161a90,0.7198,CRITICAL,Treatment
96c03818-7497-4853-a436-0ff220220c6e,0.7143,CRITICAL,Treatment
e65fd86e-4a7a-4fd8-963f-bd4483879b10,0.7336,CRITICAL,Treatment
ba786a6d-cf49-469d-a9b4-a7b3c6a04df1,0.7198,CRITICAL,Treatment
ebee8679-8b0a-4e39-a693-802cd6e1f82a,0.7336,CRITICAL,Treatment
a20174e3-d751-447f-ad8c-1700ab5ffc02,0.7336,CRITICAL,Treatment
205e06b2-a045-4090-ba4c-9cca464947d5,0.7336,CRITICAL,Treatment
89c346b8-f98a-4ec4-8768-d51f5fc8bf09,0.7336,CRITICAL,Treatment
1b00c690-f8d0-4a0b-a378-de44d7a34b4c,0.7336,CRITICAL,Treatment
d79fb58a-3981-476b-8a5d-ea2f6566ad50,0.7198,CRITICAL,Treatment
12fbb3ac-6d41-4943-bd6e-d9b9e08d593f,0.7198,CRITICAL,Treatment
d73fc566-a614-4451-bb64-d0fbd78ba06f,0.7336,CRITICAL,Treatment
49edd2e9-d445-468b-9931-cdeb452d9220,0.7198,CRITICAL,Treatment
6fc02975-8fd5-43a7-acab-c987c256cd29,0.7336,CRITICAL,Treatment
48d746a1-6d85-42a4-8eee-1bba0acf2ef4,0.7198,CRITICAL,Treatment
1f16e29d-be47-4f9c-8851-cd835641c510,0.7336,CRITICAL,Treatment
e618bb7e-aa1c-4066-b4f2-5cf753719896,0.7336,CRITICAL,Treatment
1b40b4cf-7c2f-41ad-a121-5f82cfe89d1e,0.7336,CRITICAL,Treatment
e4aa742c-f20f-40f6-9ed0-2cf66eae456a,0.7336,CRITICAL,Treatment
b25e9d86-539d-4b37-bf2c-447d66ce1e89,0.7198,CRITICAL,Treatment
77af02d4-c1fc-42f4-ad38-53e98264f85d,0.7188,CRITICAL,Treatment
be29b7af-32ae-4cf7-9282-2fb72cac40e6,0.7198,CRITICAL,Treatment
c59a6508-3e07-41e0-b8d2-218d35f85442,0.7198,CRITICAL,Treatment
cf384147-8a5d-4ff2-ad2a-ebf9e3d36178,0.7198,CRITICAL,Treatment
d78d3d57-1391-46fc-b4b5-673a3d761279,0.7198,CRITICAL,Treatment
23f6764f-102d-4df0-85cd-f68eeb7f7bb2,0.7336,CRITICAL,Treatment
1cc4200d-d56f-4274-a2a4-221ee650cc32,0.7336,CRITICAL,Treatment
609ab332-2776-424a-9574-b3d1c6547dd1,0.7198,CRITICAL,Treatment
30795ef0-19a7-4d4c-a4a6-4c2ea4ccfd98,0.7198,CRITICAL,Treatment
0492384d-2157-4f72-9bb6-39e33528a1e7,0.7336,CRITICAL,Treatment
34db5810-d3cd-4e31-8cc4-093802667dc3,0.7198,CRITICAL,Treatment
30bc9c4c-fcf6-4284-8cfd-829d15927be9,0.7336,CRITICAL,Treatment
51d35572-270e-4729-8654-4051ac55bbff,0.7336,CRITICAL,Treatment
49d3f8c2-e344-46cd-a52d-9f2d4405e815,0.7336,CRITICAL,Treatment
b1cd4d00-f2b1-4ee6-9489-bc2788419213,0.7336,CRITICAL,Treatment
dbb5ea25-d9c0-40fa-99c7-9dfde1cc8249,0.7336,CRITICAL,Treatment
de237212-3e3b-4e16-a570-f0da81dac48d,0.7336,CRITICAL,Treatment
d9bcd88f-7468-43e3-a0ec-54d2d4f41b94,0.7198,CRITICAL,Treatment
fe77df65-6685-4deb-a819-e809ced7d666,0.7239,CRITICAL,Treatment
3e827ea4-7cb6-4597-bdf2-9c4cd8a4e4e4,0.7198,CRITICAL,Treatment
2bcb1a7c-1a71-4bd8-8003-0df4bd40b14e,0.7198,CRITICAL,Treatment
9adf90b1-77d0-4983-a40f-4e4b3954a6eb,0.7336,CRITICAL,Treatment
94fd650e-d4a9-4545-82ee-1462676ebfde,0.7198,CRITICAL,Treatment
b56f6003-daab-472b-b583-2883cad3278c,0.7336,CRITICAL,Treatment
39eb4a40-3656-45c9-8fa3-7d8ba1ce1836,0.7336,CRITICAL,Treatment
c73632f5-fd0c-4b6f-87ac-a17ba047bd16,0.7198,CRITICAL,Treatment
3d40366e-73ab-40b7-8f1d-ea1edd31db9e,0.7198,CRITICAL,Treatment
5d21c37d-92fb-4004-a615-c6b07b0308d7,0.7288,CRITICAL,Treatment
0d58fd98-56da-4637-8232-e9ac885dcafa,0.7198,CRITICAL,Treatment
79d5cdd9-9349-42f2-8e3e-0c4368b5cd19,0.7336,CRITICAL,Treatment
a9fd07c6-5f74-4b43-9ead-83ab44e3c591,0.7149,CRITICAL,Treatment
ec0efb85-aefe-4dc2-b9d7-7ead0b746daa,0.7198,CRITICAL,Treatment
5f653ff1-3b1b-4c7b-8d07-5f11a1e256b1,0.7198,CRITICAL,Treatment
17784a8d-a20c-4135-ad9e-c1141c4bf80a,0.7198,CRITICAL,Treatment
61fbe9b3-0a1f-4894-afe3-e7fadb1daa96,0.7188,CRITICAL,Treatment
4007c1ca-f49d-466c-8000-4b74ebf9d2b4,0.7198,CRITICAL,Treatment
8f0c1c2a-4292-4401-84a9-637e38b901d8,0.7198,CRITICAL,Treatment
dc3c0deb-0f98-4261-9ba8-369fdbf65e04,0.7143,CRITICAL,Treatment
464b9610-86ae-4308-83a1-15b6c01b9678,0.7143,CRITICAL,Treatment
a65c33f1-5709-4133-b102-2e5568fee8c1,0.7336,CRITICAL,Treatment
285e40ad-9cc2-4116-9eae-4090515294a1,0.7188,CRITICAL,Treatment
3abe8b27-6702-44f3-9dd7-ac90c285b579,0.7336,CRITICAL,Treatment
1d2d5a48-d76f-4690-8dd7-2fa2e614ffae,0.7336,CRITICAL,Treatment
2eb29878-5d91-478e-bedf-6f9f881f78eb,0.7188,CRITICAL,Treatment
d4d7f0ea-296c-4536-84d7-6c4ad9a3cc81,0.7198,CRITICAL,Treatment
60293866-ad8e-4863-8cef-82a667e9b006,0.7198,CRITICAL,Treatment
fe21b347-e29a-4402-b0f5-e4d591ce6f1b,0.7042,CRITICAL,Treatment
9373a70a-aeaa-4426-841f-33bb2cf258ce,0.7326,CRITICAL,Treatment
70c129f0-7bb3-433e-a227-33250029f638,0.7198,CRITICAL,Treatment
9827e72e-0b97-46b6-8190-d37760425f6e,0.7336,CRITICAL,Treatment
6340419a-3b24-4315-8fb2-4b1d10c8ebba,0.7198,CRITICAL,Treatment
3d9add2b-dd3d-4cc3-95e6-aacbeccf3dcc,0.7336,CRITICAL,Treatment
58f543db-e6a6-4d49-918d-4ecad062c2c3,0.7198,CRITICAL,Treatment
f0cbd568-311d-45d0-bb8e-bbbefa43e91a,0.7143,CRITICAL,Treatment
6999fe22-1ad5-46db-8f8e-7bd1b4d425a3,0.7336,CRITICAL,Treatment
0dc293ce-6ccd-45a8-80a0-a4369f4d035f,0.7198,CRITICAL,Treatment
7f6251dd-8d5f-41d2-a309-ece24e3f78e0,0.7336,CRITICAL,Treatment
dabad4d3-d94a-4537-82d4-68f26cced816,0.7198,CRITICAL,Treatment
b54ee341-4e04-4a5a-8b6b-f8598683391c,0.7336,CRITICAL,Treatment
29e11c50-4d87-4dce-b3fe-dab01af9c5c7,0.7336,CRITICAL,Treatment
e473ea03-f15c-4d4f-a7df-ef086c4a7bb9,0.7336,CRITICAL,Treatment
baed9f5e-194e-4310-aa97-a4ccffbe3c46,0.7336,CRITICAL,Treatment
85570b3f-25b7-49ce-9a42-c11b89f13f1b,0.7198,CRITICAL,Treatment
4f650b14-8b86-4437-8eaa-a08f3775f78c,0.7336,CRITICAL,Treatment
36fc5a32-e98e-4494-b0b0-282f865d6730,0.7336,CRITICAL,Treatment
fb0fdf0c-c02e-4361-a832-55cdaa11eb9b,0.7198,CRITICAL,Treatment
b4b49d3c-80c5-4960-a132-7a90da93e75d,0.7198,CRITICAL,Treatment
660a5411-8b50-4a97-a043-9001d52f89ad,0.7336,CRITICAL,Treatment
761ca821-fa5c-4873-8c4b-73dc34ad9522,0.7336,CRITICAL,Treatment
105c72be-e54f-4648-bf4d-a0d91688b811,0.7336,CRITICAL,Treatment
8ca21b7c-5c88-42a4-99e9-c3cafd40ce1c,0.7042,CRITICAL,Treatment
d6d1dfbb-4156-4962-b6dd-5b2981cac917,0.7336,CRITICAL,Treatment
02d2d191-5685-4ce0-8f2c-b03a14f60468,0.7336,CRITICAL,Treatment
169d8fff-8358-4da2-aed4-94183179ceca,0.7198,CRITICAL,Treatment
b0c0d200-2ef8-40a8-9c5c-0d9808d80a1d,0.7336,CRITICAL,Treatment
81308f02-bb3e-4819-8844-28c6bf66ec2e,0.7198,CRITICAL,Treatment
224b41c6-0310-42b6-8a4f-7b3b1cfa9886,0.7198,CRITICAL,Treatment
a60d5ce2-f33f-42c0-a2ba-7a2e8759dbf2,0.7336,CRITICAL,Treatment
7e19d3e1-bdab-403a-a8c0-38386a666171,0.7198,CRITICAL,Treatment
712e70ef-84ca-4a2f-8fa9-4a24a9c567b1,0.7198,CRITICAL,Treatment
8434ff88-1dc0-46b3-84ff-f4be4c46bc73,0.7018,CRITICAL,Treatment
d8b934ba-d9a2-4930-9769-b9fc26ee887a,0.7198,CRITICAL,Treatment
0a359633-37f2-4399-bbc6-c0e5fc318b54,0.7336,CRITICAL,Treatment
6c1bd2c6-d601-4bf3-97c0-58f0f1269236,0.7198,CRITICAL,Treatment
ebf50dfd-46da-4a67-8de2-6e4b28a3880b,0.7336,CRITICAL,Treatment
e46b5e0f-aa17-4e4f-a9c7-8825541b15f3,0.7198,CRITICAL,Treatment
f4a26658-3258-429e-981f-0ae82e806da8,0.7198,CRITICAL,Treatment
5b55100c-0cd7-4719-bf0a-93819aed62b6,0.7198,CRITICAL,Treatment
e9231dd1-2db0-4839-ad9f-6c0c0b02590d,0.7336,CRITICAL,Treatment
bd811167-8642-4434-81ad-03d0764facfe,0.7198,CRITICAL,Treatment
8e682666-59e1-4495-b47b-e8edace0865c,0.7336,CRITICAL,Treatment
f38aef3c-bfc4-41bb-9527-f6ee622e0ba0,0.7198,CRITICAL,Treatment
cfc560e3-f87e-4580-bb5a-4bbcb03ada91,0.7198,CRITICAL,Treatment
c9a88fc7-cf38-4a33-9d18-acd02faec1c2,0.7198,CRITICAL,Treatment
e39e05e0-ef93-46b7-b458-05b6281f4309,0.7198,CRITICAL,Treatment
51a74bc6-7099-4b74-ad3d-69a2887fa7d1,0.7198,CRITICAL,Treatment
bdd24e78-d828-4b4a-902e-36ad29e30a67,0.7336,CRITICAL,Treatment
12c9528c-d7d6-4047-89eb-7bcbe7b3efa6,0.7336,CRITICAL,Treatment
583e9dfe-8a8d-4b96-ba48-b336976cd99c,0.7336,CRITICAL,Treatment
0d13dd76-c967-44fb-920a-431a863fdc52,0.7336,CRITICAL,Treatment
c694ffdd-aa55-4956-9bde-639c1c3154bf,0.7188,CRITICAL,Treatment
f529e73e-8309-4bfe-8d66-30948a836d90,0.7336,CRITICAL,Treatment
536f429f-7f0e-48d8-be64-a7e99dffa450,0.7143,CRITICAL,Treatment
bb8ef45e-c818-46ab-8e28-ee552116fffe,0.7336,CRITICAL,Treatment
c75f1300-9acc-4d8a-a1f3-6406f649a04d,0.7198,CRITICAL,Treatment
4b678a5a-541d-466a-8a7b-94d5ab91c966,0.7198,CRITICAL,Treatment
0c097863-694b-4350-8794-200991e68c03,0.7198,CRITICAL,Treatment
6e153415-647e-443d-8f66-e40e9f8ea7e5,0.7198,CRITICAL,Treatment
37c537d7-bb36-40a1-85e7-fc3cf6f0c6e1,0.7198,CRITICAL,Treatment
c0d5f668-1bb4-46e1-9eef-1a6a0124a17b,0.7336,CRITICAL,Treatment
c1cf7f27-956d-4dd4-a9b3-5a2267f30ba1,0.7198,CRITICAL,Treatment
a4fe3bdd-f26c-48eb-ab86-28544f31ef98,0.7198,CRITICAL,Treatment
7d374866-32bf-4346-b47c-811a85b7b607,0.7143,CRITICAL,Treatment
b4fca347-6109-4b52-8a6b-614eaae5ca42,0.7198,CRITICAL,Treatment
b1ca5997-dc62-407c-b887-f9bac46ee9f3,0.7198,CRITICAL,Treatment
40a5c32d-dd85-4ac9-bb0c-843a0a678ff2,0.7198,CRITICAL,Treatment
fd23e482-f89f-4c20-a90c-cbf271ddc189,0.7198,CRITICAL,Treatment
47b3ac5e-2291-4b78-8229-b554d774746a,0.7198,CRITICAL,Treatment
f2df8a77-33c8-44e8-ac50-5125f0eabe2a,0.7336,CRITICAL,Treatment
81315df3-f046-48bd-8b04-bd0693a593b8,0.7198,CRITICAL,Treatment
6a577a2d-7187-48c0-9d03-3a35b1774372,0.7198,CRITICAL,Treatment
30f061d0-6a4d-4348-bf1d-73fae78e5409,0.7198,CRITICAL,Treatment
8b7b4d33-33f5-4158-b2d5-f2bcb2c8e7cf,0.7336,CRITICAL,Treatment
8b93df55-48b5-450e-96fd-48786c5d49c0,0.7198,CRITICAL,Treatment
b0ef6c44-d49f-40ad-b37c-ae1411d93091,0.7336,CRITICAL,Treatment
74d71980-2c06-4b8b-8d31-91c065f4e771,0.7198,CRITICAL,Treatment
49a4fef9-ae89-4ff7-84b6-f2d4e602d524,0.7336,CRITICAL,Treatment
936d318f-0a0a-4bdc-92ab-bd08388d882f,0.7336,CRITICAL,Treatment
e2655a20-9779-4e8c-aec9-7796ed7cad60,0.7198,CRITICAL,Treatment
1edb02fe-7c12-4210-b958-90b1d9a52fb1,0.7336,CRITICAL,Treatment
a01be040-4d60-4f37-84c3-604bec8ba0f9,0.7198,CRITICAL,Treatment
4eb0b717-649d-40e6-b95e-ede154a97ee2,0.7149,CRITICAL,Treatment
5531c0bf-c6f6-40de-8873-0fe07ed88d9c,0.7336,CRITICAL,Treatment
36164e92-e355-4426-83fd-6ef06f2600fd,0.7336,CRITICAL,Treatment
f9f62b66-720a-4762-a1c7-8742823ecd9a,0.7336,CRITICAL,Treatment
209332ed-f5c2-4001-9423-7315df0baef4,0.7143,CRITICAL,Treatment
81b09ecb-1242-48b8-87ce-e8a138c948b6,0.7198,CRITICAL,Treatment
0a5909b3-eb03-4d48-95e8-455ae5e103eb,0.7188,CRITICAL,Treatment
0a476e07-cdc7-4069-b601-44120de3eb10,0.7198,CRITICAL,Treatment
1e064c29-22db-4659-9422-d476f5d04874,0.7336,CRITICAL,Treatment
ca05435f-3abc-4309-9bf4-c83a827df279,0.7198,CRITICAL,Treatment
c7cbff13-0a26-49f5-9306-c865f37fcf31,0.7336,CRITICAL,Treatment
84643fdd-fa67-4f5d-9dcd-fbc0850f2e09,0.7336,CRITICAL,Treatment
b2f97bf9-c338-4a95-8628-91e1c6a694d9,0.7198,CRITICAL,Treatment
731ac5b1-f38a-401a-923b-f5acdee42f30,0.7198,CRITICAL,Treatment
f11e37fc-0ba0-4a02-9722-4d8022a44654,0.7336,CRITICAL,Treatment
7cbd7167-473a-4273-be6c-40f04c344710,0.7336,CRITICAL,Treatment
76747422-4174-4b24-a98b-2ebeea8aec46,0.7198,CRITICAL,Treatment
5606a90a-aeaf-4ee8-86ec-494c5531dc6d,0.7336,CRITICAL,Treatment
d6bb99d1-c3ea-4868-bb8d-bd6d3e49ba4c,0.7198,CRITICAL,Treatment
68b2ee5b-35a4-4eef-8d2a-b9fdee8ca658,0.7198,CRITICAL,Treatment
4726bdf3-da71-406d-b1b8-cf881b436de8,0.7198,CRITICAL,Treatment
b2e29e96-a0d7-4896-876c-2a0b5fb6b72d,0.7336,CRITICAL,Treatment
1ea56320-a0c7-4d87-a098-15eddea2acfe,0.7198,CRITICAL,Treatment
6abcdb75-ac25-4291-b700-3b3509cd5e6c,0.7198,CRITICAL,Treatment
e5371901-6d43-4891-a3f6-5c21dde878ff,0.7198,CRITICAL,Treatment
885dec52-140c-47a7-80a8-9b99802c222a,0.7336,CRITICAL,Treatment
1a306b05-5ab7-40b0-af80-0f6a7b638295,0.7141,CRITICAL,Treatment
8116fe7e-748c-47ff-8b6e-bae1bf6f75ac,0.7198,CRITICAL,Treatment
764589c6-1211-4952-8e38-b53e3bfc7327,0.7198,CRITICAL,Treatment
287d3310-0a7b-47bd-b5b7-9a5746e14225,0.7198,CRITICAL,Treatment
6aab6596-b0ed-49e7-a0d3-68fe294d78b1,0.7198,CRITICAL,Treatment
a538bfde-8d7d-4f37-9fde-73301a680d98,0.7198,CRITICAL,Treatment
4ae7222c-6ef3-4b3b-8125-48414c9596df,0.7198,CRITICAL,Treatment
30d06ad4-f849-4c01-aaf1-0e768479cd0c,0.7336,CRITICAL,Treatment
7c5bb83b-f73e-42da-92b7-b70049e62e8a,0.7336,CRITICAL,Treatment
fc4a18fb-4d9d-495e-8b32-d68d48f461df,0.7198,CRITICAL,Treatment
ed44fc38-7912-46aa-9014-97e10cf729af,0.7336,CRITICAL,Treatment
8b7d8d96-1d73-47c0-8fa9-0129839abda8,0.7198,CRITICAL,Treatment
bbd4f315-f3d8-4131-b465-aba9d93e2eef,0.7198,CRITICAL,Treatment
1821ea0f-cd09-4d45-886c-4021b36d75f8,0.7188,CRITICAL,Treatment
2c1ac8cf-af7d-4041-980b-19c5752fa6bc,0.7198,CRITICAL,Treatment
d202b2bd-989a-430f-8e74-b9c6334a2f20,0.7336,CRITICAL,Treatment
1e0d8709-2ec9-4e28-acc0-b37992fa66d5,0.7198,CRITICAL,Treatment
a35ee7f2-1e42-4a78-b383-acb2802db622,0.7198,CRITICAL,Treatment
1e5503d4-d191-42af-9950-4228cc2c2efb,0.7143,CRITICAL,Treatment
9b9a773f-c304-475d-b8ca-a192e41821ec,0.7336,CRITICAL,Treatment
fe4bd9ee-ad39-4931-8aa8-ab9c37649fc0,0.7168,CRITICAL,Treatment
bcf47a79-78f0-4175-9dc0-c48737e57437,0.7336,CRITICAL,Treatment
279c4bc7-cdc3-4cb4-ab02-4bc9c2b6467f,0.7198,CRITICAL,Treatment
07deadb3-f1af-4ffb-b17b-41a76a7d0111,0.7198,CRITICAL,Treatment
c79b674d-7b98-454f-b632-d25f5e811a2a,0.7143,CRITICAL,Treatment
5f34b6c4-297f-47ca-afd5-962d2c1524af,0.7336,CRITICAL,Treatment
06ec619c-69d2-4ef8-95ec-f982e9f95700,0.7198,CRITICAL,Treatment
26c3dc9d-1dae-4135-ba0e-3bc2997ba32b,0.7198,CRITICAL,Treatment
b6ea1e5a-2ecc-4956-95b3-570afa65927b,0.7198,CRITICAL,Treatment
84dd2a53-db68-4bdc-83db-5dad419fb072,0.7336,CRITICAL,Treatment
39e366e1-5470-44b4-9aaa-456606a26b0b,0.7198,CRITICAL,Treatment
39351d15-1405-40d6-ad19-13dd8e34d943,0.7198,CRITICAL,Treatment
62aaa215-b736-44de-87c4-b35409a28795,0.7198,CRITICAL,Treatment
f4697570-5e49-4c59-9f25-15cf73a9ff06,0.7336,CRITICAL,Treatment
e393a0a8-7ac7-443c-9349-753ebac91c30,0.7068,CRITICAL,Treatment
b441d1cc-7342-467e-bfb0-461e6cc37e17,0.7336,CRITICAL,Treatment
d72c18ad-dd12-49a0-9f53-d32c1b4c58a5,0.7336,CRITICAL,Treatment
b781ca10-0064-44c9-a439-200569791ee8,0.7336,CRITICAL,Treatment
8c15031a-6241-4c61-866b-2cdf17837337,0.7336,CRITICAL,Treatment
17fbfb25-e863-4650-991d-3996e708a552,0.7198,CRITICAL,Treatment
e6b83769-fb50-490f-b197-38af66a95682,0.7326,CRITICAL,Treatment
4840bbc1-9232-4dac-9e59-2af8b7659cbc,0.7198,CRITICAL,Treatment
e1298c67-97a2-4dcb-a576-d4f7af16711e,0.7198,CRITICAL,Treatment
38793de9-59c3-469d-96ae-7a28c347fb01,0.7336,CRITICAL,Treatment
5d7e4652-29ce-448e-81aa-22af14b5fe70,0.7336,CRITICAL,Treatment
0d4840b5-3a29-4840-a9cc-a64195fd5435,0.7198,CRITICAL,Treatment
d01f14ec-fa20-44bd-bb3e-a5fff166e5bf,0.7336,CRITICAL,Treatment
11df68fd-c9ae-4de0-999b-c680816e6774,0.7198,CRITICAL,Treatment
f1abddda-198b-48d9-a458-2bd65c27ee92,0.7336,CRITICAL,Treatment
c72e07ae-8569-49ad-8565-e6f7db7bf6ac,0.7198,CRITICAL,Treatment
4ff7e563-89c6-4e9c-9f32-302878ea6251,0.7336,CRITICAL,Treatment
6f8fadb6-786e-4b53-a95e-ae47e00c710c,0.7198,CRITICAL,Treatment
290b591d-7307-400c-8149-57f904f7256e,0.7109,CRITICAL,Treatment
8209c2a2-a229-4ccc-b8d0-194b72ccfada,0.7336,CRITICAL,Treatment
da962da9-1678-4a71-858e-af038c813df9,0.7198,CRITICAL,Treatment
0803a105-a58e-4961-a732-2e37f28adf32,0.7336,CRITICAL,Treatment
9826f986-8cd5-4448-85b0-7bca40c01c13,0.7198,CRITICAL,Treatment
0c9faa6f-9da9-4336-8dec-fcbc2dcdeafe,0.7188,CRITICAL,Treatment
8704a6f4-2fb2-4120-8487-5592e31ac755,0.7198,CRITICAL,Treatment
a4648c15-f254-4496-951c-1daed9257f73,0.7198,CRITICAL,Treatment
526e3aec-d1a5-400f-a5f6-9903ff000cb3,0.7336,CRITICAL,Treatment
eb1c1a8a-4d2e-4718-ba5a-cc8b6a0ef9dd,0.7336,CRITICAL,Treatment
2b20b0ab-ccec-422e-ab71-4f60bae294b2,0.7198,CRITICAL,Treatment
07c1a695-2e50-4448-88f4-9ee1ae6d590d,0.7198,CRITICAL,Treatment
ceda4f6c-72a2-4596-8a1b-5c0fc123e2d2,0.7143,CRITICAL,Treatment
84793995-4d14-481b-94a5-4fde84389f37,0.7336,CRITICAL,Treatment
7cc8a0dc-213b-4528-8240-ee7a54a70506,0.7336,CRITICAL,Treatment
3eb03227-84b6-4bb6-afaf-b62e467b2a46,0.7198,CRITICAL,Treatment
53f64353-0013-4984-b4dd-a6b072d2d3ab,0.7336,CRITICAL,Treatment
7309a8cb-952c-4536-95b9-510862b2ed21,0.7198,CRITICAL,Treatment
ed467f74-86dc-4170-8a46-dceb3ec9cda0,0.7336,CRITICAL,Treatment
44ed2816-6418-406d-bb53-99d175f581dd,0.7198,CRITICAL,Treatment
f25bc488-e2aa-4bd1-bac4-0c277c3528c8,0.7149,CRITICAL,Treatment
60bbdf4a-a0e6-40de-80d1-a4b7c6e97240,0.7336,CRITICAL,Treatment
d4c94aef-ff80-4159-9eee-01915e077bea,0.7198,CRITICAL,Treatment
4f013115-86c3-4b6e-8fec-dd1685f78e85,0.7198,CRITICAL,Treatment
c203cdad-1690-4e35-9ef5-e951895d9aa0,0.7198,CRITICAL,Treatment
c7789a2d-5f11-41bd-b835-d564e4b8fa41,0.7198,CRITICAL,Treatment
a42dc70d-0d37-416e-9eb6-19ef99aff6f1,0.7336,CRITICAL,Treatment
3c4069a3-154a-4d7a-b495-a519045b36f7,0.7188,CRITICAL,Treatment
54956ebd-2c3d-4a2f-81eb-b2f15c3ccd3c,0.7198,CRITICAL,Treatment
df8598ca-2769-4310-9df0-3c52d912e6de,0.7336,CRITICAL,Treatment
5ad6c0d8-7b14-4611-8b6d-c0a284c23d31,0.7336,CRITICAL,Treatment
ea75f5ef-6ef9-49e9-8b97-876062c85f99,0.7198,CRITICAL,Treatment
8a209473-9a9c-4bea-b1cd-3f5871d6ed85,0.7336,CRITICAL,Treatment
973ed9f4-3e38-48a5-ae4c-e275bad9dca1,0.7336,CRITICAL,Treatment
1f823a05-9b5a-4bed-981d-eaf32c1eb16b,0.7336,CRITICAL,Treatment
cd003588-d89e-4454-8347-e6d885718bb5,0.7198,CRITICAL,Treatment
d7b88ace-3f23-40a4-9e8e-e2829db61433,0.7198,CRITICAL,Treatment
59da6596-590f-41b4-a0a1-96ea64bb8fc1,0.7198,CRITICAL,Treatment
8b2bc7e4-e175-4371-a61f-cac375a2f9ca,0.7158,CRITICAL,Treatment
e61a4714-6924-49dd-8daf-8528e14b59e1,0.7042,CRITICAL,Treatment
b1ede038-9d66-4f1a-961d-ca240eabebef,0.7198,CRITICAL,Treatment
a4bd7288-cce4-4696-a848-27b66d2d5c33,0.7336,CRITICAL,Treatment
b5d48ab1-8961-48c0-afd1-6335a50e8a51,0.7198,CRITICAL,Treatment
7e2a3851-eca0-4318-8cd9-d3ee65e5f83c,0.7336,CRITICAL,Treatment
0ef81c15-2179-4af8-af4a-b99c93464023,0.7198,CRITICAL,Treatment
bd70d6f6-a884-43b3-9569-cb42223fb0fc,0.7336,CRITICAL,Treatment
f8c940c0-7e7c-46da-bf4f-558b462ffcc8,0.7336,CRITICAL,Treatment
03bc6a70-8b3c-4917-b958-b9d60c1a8a66,0.7336,CRITICAL,Treatment
b895ca0c-e9e1-4708-9a9f-554aeca3ad78,0.7143,CRITICAL,Treatment
0c1faa8e-e941-4a69-841a-553e06f5b318,0.7198,CRITICAL,Treatment
5991a6ac-a471-4dc7-9cb5-4c3ed3dcb9bd,0.7336,CRITICAL,Treatment
f39fb9b3-4dc5-4ec4-91a0-1b6f7917b0de,0.7143,CRITICAL,Treatment
6c1f377a-b354-4b9e-bd20-028f6c31d0b2,0.7198,CRITICAL,Treatment
47b40cd2-1d16-4afd-9ca7-ecd7369160ea,0.7198,CRITICAL,Treatment
51471c1a-3247-4464-81c0-82e6859cf2d0,0.7198,CRITICAL,Treatment
dc02ac30-93f8-434e-8e40-a72e36b55191,0.7336,CRITICAL,Treatment
030b6e0f-dfa4-4261-91de-7882cdefe7fd,0.7198,CRITICAL,Treatment
0938f801-8892-41dd-a945-c8373cd8fd78,0.7198,CRITICAL,Treatment
ebc7c24f-9ffa-4188-bb67-b5ae9a8fb2d5,0.7336,CRITICAL,Treatment
37fd4bd7-6bea-4eef-b4bb-ede732b91411,0.7336,CRITICAL,Treatment
1648e030-39b5-4388-b0ec-3b5bd7935cc6,0.7336,CRITICAL,Treatment
019440da-0349-475b-8cce-c5c7aa4a29ca,0.7336,CRITICAL,Treatment
57df46ef-80f0-41d4-8741-390643b44419,0.7336,CRITICAL,Treatment
cd0534af-77a7-4915-ace5-ecf24451d2b1,0.7336,CRITICAL,Treatment
83d1b386-01fa-4cdc-831b-0dd57fadb52e,0.7198,CRITICAL,Treatment
e1478a68-ae64-4c70-9893-30b244c762a2,0.7336,CRITICAL,Treatment
d642fa63-904a-4c16-8ab2-733a567b6033,0.7198,CRITICAL,Treatment
1b95d842-8833-46d4-8a2f-fc6270d33642,0.7336,CRITICAL,Treatment
789057e9-04f7-4b49-b1dc-4cd8d4c60561,0.7198,CRITICAL,Treatment
1f8d575d-e963-4f3f-b4d9-caa0169d4f41,0.7336,CRITICAL,Treatment
1548aff0-cb57-46b4-b5e0-c966d4425c23,0.7198,CRITICAL,Treatment
89e176d6-3d20-4c2e-bb36-1c3372dee776,0.7198,CRITICAL,Treatment
d0aad6ca-4201-489f-be6f-111da60f2bc2,0.7198,CRITICAL,Treatment
5a33602b-0a37-46e8-99ad-51f78852f427,0.7288,CRITICAL,Treatment
fccb7b57-a0ac-4f4a-9ffc-b291c5048e96,0.7336,CRITICAL,Treatment
a19d7ce1-b91d-47d3-a7e9-b996aa150ca9,0.7336,CRITICAL,Treatment
30c20036-a594-4839-97c3-3c824adfcfd4,0.7336,CRITICAL,Treatment
6a030bcd-4c9a-4ad1-ab45-9c34894b46b5,0.7198,CRITICAL,Treatment
03524b8f-da4b-4d90-9ab6-bf9deb8e96c5,0.7336,CRITICAL,Treatment
8d33e73c-b8f9-4db8-a80c-cda8de5a31b2,0.7198,CRITICAL,Treatment
d328ef8c-0bbf-4d63-853e-64b9054d4b90,0.7198,CRITICAL,Treatment
e3c35ad3-4da2-4d5c-99a1-ef7375b4def3,0.7336,CRITICAL,Treatment
5b8996d2-e955-4246-84f1-947881e7c50c,0.7336,CRITICAL,Treatment
6c60b229-d1f2-4754-8993-1fc7f8fe25b9,0.7336,CRITICAL,Treatment
bbd59ca4-d8d3-4985-88cb-fda460af6d0e,0.7336,CRITICAL,Treatment
8fa57c3a-b5c6-4811-b3b4-3b77c88c50e1,0.7336,CRITICAL,Treatment
44014ddf-8b6b-4770-87fd-c58537453706,0.7198,CRITICAL,Treatment
98b75f1f-eb94-432f-9193-f09548bbfb91,0.7198,CRITICAL,Treatment
22e97171-2c51-46ea-8c38-224620ec5135,0.7336,CRITICAL,Treatment
e9c8564d-3362-48d6-982f-bc6e5f9666be,0.7336,CRITICAL,Treatment
dbeee156-2cb0-4857-afda-6b1cbd4f63db,0.7168,CRITICAL,Treatment
a9c8e1d3-41ed-4672-979d-1043b1d94849,0.7198,CRITICAL,Treatment
389f50d3-f8b2-49b3-b0ec-49b5482f3491,0.7336,CRITICAL,Treatment
5e1f8362-1729-4426-9fb1-09b5f507f3ab,0.7336,CRITICAL,Treatment
0fdb4ff6-c4cc-48f6-b92d-645b266a2d64,0.7336,CRITICAL,Treatment
8ed18990-85b0-445c-b0a5-0ca669391806,0.7198,CRITICAL,Treatment
14a3c98b-1fc7-4d4f-8e2e-49fa6f65105b,0.7198,CRITICAL,Treatment
d5d5ea64-8580-416b-9883-4ff7913d322c,0.7336,CRITICAL,Treatment
501ed40c-b0ea-4580-8cae-67b6f0adab1e,0.7198,CRITICAL,Treatment
2fe8b9f1-8cf0-4e70-a17c-b29846c3a0d6,0.7198,CRITICAL,Treatment
c1e900a1-1af5-43cb-9b55-d28b38aa9671,0.7336,CRITICAL,Treatment
3fce53aa-8d4f-484c-b6f1-19dbd5c53866,0.7198,CRITICAL,Treatment
64254cd8-56fe-451a-8c1d-60961c7c5ff1,0.7198,CRITICAL,Treatment
5c71a182-ca2a-4866-af25-87b02e7cc0d5,0.7198,CRITICAL,Treatment
3a4e1e0c-fdbd-4b31-88ce-2ec488d37603,0.7198,CRITICAL,Treatment
e074c979-c8e0-46c5-a153-47763224d1b3,0.7143,CRITICAL,Treatment
9ef0595a-2d44-4997-8c79-8ded3bacfb38,0.7336,CRITICAL,Treatment
b14ab95d-616c-4228-9c26-605fd7d87f1c,0.7336,CRITICAL,Treatment
09b9e547-1358-437f-9615-e29319a85a44,0.7188,CRITICAL,Treatment
b8707e78-fbfe-45e2-a2e1-bb4ec93c1658,0.7336,CRITICAL,Treatment
43f0bc55-3ee0-4da4-af96-4d1b377596e6,0.7198,CRITICAL,Treatment
6660f01c-3a43-4cc0-a4af-a76c643d0106,0.7336,CRITICAL,Treatment
2c3e5583-71ee-4396-b33e-b96d264d5f18,0.7336,CRITICAL,Treatment
d148b105-944d-4117-8cdb-947eb16b811f,0.7336,CRITICAL,Treatment
425dd75e-9fd0-46d3-ac32-bdb36f00d33d,0.7198,CRITICAL,Treatment
c642c101-bf58-429f-8acf-2f53e55f3b49,0.7336,CRITICAL,Treatment
b3655f07-f8e8-4dac-96df-d35a5e3cbe62,0.7198,CRITICAL,Treatment
4ada7224-57a5-4376-a3f4-4a0b37580107,0.7336,CRITICAL,Treatment
2ff799be-70be-4692-9601-c07a5232d1a1,0.7198,CRITICAL,Treatment
3a230160-745a-4809-9880-b3b5a862e86b,0.7198,CRITICAL,Treatment
289d0362-891c-4b47-a2ba-687864646cec,0.7198,CRITICAL,Treatment
6f6d2da8-b541-472d-8113-a100db50d37b,0.7143,CRITICAL,Treatment
7407ee33-11e1-4f9e-bd05-1c9fca797453,0.7198,CRITICAL,Treatment
dacad42b-1384-484a-b82f-96e649ab9b83,0.7198,CRITICAL,Treatment
5209f4a7-f6e9-457a-8b1f-92e00221f618,0.7307,CRITICAL,Treatment
1c2a95cc-5747-47c7-85f0-263f841cf49f,0.7336,CRITICAL,Treatment
e6b029db-d949-453d-9ff3-f818ffa7aa9c,0.7336,CRITICAL,Treatment
969a5aac-ad02-4454-b14a-34ae70fad823,0.7336,CRITICAL,Treatment
a46f21f5-5d00-4e63-8fa5-5621e9094ce7,0.7198,CRITICAL,Treatment
0247b9bc-3e26-4d0c-88ee-e496345a04a0,0.7198,CRITICAL,Treatment
28016245-a9ee-45f8-9480-372d4b0faf2c,0.7143,CRITICAL,Treatment
82b89803-117d-45a9-8e5a-d2ec21ccd7cc,0.7168,CRITICAL,Treatment
2a4b8000-a4d2-407e-820d-e2f48477e7be,0.7336,CRITICAL,Treatment
57d564c1-8854-46c1-90f3-0d85dbfb90fb,0.7336,CRITICAL,Treatment
64ea7442-6917-4c68-9c51-7075b4719f55,0.7198,CRITICAL,Treatment
deb04542-f3ba-4163-9e5c-cdd56181aa0c,0.7143,CRITICAL,Treatment
face8dd3-aad0-49c9-9e21-f1a3b548699d,0.7099,CRITICAL,Treatment
267bd334-05d5-4fd7-b9f8-5d53d5ce737f,0.7198,CRITICAL,Treatment
1012102f-c4c9-46ec-8c01-354d03e8a05b,0.7198,CRITICAL,Treatment
e05d2eaa-a5bc-4c2a-87c0-55eb7e2d5e86,0.7336,CRITICAL,Treatment
689c0172-a3df-412e-8181-445de3dab450,0.7198,CRITICAL,Treatment
c8088e78-d6e7-42eb-8c98-ba9ebd846283,0.7336,CRITICAL,Treatment
2897beff-f3af-4c5a-9e89-e2f476b076cb,0.7143,CRITICAL,Treatment
a79a64f5-7344-431a-bd96-c394b8c2403c,0.7336,CRITICAL,Treatment
ba982609-cf63-4e25-934c-9bcaa1dc94ae,0.7336,CRITICAL,Treatment
dd4cfb20-7973-4b63-b1fe-616d26098a7d,0.7336,CRITICAL,Treatment
b6ecaf84-bbe2-4ee1-a6e6-d9e883ce9b79,0.7336,CRITICAL,Treatment
d4f3972b-735f-4e4f-9f80-7df17931a34c,0.7198,CRITICAL,Treatment
2858c9a9-3610-468d-b472-e5fbe69f1256,0.7198,CRITICAL,Treatment
1483a2a1-7814-4b7d-aca8-27c6e8c73624,0.7336,CRITICAL,Treatment
d3dbf53a-37b9-4755-b950-b0dc5c99cab0,0.7336,CRITICAL,Treatment
af85f79f-bed8-4335-8d54-16e0ff67694e,0.7198,CRITICAL,Treatment
34126839-c4cd-497c-a585-0f8cc3bd6113,0.7336,CRITICAL,Treatment
862df697-2784-42f0-b92d-218c9ce6c436,0.7336,CRITICAL,Treatment
4deff5c4-ea52-4e5d-b01e-91a5be2bde14,0.7336,CRITICAL,Treatment
53738f32-8774-4e61-935f-0135be95e738,0.7336,CRITICAL,Treatment
932a77ce-ce61-47aa-9b3e-5f7c5b560d98,0.7336,CRITICAL,Treatment
b3f33dbe-1932-4835-a234-35af3e58b7f7,0.7198,CRITICAL,Treatment
5333c5a3-b2b4-495b-9463-66dcf7172a22,0.7198,CRITICAL,Treatment
3132d085-1460-49c8-8fb3-b0cba4afeb41,0.7198,CRITICAL,Treatment
a0c90250-163b-42e5-b004-133cd7fc7eb4,0.7188,CRITICAL,Treatment
ec908af8-3d3c-4c41-9738-f781e96df09a,0.7336,CRITICAL,Treatment
39306c86-aebf-4142-a98b-dc578b6a9a23,0.7336,CRITICAL,Treatment
90e20b99-8595-4e1c-95a3-29e344d507af,0.7336,CRITICAL,Treatment
33dbedd9-0c6b-4023-a85e-494cef816f1d,0.7143,CRITICAL,Treatment
48f87966-0dd5-4921-b832-ca8d745ad467,0.7336,CRITICAL,Treatment
a272c924-61e0-4ee1-94a8-de178cb71016,0.7198,CRITICAL,Treatment
bec4ad61-f493-41e9-884b-711763afc7dd,0.7198,CRITICAL,Treatment
54ea1692-2778-4692-af9f-c155369195bd,0.7198,CRITICAL,Treatment
3e4f9711-eb50-40c4-a833-90eea573195a,0.7336,CRITICAL,Treatment
0a8698b9-7546-4ace-bc53-8ff186b2b20e,0.7336,CRITICAL,Treatment
df577b01-c90b-4e1e-8c6b-cdba9db3acf6,0.7198,CRITICAL,Treatment
9c98a069-0ec3-4e36-a6a9-d27e75f6c1d1,0.7336,CRITICAL,Treatment
74c8d93a-1325-41b0-a26c-3e63a665054d,0.7198,CRITICAL,Treatment
602a95ff-6c70-471e-95d4-47fe2b9c4513,0.7336,CRITICAL,Treatment
98761442-8213-4c74-b3f6-2b7daa936fab,0.7336,CRITICAL,Treatment
3a2b3b79-e7d2-40fc-8eca-6f5eae296f63,0.7336,CRITICAL,Treatment
cc757d09-d3dd-46a9-860d-23464c7d57f3,0.7336,CRITICAL,Treatment
3f913c69-c586-475f-904b-244c68d40f55,0.7198,CRITICAL,Treatment
4feb41f6-ec18-430c-b3d7-6390061c95bd,0.7336,CRITICAL,Treatment
a19df228-8b38-4989-a92a-9c2199cba4ee,0.7336,CRITICAL,Treatment
c30a07f3-b9cb-4cbc-993b-c96fadd2f2d8,0.7198,CRITICAL,Treatment
fa924924-6f24-4bd5-8c7c-bc194933192a,0.7198,CRITICAL,Treatment
9d548f7a-f359-4afb-8cd4-89e6b3cd822e,0.7336,CRITICAL,Treatment
36ea2dde-5d45-40d3-b518-b92f2f60408e,0.7198,CRITICAL,Treatment
82719cb3-0b22-4dde-961f-0f52e3f53a24,0.7336,CRITICAL,Treatment
9bc8bac7-0eb4-4417-a1b2-ff19271f0420,0.7198,CRITICAL,Treatment
fd062ec5-ae25-4795-bc95-fb88cb3499bc,0.7198,CRITICAL,Treatment
5a52b473-5d34-4609-b88d-236242c2783c,0.7336,CRITICAL,Treatment
ccb79a2c-ba08-404c-abc1-9b7d6b19ca30,0.7198,CRITICAL,Treatment
6320617d-817b-4d13-9478-7b03c2f1b855,0.7336,CRITICAL,Treatment
ac105052-8114-45a2-862c-b4a729bf5537,0.7198,CRITICAL,Treatment
54857685-2919-469e-a50c-1e0d1ffebc0b,0.7336,CRITICAL,Treatment
2503dfca-3b56-4ca1-9d2e-c5cfd3dcb685,0.7198,CRITICAL,Treatment
2f27b7b0-d775-41df-8a1e-09ac6cc7a3a9,0.7198,CRITICAL,Treatment
44ec3646-641d-4e81-9ed6-9d21d3268ff2,0.7198,CRITICAL,Treatment
6030404e-3e23-49b3-8ee6-e3f52defd01a,0.7336,CRITICAL,Treatment
751bcf61-bfea-4fb4-aa1e-960f0c811741,0.7119,CRITICAL,Treatment
ed364722-e233-496a-9b01-acfa35e6c66d,0.7198,CRITICAL,Treatment
9b3893bb-b9ad-4195-b95d-04d4ed506b27,0.7336,CRITICAL,Treatment
590b85c4-ba87-48f8-bdcd-62b1d7ee74be,0.7336,CRITICAL,Treatment
33703fae-a852-4e47-942a-de82e27e04d6,0.7198,CRITICAL,Treatment
7ee19902-f9ea-4125-a3b2-a33300a5903b,0.7198,CRITICAL,Treatment
8acbab26-9b2f-411f-8503-a37dfc28aacf,0.7336,CRITICAL,Treatment
94997f56-fcd5-4ed3-962f-a076e8eb0b8b,0.7336,CRITICAL,Treatment
40458cdd-7ad0-4dfc-9200-28aab4e5fb93,0.7336,CRITICAL,Treatment
0440d2fc-ccaf-45d4-ab9f-fed316601d88,0.7336,CRITICAL,Treatment
b7dbd045-5974-4baa-8a98-f99d78a9e49f,0.7198,CRITICAL,Treatment
b772a1e7-9667-4360-9789-9bb44a693087,0.7336,CRITICAL,Treatment
4ad4a646-7f72-4544-93d4-99574e87be7e,0.7336,CRITICAL,Treatment
efcb2e1e-f6e3-4845-aba3-181e450b56b2,0.7198,CRITICAL,Treatment
74db349b-f46a-4add-8058-457c4fdf66fb,0.7336,CRITICAL,Treatment
923cd1c8-a6bd-461d-aee9-2143c6801f4f,0.7198,CRITICAL,Treatment
7def9fd0-2d1e-4901-87ba-46fac9ed9b12,0.7198,CRITICAL,Treatment
5d888c49-449c-4ddf-a905-31e02185b9f4,0.7336,CRITICAL,Treatment
176f753f-27e9-494d-9d40-f1e059c74916,0.7336,CRITICAL,Treatment
3180f616-d9e7-499a-8ee4-2e4d6b0ca86e,0.7336,CRITICAL,Treatment
e75a40df-94d6-4c88-88f0-48dd2f393475,0.7188,CRITICAL,Treatment
92baa157-f94f-42d4-b321-72578c680278,0.7198,CRITICAL,Treatment
a8df70b3-863d-438e-bc6a-d05f6eb49e55,0.7249,CRITICAL,Treatment
2b5203dc-bb7f-4efd-b62f-fa8632e6cce0,0.7198,CRITICAL,Treatment
7ef40549-b073-484a-85cc-fd468fc24bc2,0.7336,CRITICAL,Treatment
db2b2393-ed80-4d76-98d8-f221819aa427,0.7068,CRITICAL,Treatment
1884b2b9-74a8-460d-ab12-1cf42a3276e6,0.7198,CRITICAL,Treatment
9fb64ac0-6e14-407e-969c-c55970806ce3,0.7336,CRITICAL,Treatment
073ab588-f3cd-450f-8f31-4e649ac941a1,0.7198,CRITICAL,Treatment
073f1a33-d36e-4e6f-a28f-8d1bf6c7caf2,0.7198,CRITICAL,Treatment
15929cc2-7201-4e60-93ab-9c971a036b51,0.7198,CRITICAL,Treatment
f6a15fdd-b202-47b1-a204-c2c0515cc598,0.7336,CRITICAL,Treatment
cfeef3f2-749e-4c58-a4ac-e2fc0e73bff2,0.7336,CRITICAL,Treatment
9c408686-3e8e-4724-ac4d-674b704a68bf,0.7198,CRITICAL,Treatment
2bc5970a-c738-4043-92e4-f052a39e4158,0.7336,CRITICAL,Treatment
938fd119-5d22-4e5d-99bf-21aa1eb9e88c,0.7198,CRITICAL,Treatment
91f8370e-8360-45fd-af93-94f0e3127312,0.7336,CRITICAL,Treatment
27fd0d6c-d7b2-44a8-8bf0-01cfe16645ea,0.7336,CRITICAL,Treatment
16ae4fda-690f-4404-a0ef-a2bb3b35dda3,0.7336,CRITICAL,Treatment
2228fcfd-9343-4a55-adf7-0848fae5f6ee,0.7143,CRITICAL,Treatment
a1af9215-a107-4909-9516-f9f74a8bc379,0.7336,CRITICAL,Treatment
d9403538-e832-419b-b99e-e0a86903c6ca,0.7336,CRITICAL,Treatment
cf5b8b33-8555-446a-a0b9-2b929414d084,0.7336,CRITICAL,Treatment
3b172371-933a-4b5d-a8dd-05718a0904e0,0.7198,CRITICAL,Treatment
e783a5b2-9f47-4e67-8c73-3de8978f4d6d,0.7198,CRITICAL,Treatment
0bedc378-8131-42b1-844a-4a8ad264e559,0.7336,CRITICAL,Treatment
1b3daadd-be93-47d8-b8ac-f9c7146d6c20,0.7336,CRITICAL,Treatment
c04bcfc7-f834-4b03-bf71-59826168342c,0.7336,CRITICAL,Treatment
58ac8e3c-b7f2-4017-a13c-ec4e715a1522,0.7198,CRITICAL,Treatment
fadaaa8f-69b3-469b-926a-3c2895f530cb,0.7198,CRITICAL,Treatment
a6ebb3f7-c0b2-4cb1-8484-dc12b336550d,0.7336,CRITICAL,Treatment
b3801a0e-2eec-43b0-b7ef-81a62ca9833c,0.7336,CRITICAL,Treatment
81737523-05b7-4997-9767-87900566bc20,0.7336,CRITICAL,Treatment
89de297e-078a-4cea-b9ef-78b9d8b33a77,0.7198,CRITICAL,Treatment
db9c96c0-842c-4d27-af7b-56261762c804,0.7336,CRITICAL,Treatment
96065c80-fa90-4d43-b75e-7b75d7325570,0.7198,CRITICAL,Treatment
219d829b-e57c-4ebe-90bc-37198089235a,0.7198,CRITICAL,Treatment
9fe18b43-f57c-46c5-baae-7691e82ac350,0.7198,CRITICAL,Treatment
fa8ccc8d-6cf0-407c-bec5-865c62b5e789,0.7198,CRITICAL,Treatment
5529bdc5-923c-48c7-be67-88326f8ec86f,0.7336,CRITICAL,Treatment
7c68b687-8872-454a-b4b2-bdc39a29b346,0.7336,CRITICAL,Treatment
4d595255-a69a-4a51-aa39-4534de67ed2c,0.7336,CRITICAL,Treatment
31e456e3-00c1-4c19-9085-b87bd6986fdf,0.7198,CRITICAL,Treatment
2302d19e-18ac-48dc-8830-98e9d293d75b,0.7042,CRITICAL,Treatment
35c39719-19db-4447-92a4-b53e592abedc,0.7336,CRITICAL,Treatment
a170a49f-e8b1-4d6d-a171-e6e5f418213f,0.7198,CRITICAL,Treatment
9ccd5fac-e5a2-4763-a10a-950cf73bf14a,0.7336,CRITICAL,Treatment
95b1d448-0abf-4b69-a932-7ec186e44f59,0.7336,CRITICAL,Treatment
eeb14a29-3212-4ef7-9468-fcfd96355027,0.7336,CRITICAL,Treatment
527d5fb3-3f7b-49f7-93c3-66db52beefc5,0.7198,CRITICAL,Treatment
8648bf3c-0257-42c2-aad5-e580ad31497a,0.7336,CRITICAL,Treatment
2407adc5-ac1e-459a-a8f4-d9890e8fa200,0.7198,CRITICAL,Treatment
4ccf0784-43b1-49e7-addc-f0257f9bed34,0.7198,CRITICAL,Treatment
1c4e15b1-e60f-4597-8a54-02433df75c14,0.7336,CRITICAL,Treatment
24659f7c-8a91-445d-ae3b-cf31269b8809,0.7336,CRITICAL,Treatment
0429dc16-a497-41e4-a541-85f7b3c4a27f,0.7198,CRITICAL,Treatment
9b652d71-a887-435c-9bd4-a7f77c792e51,0.7198,CRITICAL,Treatment
46137ffd-5e8c-42f5-9bfc-2d4d7ff5325d,0.7336,CRITICAL,Treatment
bcf7d276-f68b-480e-97bc-dc24c3a2148c,0.7336,CRITICAL,Treatment
ecadc186-0495-4b68-8d20-66100b0aaf65,0.7336,CRITICAL,Treatment
e8fa5a99-e5e9-442e-9a4c-ee83e9473e10,0.7198,CRITICAL,Treatment
69499c36-c53b-4197-8068-0c2532e47e5e,0.7336,CRITICAL,Treatment
8d5c62fd-d57e-48d7-921f-0569135cda3a,0.7198,CRITICAL,Treatment
a805d48d-de39-403b-82c3-932584352cae,0.7198,CRITICAL,Treatment
0338f199-9508-4d0e-9c55-3227b97e7248,0.7336,CRITICAL,Treatment
430ae4f4-cbc4-4115-8ff4-3d147ba067e1,0.7307,CRITICAL,Treatment
bd484061-a072-4aba-851a-0e1399ad4464,0.7198,CRITICAL,Treatment
10e01541-d90e-491d-baa2-0ab4b50c7444,0.7336,CRITICAL,Treatment
d9031ad8-cc11-481b-966d-7c616ca06100,0.7336,CRITICAL,Treatment
aab22c4c-889a-4ff9-9018-895cc1157a5c,0.7198,CRITICAL,Treatment
7e797ee9-edb1-443e-b227-10e22cee6f19,0.7198,CRITICAL,Treatment
64e0391b-e679-4e2f-a74a-7881090c8163,0.7198,CRITICAL,Treatment
d2a6e911-815b-4ffc-af6a-dab01d377d2a,0.7198,CRITICAL,Treatment
04bd45c5-500f-4944-a4e5-420bc0f561f8,0.7336,CRITICAL,Treatment
7a3bb364-e5fd-46aa-b1e5-4f95d6bbbbf4,0.7198,CRITICAL,Treatment
bf4e6d02-917c-44f6-a928-9df9984f4fa9,0.7198,CRITICAL,Treatment
65b75955-2c30-466c-a42c-4ca166783128,0.7198,CRITICAL,Treatment
4cc783c8-f758-45a7-807a-b991bc891ed8,0.7198,CRITICAL,Treatment
147d370a-21c0-471b-92df-6510fc904756,0.7143,CRITICAL,Treatment
cf0e3839-6bd0-43aa-b8df-519c411010ed,0.7198,CRITICAL,Treatment
3e8a04ca-7894-4082-a6fc-8b23d8d682ed,0.7336,CRITICAL,Treatment
b2a44d9c-3511-475f-96aa-48615f2fc77e,0.7336,CRITICAL,Treatment
5dd02eb6-2cf8-462c-9563-f6d617ad08e5,0.7336,CRITICAL,Treatment
b681c5fd-21d5-4e24-b772-bd35f88890c3,0.7336,CRITICAL,Treatment
973e57d4-e347-49a9-a8a1-7036c4673c67,0.7198,CRITICAL,Treatment
c1c2617b-01cb-49e3-8919-b6fbdb6ba63f,0.7158,CRITICAL,Treatment
19a44e4c-cb1f-40f4-b89f-d00b4e512d13,0.7198,CRITICAL,Treatment
1b6ab888-9b08-4cc9-95b5-bbad4f7f3886,0.7188,CRITICAL,Treatment
e99d68d6-6908-4986-9552-6c84927977c2,0.7198,CRITICAL,Treatment
413cb5d9-38f1-4682-9afe-b522a3cd9fb6,0.7198,CRITICAL,Treatment
263e7cc7-f6a8-4920-8cb8-0111bfb5b482,0.7336,CRITICAL,Treatment
9ed09e46-7be6-4751-bd97-598cb1afdce1,0.7198,CRITICAL,Treatment
58c1f0f5-34c5-468c-9c02-de213a72aad2,0.7336,CRITICAL,Treatment
448a2ef2-718f-485d-b7a5-a559b8efc68d,0.7198,CRITICAL,Treatment
6e63d20c-d85f-4198-963b-af3bf18cf9e0,0.7198,CRITICAL,Treatment
0aa75b1e-8bf5-41e0-9799-4baa7705be51,0.7336,CRITICAL,Treatment
f10f28bc-4080-4ba2-bf26-7084688df7f3,0.7198,CRITICAL,Treatment
bf19811d-6a0f-4c47-bd90-17ea01d9e048,0.7043,CRITICAL,Treatment
c97c4ac9-4dab-48e4-9408-1047f1b3553b,0.7336,CRITICAL,Treatment
5cdb6d10-173a-430b-9adb-d30d085228e8,0.7336,CRITICAL,Treatment
389134ee-0f41-4a85-b3c4-95967a8b4ea0,0.7198,CRITICAL,Treatment
82d7d4a1-be11-4717-8f2f-6f6d9a002fd0,0.7336,CRITICAL,Treatment
9a125690-2f73-4c7d-b779-446df341bc9f,0.7336,CRITICAL,Treatment
187c51ee-2bd5-43f2-8dd4-e28f4c01829b,0.7198,CRITICAL,Treatment
f3d6d6ce-d15b-478e-bd89-35d36ff746ee,0.7198,CRITICAL,Treatment
fc325a85-e4fe-45d5-a5f4-140c38d9e4ac,0.7336,CRITICAL,Treatment
74d5d98e-2600-417b-a08e-2f9d82ae05d6,0.7198,CRITICAL,Treatment
ff6385e9-1112-4967-8e1f-37a6911c010f,0.7336,CRITICAL,Treatment
5ef71cae-bdbd-4c11-a5e7-bf7ccd5859c5,0.7336,CRITICAL,Treatment
9eac322c-8de4-436b-89d9-4639f66a4b64,0.7336,CRITICAL,Treatment
e28bd324-55a8-4e03-8d5f-0114e6e3909c,0.7336,CRITICAL,Treatment
2b822386-21c5-4952-b3a9-30359e44b19c,0.7336,CRITICAL,Treatment
a351453c-374c-4746-8158-6cc7dc4a5b25,0.7198,CRITICAL,Treatment
0d00e1a0-74ce-4397-af57-3884907f2040,0.7226,CRITICAL,Treatment
d817c0d9-8e92-4368-b663-a886666cc6e4,0.7336,CRITICAL,Treatment
48d0e529-ea77-498a-9bff-413285fb4156,0.7198,CRITICAL,Treatment
99a41a93-adeb-4c06-be22-bc937f90e769,0.7158,CRITICAL,Treatment
e6790ed9-e056-4b4d-82fe-20f636ecb873,0.7198,CRITICAL,Treatment
e9315d14-6a39-48e5-8e89-e6179e654bec,0.7143,CRITICAL,Treatment
6c8bb3a0-18f1-4c08-a85f-b6d6ebd0e991,0.7336,CRITICAL,Treatment
4d77808a-13b8-48a6-8b0c-0fd2409224d2,0.7336,CRITICAL,Treatment
34d8e8dd-3a82-4e28-9cf4-57c85b788b9b,0.7198,CRITICAL,Treatment
0426716b-14ef-4306-bc73-c6592f685316,0.7336,CRITICAL,Treatment
cd6fa7bb-38eb-4c0a-8e10-c6c9895a730d,0.7198,CRITICAL,Treatment
814c6b6b-3f14-4e74-a8c1-d9d8704fd0ec,0.7198,CRITICAL,Treatment
fd6e31d1-1e5c-420a-b4b9-4696a39e51ef,0.7198,CRITICAL,Treatment
b45761e6-6792-437a-8913-fc384f7142ef,0.7336,CRITICAL,Treatment
0c7bf31d-8d38-426e-a6d9-64668195d136,0.7336,CRITICAL,Treatment
111f8770-4bd1-4e15-b913-fd8d5dbc86b7,0.7198,CRITICAL,Treatment
b4f1b8c9-f9f3-4434-a32f-53b93b0bf724,0.7198,CRITICAL,Treatment
7204d95a-337c-4f95-ad62-bcf0c84240bf,0.7149,CRITICAL,Treatment
abd6f646-33fa-4b80-bdfb-396b6ea203c5,0.7336,CRITICAL,Treatment
aa1778ff-47cb-48fa-b5a7-bc729f869d16,0.7198,CRITICAL,Treatment
d5d8e82e-42e8-42a4-aab3-c2eba461dbd3,0.7336,CRITICAL,Treatment
8151e974-b2da-4b79-99d2-31cc407a5ac7,0.7198,CRITICAL,Treatment
61ee05c1-b64c-435b-93fb-428b5bc11c73,0.7336,CRITICAL,Treatment
5409339e-f0d8-4474-8b97-9ea668bf226c,0.7336,CRITICAL,Treatment
08737e33-d0fc-4df7-a7ce-4100b32791fd,0.7336,CRITICAL,Treatment
4aa93fe9-2223-4140-a33d-7faddfffce47,0.7198,CRITICAL,Treatment
9c259d5f-bb21-4d43-8ba5-41b46c584736,0.7198,CRITICAL,Treatment
7c3fc7d3-416d-4d98-aa66-bb36bde465d2,0.7198,CRITICAL,Treatment
2d65afff-2315-4295-8648-1a3ee13b272b,0.7336,CRITICAL,Treatment
80250d11-186f-447c-8393-89800ff47ba6,0.7336,CRITICAL,Treatment
169dd1de-bd82-4f2e-ac26-51663526b343,0.7198,CRITICAL,Treatment
4e670c7b-27f8-4429-a28f-642b4ec7befe,0.7198,CRITICAL,Treatment
94131475-700f-46cc-9258-25d7d8afd2bd,0.7336,CRITICAL,Treatment
885d9163-4551-4392-aed9-23b34f9335c1,0.7149,CRITICAL,Treatment
72311a9f-ba91-4e16-a184-3eb17540165c,0.7198,CRITICAL,Treatment
742b9301-cb99-46c6-82d7-80de921c2a14,0.7198,CRITICAL,Treatment
9c18463a-2fe2-417d-a5fb-d44b1b32b67d,0.7198,CRITICAL,Treatment
d55e2c55-be9d-4a2c-a865-4c325f6d0c87,0.7198,CRITICAL,Treatment
b3abcb4a-ea36-48ad-94e9-9b53ba1f0076,0.7336,CRITICAL,Treatment
f985065d-eb6f-4819-af0d-9dc8485483a6,0.7336,CRITICAL,Treatment
ef3abb28-d871-40fc-879c-987e9d6883cd,0.7198,CRITICAL,Treatment
217b4604-77e4-48c8-b3e9-1f90e044850c,0.7336,CRITICAL,Treatment
6ee41a87-7dd2-48d4-a0ed-cfe1c2e0ac93,0.7198,CRITICAL,Treatment
4aea411d-f875-4fab-ba5c-f62f18a2edd0,0.7143,CRITICAL,Treatment
8bf0feee-74e0-4a34-ad1d-a48a24bf46e7,0.7336,CRITICAL,Treatment
a251ce01-b469-47d5-9e16-cf4dd3cc9227,0.7198,CRITICAL,Treatment
e6534ed0-9cc3-46e2-b519-1699390963d4,0.7198,CRITICAL,Treatment
ee32540c-d6a9-4233-bd0d-6fa478837a13,0.7336,CRITICAL,Treatment
8949b160-5237-4d32-a85f-d7cdc2c77de0,0.7336,CRITICAL,Treatment
7964bd09-06f4-4723-8e9b-d8f3e8be24dd,0.7143,CRITICAL,Treatment
d59fffca-06c0-4cc2-8d54-b62eb6486c13,0.7336,CRITICAL,Treatment
7c063142-1905-444c-a1de-6a7f710cf08d,0.7336,CRITICAL,Treatment
9dd2be5c-3d0c-42ee-b05a-49d99d444575,0.7336,CRITICAL,Treatment
086587ef-25c5-42cf-a3db-374645dc226e,0.7198,CRITICAL,Treatment
0bdef3ed-ce29-4d23-9639-737558a793f6,0.7336,CRITICAL,Treatment
c74d511b-8321-4831-bb24-bb3edd2d0501,0.7198,CRITICAL,Treatment
c9efe6ef-4b82-47cd-a098-cc8312c3d1df,0.7336,CRITICAL,Treatment
bb94c06b-6639-4485-be60-113b3fb43b97,0.7143,CRITICAL,Treatment
6c963e9b-e8fb-4c2a-85b0-68498915c998,0.7336,CRITICAL,Treatment
ab130389-b602-425b-ac71-a066433d1b93,0.7336,CRITICAL,Treatment
e6b10595-935d-43db-b626-b024c741a776,0.7143,CRITICAL,Treatment
3bcac9bc-a3ac-4847-8f92-6612d9680f91,0.7143,CRITICAL,Treatment
7c716728-6452-41b2-980b-8526c0128e52,0.7198,CRITICAL,Treatment
d043792a-b416-4176-a536-d304b9fee27c,0.7198,CRITICAL,Treatment
6d1c11ee-a08a-423d-89b8-4d64f9fd8e5c,0.7198,CRITICAL,Treatment
23dc8efd-b557-4d89-921d-fce04a13a387,0.7336,CRITICAL,Treatment
98a46981-9590-47af-86b0-03ca65a24f90,0.7336,CRITICAL,Treatment
23e05af3-b000-4ac3-bb44-ff573c5d3fd7,0.7198,CRITICAL,Treatment
0657034d-9631-4353-a286-5d29648e658c,0.7158,CRITICAL,Treatment
535dc053-2349-4c15-8bf3-fd732caa967c,0.7336,CRITICAL,Treatment
98a2e353-b0c7-447d-87e6-3bcef11b6f26,0.7198,CRITICAL,Treatment
ae43a3f7-eb5b-47b1-9e28-377ac3d799c1,0.7336,CRITICAL,Treatment
c42bc763-1388-4980-95d0-ad1a79e5fa35,0.7336,CRITICAL,Treatment
5e5b646b-9f02-4688-b6cf-d0e761541f14,0.7336,CRITICAL,Treatment
89d91fad-689c-4326-9e23-1de26da5359f,0.7143,CRITICAL,Treatment
db933c93-d8a9-40eb-9620-cb6da9e24279,0.7198,CRITICAL,Treatment
da8bcb3a-166e-456c-a6c2-08de06db2cc5,0.7198,CRITICAL,Treatment
45adfc9c-f7ee-418d-a52d-637a5f0c1591,0.7198,CRITICAL,Treatment
c753577f-ae9a-4884-aaa5-bb52d13d4c80,0.7336,CRITICAL,Treatment
3a2fe6f9-b4dc-4f6a-90c0-5ac96d6aff31,0.7336,CRITICAL,Treatment
cdbb5e20-e3f2-4a42-abd0-1cb9b3133ce9,0.7198,CRITICAL,Treatment
b900da56-3d4d-4f36-bc72-c1fc7a1457fa,0.7336,CRITICAL,Treatment
cbacff80-397b-4bbd-a25a-565ed4fec52b,0.7198,CRITICAL,Treatment
8d7826e3-f435-40c5-8c0f-de3d77ca1b3e,0.7336,CRITICAL,Treatment
42bbde42-d80f-4c25-bba8-a71d9862fd51,0.7198,CRITICAL,Treatment
fd187b39-2b97-4785-927e-b065f7cceec5,0.7188,CRITICAL,Treatment
f7adfc8e-7459-4c19-b62b-6cf89fbd267d,0.7198,CRITICAL,Treatment
f5874195-8456-4f4a-bd34-4485a3acb098,0.7336,CRITICAL,Treatment
cf7198f9-a3af-4f93-b507-e2ede8e16216,0.7198,CRITICAL,Treatment
fe09c025-59d0-43c1-b592-c2ff7135a380,0.7336,CRITICAL,Treatment
362cf342-d657-47ae-b471-8335f74b52a9,0.7198,CRITICAL,Treatment
2a571f17-4a42-4168-b959-4d89a5a4ab52,0.7336,CRITICAL,Treatment
2690156a-c6b4-41ee-acd3-0816cd5dde65,0.7336,CRITICAL,Treatment
17a8eef7-98e3-4c1a-b685-9996f66076e5,0.7198,CRITICAL,Treatment
40f1b2b9-2ab3-4ccc-a856-ee85718ebcde,0.7143,CRITICAL,Treatment
0ecf5d34-f4d9-4ea2-99ee-fbd7998ca9ca,0.7336,CRITICAL,Treatment
87900b8f-f5a9-4392-b3c5-a308d8048ebb,0.7336,CRITICAL,Treatment
decd6efb-8fb1-4959-92c8-5d843bc8f461,0.7198,CRITICAL,Treatment
1c117b9b-157e-46ec-b5f5-1734cb10f4b5,0.7198,CRITICAL,Treatment
e06287b0-8b62-455d-ad81-82b92d9958a2,0.7336,CRITICAL,Treatment
ad98005e-4129-4991-8e2e-73713159c2bd,0.7336,CRITICAL,Treatment
393bd3f4-9b9b-4016-8efe-cefa4c06c6dc,0.7198,CRITICAL,Treatment
8a9c322f-e5c8-409e-a521-0b516de510c2,0.7336,CRITICAL,Treatment
881ef2c6-bf26-4540-8f1f-6d7b79474f00,0.7336,CRITICAL,Treatment
7d6e2308-5343-400b-8af0-e64f35b0d23b,0.7336,CRITICAL,Treatment
95477ad9-cf0d-470a-9dcd-0b88d8a5f3d9,0.7198,CRITICAL,Treatment
87df649e-55e8-4711-a4db-75a9f363d890,0.7198,CRITICAL,Treatment
a51768eb-7fec-41b3-87a4-b717f3e8cdea,0.7198,CRITICAL,Treatment
8b6a7641-d664-4175-86b6-c7fee1b3a1e3,0.7198,CRITICAL,Treatment
e0fe55bf-1fc1-4595-8814-2d5ee0521f1c,0.7336,CRITICAL,Treatment
1d2f3129-97bd-4083-ac9d-c23ef0f9b432,0.7198,CRITICAL,Treatment
3837a6ed-41d9-498b-8080-856c22c87c6d,0.7336,CRITICAL,Treatment
4a8682ef-f991-4816-87aa-a9dce6707b93,0.7336,CRITICAL,Treatment
ba075131-a1f7-40a2-ac21-b364319ea5bc,0.7143,CRITICAL,Treatment
d0a278eb-dc36-4499-8a96-ed5b07afd6b6,0.7198,CRITICAL,Treatment
ed086754-a3e0-48cc-a86e-2d4d6ffdc0b1,0.7198,CRITICAL,Treatment
446ff666-4e99-4b30-b43d-32ab6c7ad5c2,0.7198,CRITICAL,Treatment
75e582ea-612a-461d-92fe-5e04d3a2ed12,0.7198,CRITICAL,Treatment
4b1321bc-3d77-4635-9f7a-908ec5e5c4c2,0.7336,CRITICAL,Treatment
a54b9587-5ccf-4e2c-a0ad-c16409564f4f,0.7336,CRITICAL,Treatment
99a9918f-bf9e-47de-9c0f-3f109f64ccac,0.7336,CRITICAL,Treatment
103ae32f-26a5-4ef6-a3ab-81e51ce2ac48,0.7336,CRITICAL,Treatment
f745ce86-e6ea-440a-a0b4-c521567a9e36,0.7336,CRITICAL,Treatment
3796bdde-2650-4381-a7f1-acf9c0bf05ca,0.7198,CRITICAL,Treatment
561112e5-70a5-4fc1-96cb-7150af14a0e6,0.7143,CRITICAL,Treatment
4c88352c-06f6-49a8-8dc8-332f954175bc,0.7336,CRITICAL,Treatment
84044935-a93a-47d6-8aec-4986db5d28a7,0.7198,CRITICAL,Treatment
743ffe2b-a1ab-4cd9-b118-7d95cdd0843a,0.7198,CRITICAL,Treatment
cd72da26-c3e7-4262-9e76-bc52d54c9527,0.7147,CRITICAL,Treatment
94bf7487-5e8a-4b9a-8d37-f0de9a9ddf4f,0.7336,CRITICAL,Treatment
ae1a61da-ff58-442a-9f15-fe45b3b241ad,0.7198,CRITICAL,Treatment
cfb495f3-2021-4f62-a2aa-efa0d7cd7534,0.7336,CRITICAL,Treatment
0f8aa962-421c-4316-9d1e-d5a08bc3f2c3,0.7336,CRITICAL,Treatment
4e2c344d-bfc5-4854-9b5c-fdf362f5c3b4,0.7143,CRITICAL,Treatment
aa9da6c8-0862-451e-be5b-ab18ba60a394,0.7336,CRITICAL,Treatment
0de2005a-a7c3-40e0-91dd-bad2a814bb40,0.7336,CRITICAL,Treatment
20928fc6-732f-4ad1-8916-4f3234225ae5,0.7336,CRITICAL,Treatment
1b0e4a5d-f0da-40fb-9191-311f1ea52712,0.7198,CRITICAL,Treatment
edd89d07-cc2d-4fb1-a44d-58e02318674c,0.7198,CRITICAL,Treatment
e126823d-4f95-477e-aa7e-25a6e65370bc,0.7336,CRITICAL,Treatment
859059a8-27b9-4173-a1a6-c4de6da3660f,0.7143,CRITICAL,Treatment
ebbff0a7-1548-40ad-b33e-b193d706488e,0.7198,CRITICAL,Treatment
ea1fcd98-529b-43cc-b0d5-31a9725b3e7f,0.7198,CRITICAL,Treatment
086b8a26-227d-495d-8bec-da1496b03d4e,0.7198,CRITICAL,Treatment
2c6f5b18-f8e2-45d5-86e6-894499a08b7e,0.7198,CRITICAL,Treatment
ba6edda5-0864-456d-abb0-773241a7c1c1,0.7336,CRITICAL,Treatment
18d702c5-9816-4d6b-8efe-3efb3e9a1e28,0.7198,CRITICAL,Treatment
43412ed5-973c-49c5-a9e2-325d25ff5c02,0.7336,CRITICAL,Treatment
a347840d-7f2a-4a07-b350-cc25b220c9c6,0.7198,CRITICAL,Treatment
d1818d5c-681e-4605-9203-39af38f3ecda,0.7336,CRITICAL,Treatment
0fecb24c-3e4d-4942-8675-142a177d7469,0.7198,CRITICAL,Treatment
feb1f264-6a08-45d9-819d-db54850b9241,0.7336,CRITICAL,Treatment
e63b42e3-8daf-4dab-8503-cf76396a08e7,0.7336,CRITICAL,Treatment
2b42ce56-e10b-40af-a5b9-d9644293aa0b,0.7336,CRITICAL,Treatment
c166c3f5-ec5f-49e4-9cee-9d9d82f91f15,0.7336,CRITICAL,Treatment
9aa1101a-bc40-4eb4-b440-c2298e7ae26b,0.7336,CRITICAL,Treatment
fe1ddda0-4262-4d78-990c-5689936e2af7,0.7198,CRITICAL,Treatment
6fa3d54e-5fe2-45dc-958b-303ee2856356,0.7336,CRITICAL,Treatment
1e82d098-f2c4-49b4-ab80-3027d801f909,0.7336,CRITICAL,Treatment
79489acd-f403-4af5-8d80-ada44a59fffc,0.7198,CRITICAL,Treatment
1212d43b-0909-4b13-8d14-026f7dc63723,0.7336,CRITICAL,Treatment
f8469b49-3761-467a-bc12-26183e70a054,0.7198,CRITICAL,Treatment
22c5a034-a156-4297-abe8-761f4755daf9,0.7336,CRITICAL,Treatment
27dca2a6-0858-438e-8083-dbfe2241bf7b,0.7198,CRITICAL,Treatment
576373cb-bf22-4d38-b8d6-5ebbc0fbdcae,0.7336,CRITICAL,Treatment
7f365201-1001-474d-92a0-b0c8fb74c850,0.7188,CRITICAL,Treatment
87b531dd-d5c8-48ac-8818-51c28d50a7c4,0.7336,CRITICAL,Treatment
ea87c6ee-f7f5-44cc-a9b8-81a95db4d5d7,0.7198,CRITICAL,Treatment
c652e99b-1cea-4578-8536-b561c7b93ba8,0.7336,CRITICAL,Treatment
8cebe502-4704-47a3-aecc-e8bf02545221,0.7198,CRITICAL,Treatment
ea9161aa-3a9c-4492-aeab-f517e12c889e,0.7198,CRITICAL,Treatment
d90a63ad-ccb0-40de-bf05-fd029e892fcb,0.7198,CRITICAL,Treatment
f01f1ade-bf7a-41cc-9975-31c7ddfd33a7,0.7198,CRITICAL,Treatment
46f7f244-5a98-492f-83bd-05dbaca57759,0.7336,CRITICAL,Treatment
848a65c5-ec27-4f38-aa93-a7dff2e95537,0.7149,CRITICAL,Treatment
edc28ce3-4c5e-443c-8290-7ea41c47d518,0.7336,CRITICAL,Treatment
46a42d0e-131f-4978-8dd9-69b2b2eeb3ef,0.7336,CRITICAL,Treatment
71616027-3bb6-496f-bd6b-710285788161,0.7198,CRITICAL,Treatment
6a9b9197-17d7-4f01-8af3-acf72ce85735,0.7198,CRITICAL,Treatment
874c3468-b20a-47da-9778-1d7139eef206,0.7198,CRITICAL,Treatment
bdcb9268-77d2-4c8e-bfbf-c9669ba92bcf,0.7198,CRITICAL,Treatment
ecfbd431-78cd-4fcc-82d2-c069a66c89e7,0.7198,CRITICAL,Treatment
a57ac1c0-0dba-43e7-b261-3b33c4369e23,0.7198,CRITICAL,Treatment
00d84f07-79d9-4ea0-9254-78c32422e5a7,0.7198,CRITICAL,Treatment
a723c03d-50c6-43cc-a534-2240c07ecf35,0.7198,CRITICAL,Treatment
2ae47c69-9460-427b-99f7-9e146c8e759d,0.7336,CRITICAL,Treatment
3483a77d-f2c5-405f-a44f-cbaaec571829,0.7336,CRITICAL,Treatment
1c7041dd-964c-4c2d-a227-6a4c2e1c788e,0.7336,CRITICAL,Treatment
cccab911-f001-436b-bd81-b402bab5fcea,0.7336,CRITICAL,Treatment
b766732f-cdec-4d60-916c-f2484c93cccf,0.7336,CRITICAL,Treatment
d78211cd-3bca-429d-bb16-480065403523,0.7198,CRITICAL,Treatment
0e6e8701-8c61-44ed-8325-34aa9c50e230,0.7336,CRITICAL,Treatment
d2baf691-0d5e-4f5c-98a8-ffc61a906953,0.7198,CRITICAL,Treatment
d71c4f8d-6995-4f03-8e99-df7ee41b53d3,0.7143,CRITICAL,Treatment
6c0d35f2-5799-40be-b69b-4e9987534457,0.7198,CRITICAL,Treatment
7eb18220-a67f-45ef-a074-d594952a9c4e,0.7198,CRITICAL,Treatment
f819c76c-07d4-471d-8474-292ba6f3442a,0.7198,CRITICAL,Treatment
dfc6c245-d531-4255-8c63-a5745383dd00,0.7198,CRITICAL,Treatment
caf32277-85ab-4ff8-833a-ba51999c2501,0.7336,CRITICAL,Treatment
0eac87cb-ebaf-4bb7-a923-9c29aac1b2c3,0.7198,CRITICAL,Treatment
2b902840-88a2-4dae-b126-666a1cc2442e,0.7188,CRITICAL,Treatment
3200d39e-987b-44a3-bca9-a7cfa8984307,0.7198,CRITICAL,Treatment
79c228e1-36ee-4918-a917-08da5357836d,0.7198,CRITICAL,Treatment
9c2e4ccf-5677-4e59-a8eb-be3b91b7522c,0.7336,CRITICAL,Treatment
16b67f8c-bca8-488b-a30f-9c2ff974a4ed,0.7198,CRITICAL,Treatment
f7a2112f-a458-40c7-b35f-38aea795b6d9,0.7336,CRITICAL,Treatment
1244ec33-a3a6-4d45-afd6-f6ffe01f9d1b,0.7336,CRITICAL,Treatment
51f71b78-973a-4c7f-bca0-ad6177472356,0.7198,CRITICAL,Treatment
0d3630ad-835e-496e-8f3b-b000da634981,0.7143,CRITICAL,Treatment
8bf2f842-ce76-4164-a7ac-a6e8ad471557,0.7336,CRITICAL,Treatment
6f57360b-60b1-4785-8b95-52b96377f87d,0.7336,CRITICAL,Treatment
9cbc53f9-6d88-486d-8702-fa14d3623ee7,0.7336,CRITICAL,Treatment
49f14c1f-0c5f-4c63-b4c5-b9e24fca90eb,0.7336,CRITICAL,Treatment
fc25b24e-24f4-42ac-b11c-6fdf16ba5a43,0.7143,CRITICAL,Treatment
fd64e0ea-6782-40ec-b855-e25c453138b9,0.7336,CRITICAL,Treatment
d8bc4b47-4d34-4f4e-aaaa-2c63c6a00126,0.7198,CRITICAL,Treatment
f6943984-5255-4a52-8986-358d0f6c882e,0.7042,CRITICAL,Treatment
75b68ab5-4d8a-405f-94e3-f185b3b4a394,0.7198,CRITICAL,Treatment
9468eab8-bf6d-4b34-b6cc-83addca21864,0.7198,CRITICAL,Treatment
099e0d77-ca7a-4217-af6d-d38da786e24a,0.7198,CRITICAL,Treatment
4dfa1613-d08f-410d-b4bc-a40d8b604c99,0.7336,CRITICAL,Treatment
535cf2e1-6f4f-4fbd-99a8-5b22ea182fd6,0.7198,CRITICAL,Treatment
133aea08-b2cc-4c07-9cbc-c984bd4f933c,0.7336,CRITICAL,Treatment
8b992095-04d9-49e8-98e6-5055d000b9bb,0.7198,CRITICAL,Treatment
f52c6211-86db-47ab-b782-529eee222bb6,0.7336,CRITICAL,Treatment
104fdbe1-b69b-4e52-a259-23098ad95693,0.7336,CRITICAL,Treatment
d0653008-d275-4900-86ca-083322201180,0.7336,CRITICAL,Treatment
ec2e2745-34a6-4615-af1c-392ff761ad5f,0.7198,CRITICAL,Treatment
37539351-4e7d-4472-9290-66ab86d3a860,0.7198,CRITICAL,Treatment
bba3b406-6817-4fab-9764-cca18e347a44,0.7198,CRITICAL,Treatment
21f64bdb-5a36-4b31-97f9-ab296cf9722b,0.7336,CRITICAL,Treatment
3ac8c62f-123a-4910-a5af-ee4c2e45bb99,0.7198,CRITICAL,Treatment
eaa4c3d6-ed05-4277-8a64-0dac5cc5e2c5,0.7198,CRITICAL,Treatment
6a067c13-ebd0-4378-8e63-1d3761c5efee,0.7336,CRITICAL,Treatment
9ccb629c-04b2-46ea-a922-3b5ea7811d12,0.7198,CRITICAL,Treatment
155b2d2f-fd37-4b4f-80fb-2d4d267f8757,0.7198,CRITICAL,Treatment
d48ee409-3e3e-400c-a71a-7246b1d7762c,0.7336,CRITICAL,Treatment
f213ae00-bb4e-48c1-b035-8db835eb06df,0.7198,CRITICAL,Treatment
0ed0ac6c-8811-4894-941e-59485da87669,0.7336,CRITICAL,Treatment
f9ac5658-da81-41a8-a823-162a0e63a7be,0.7336,CRITICAL,Treatment
cdee43fd-7c32-4062-8a21-3772dcbfebce,0.7198,CRITICAL,Treatment
6e831380-56a6-439d-8667-567fb1b22ba8,0.7336,CRITICAL,Treatment
e866d476-0088-4f7e-88a3-777c916f3ef6,0.7336,CRITICAL,Treatment
7f4d2a44-8921-4832-875f-9416039ea80c,0.7336,CRITICAL,Treatment
2244e500-3a02-4aa7-ab74-1d28c7c2c2d2,0.7336,CRITICAL,Treatment
2603f024-12d1-4dc5-8160-1641ccb75177,0.7042,CRITICAL,Treatment
f36639c6-6bbf-401d-b31b-d52da2c4400f,0.7336,CRITICAL,Treatment
bde52ff8-8655-4f7e-b398-21f984f3cd11,0.7336,CRITICAL,Treatment
e82461ba-483b-4cab-b2c5-afedee156225,0.7336,CRITICAL,Treatment
05fa824e-8cf2-4c58-a221-f5db53e9b65f,0.7198,CRITICAL,Treatment
ceb3f078-79e9-44f7-a0ab-b1368003565a,0.7198,CRITICAL,Treatment
c15bfc19-1a9f-42ff-9808-5a633f7ea235,0.7336,CRITICAL,Treatment
de0c4ae5-2507-47b0-b161-cc59c9c3d9bb,0.7198,CRITICAL,Treatment
5230734f-6b11-42d1-8b08-9bbc998e4662,0.7198,CRITICAL,Treatment
1b0cc9d8-91db-4a61-84aa-fefb38da2dd0,0.7336,CRITICAL,Treatment
9331f1a1-5a9a-48eb-9a11-ddc182b5c529,0.7143,CRITICAL,Treatment
5d5916dd-2b00-441e-89d8-855433446538,0.7336,CRITICAL,Treatment
6265de4a-048d-4e59-b934-67e4ae307a79,0.7336,CRITICAL,Treatment
88ccc654-3d67-46f5-ab9c-c903a409295e,0.7336,CRITICAL,Treatment
3954ea46-c148-46ae-ba1e-e4bdb82dd335,0.7336,CRITICAL,Treatment
b6cd7eaa-5258-421e-9919-96a216ba4149,0.7198,CRITICAL,Treatment
7879abf9-eb23-4876-8b71-b6d213837aa6,0.7198,CRITICAL,Treatment
bb255d5e-97d6-476f-b0ac-17862e3d81fe,0.7143,CRITICAL,Treatment
2d508e26-11cb-44d4-bcc7-2d9501790734,0.7048,CRITICAL,Treatment
5403b9a0-512e-45ae-8f31-0b97a791ea86,0.7198,CRITICAL,Treatment
2c046511-cd76-40e0-972b-e15fe417d008,0.7336,CRITICAL,Treatment
cfcd387f-cd6b-48cd-a60e-825e80d8c7e9,0.7198,CRITICAL,Treatment
baac29e9-a146-45b1-b4aa-3dc819541b83,0.7336,CRITICAL,Treatment
81a0060a-6ee9-49b2-81ae-4250ee482c1d,0.7317,CRITICAL,Treatment
776727be-be31-44a2-9ec8-110c3ee394c0,0.7198,CRITICAL,Treatment
60ca1700-173f-452d-834f-f720b29ea250,0.7336,CRITICAL,Treatment
bdb2692b-b676-4d94-92df-20ba6812c59d,0.7198,CRITICAL,Treatment
ce4c586e-0e5b-46e1-b44b-2206d9ff1139,0.7336,CRITICAL,Treatment
c73518d8-4288-4ce0-8a68-655eab7956f8,0.7198,CRITICAL,Treatment
f90b909c-0d19-403a-b8e1-2e089c91ce3d,0.7198,CRITICAL,Treatment
94aef4cb-dd7d-4236-a11c-ac9dd354df84,0.7336,CRITICAL,Treatment
b5fd8395-e81c-48c7-b431-a56342ffceed,0.7336,CRITICAL,Treatment
aff0510e-deba-4dd8-8702-300ff954cd6f,0.7188,CRITICAL,Treatment
0c04e486-5287-423b-91b1-4939c836dbe5,0.7336,CRITICAL,Treatment
30488824-cbc2-4d1e-8872-8ac7a8564adb,0.7198,CRITICAL,Treatment
92fad609-981b-494c-89eb-c5cdcd7770ef,0.7143,CRITICAL,Treatment
be0b393a-93bc-40ab-8e02-5c866cbda21b,0.7198,CRITICAL,Treatment
19788022-5cde-4f7a-bbf5-2c6d893563ff,0.7198,CRITICAL,Treatment
c2b2e18c-3f72-4a49-bea9-90dea0489e7e,0.7336,CRITICAL,Treatment
6c3f16a4-5493-4059-9f8f-f8ed3ceedff6,0.7336,CRITICAL,Treatment
334e5a26-fe46-4baa-ad38-84cbdaf84db2,0.7336,CRITICAL,Treatment
8d20bfc3-afe2-4265-bef3-400a2317e11e,0.7336,CRITICAL,Treatment
f0b0af30-ffcb-4bd4-92b0-017b2a41b2bc,0.7336,CRITICAL,Treatment
9acbf12e-9d03-479c-a090-1abcbc772284,0.7336,CRITICAL,Treatment
8b3e7d4f-d4f9-4c56-9066-541913e9c6c0,0.7336,CRITICAL,Treatment
9d9aa1b2-40fb-48a1-8ddc-6863daaef5bb,0.7198,CRITICAL,Treatment
f17dbb54-8276-4a91-8c24-73be82551954,0.7198,CRITICAL,Treatment
5ce385ca-b69d-4258-8f0b-be5926665431,0.7198,CRITICAL,Treatment
4778807d-d003-4b47-b797-e74ba6fa1114,0.7198,CRITICAL,Treatment
33e056ad-d70f-4462-90f5-8c452b577952,0.7336,CRITICAL,Treatment
73b2902f-3086-46d3-9c9d-b12abb3a1f2e,0.7198,CRITICAL,Treatment
20fb03c3-52e4-4838-9912-d98c7b1839ce,0.7198,CRITICAL,Treatment
3c833941-8271-46c7-8da3-652031e6f06c,0.7198,CRITICAL,Treatment
215c952a-f675-4f87-b0dd-ce9a61fc3fdb,0.7198,CRITICAL,Treatment
89760ded-03a1-4be5-bce5-01765b78b03e,0.7198,CRITICAL,Treatment
da263c99-a101-42c0-97db-9aba7ab06260,0.7198,CRITICAL,Treatment
65f02446-aae5-44c5-bf59-a4bc5e554469,0.7143,CRITICAL,Treatment
2f851776-dd7d-490e-b11c-2c4b7c41169e,0.7198,CRITICAL,Treatment
bddc3f04-4b8e-4b75-a126-5aca7d766998,0.7188,CRITICAL,Treatment
56c5a922-0017-44b8-8088-f3dc2dc054f7,0.7198,CRITICAL,Treatment
f1fac1d3-b75b-4d58-b90e-147c7e275664,0.7336,CRITICAL,Treatment
b519fb86-59bc-4eab-8f9d-e7178d2d1ab6,0.7336,CRITICAL,Treatment
7c6e0b22-7fe0-4418-aa59-8d83c8d2da16,0.7143,CRITICAL,Treatment
9967c8e6-3677-4947-93b4-6e4d9859d3a8,0.7198,CRITICAL,Treatment
a165f123-07cd-46c0-9dc2-17e8b5a6b2ab,0.7198,CRITICAL,Treatment
13eed03b-a55d-45f3-8736-1a119df817de,0.7198,CRITICAL,Treatment
541a5607-2db1-463f-bc0d-0820b02e697e,0.7143,CRITICAL,Treatment
0c5a7088-2d8a-4951-b0b8-46180d66661f,0.7336,CRITICAL,Treatment
