profile_id,churn_probability,risk_level,ab_test_group
79d5cdd9-9349-42f2-8e3e-0c4368b5cd19,0.7432,CRITICAL,Treatment
c001ece6-f346-415f-b97f-21bc64443a13,0.7432,CRITICAL,Treatment
07d8f097-a289-4f1b-be86-0d7440c630a7,0.7432,CRITICAL,Treatment
b3731b54-19ce-4023-967d-ad2288ef1bd4,0.7432,CRITICAL,Treatment
8b2bc7e4-e175-4371-a61f-cac375a2f9ca,0.7379,CRITICAL,Treatment
f13673f1-7d84-472d-bda1-36444fe36412,0.7379,CRITICAL,Treatment
1b5f6af4-71be-487d-b9fb-f728fa248a4f,0.7432,CRITICAL,Treatment
c9788c95-8cba-425d-b436-268512d5b7a2,0.7379,CRITICAL,Treatment
4eff3a58-346e-4e61-86f9-912cd6fb471c,0.7432,CRITICAL,Treatment
3257c0f1-dc8e-452a-a915-de7e3ae83d49,0.7432,CRITICAL,Treatment
8d54a9d8-6788-4a65-825a-dbcd3ccd65bd,0.7362,CRITICAL,Treatment
f149e328-961b-4b3e-97b1-79a4d04ad3bc,0.7371,CRITICAL,Treatment
84435a91-6671-4314-bf03-124f34045d2c,0.7379,CRITICAL,Treatment
70f72f44-9fdb-4dad-bdff-a2fb7745fe43,0.7432,CRITICAL,Treatment
848a65c5-ec27-4f38-aa93-a7dff2e95537,0.7335,CRITICAL,Treatment
3c833941-8271-46c7-8da3-652031e6f06c,0.7379,CRITICAL,Treatment
d337f7b0-e473-48ad-aaeb-61042841c2e4,0.7379,CRITICAL,Treatment
11b328ea-8d54-498b-b450-69214a15b4f3,0.7379,CRITICAL,Treatment
68b2ee5b-35a4-4eef-8d2a-b9fdee8ca658,0.7379,CRITICAL,Treatment
d4f760c1-12f7-4bef-af38-987201443c7f,0.7432,CRITICAL,Treatment
4553c46d-8475-41d0-86ce-d2a2c5721feb,0.7379,CRITICAL,Treatment
db9c96c0-842c-4d27-af7b-56261762c804,0.7432,CRITICAL,Treatment
6039c68a-d35e-4fc5-b548-d8e80f80cb9b,0.7432,CRITICAL,Treatment
49d5745f-0b0b-40a9-a50c-b7768c186b1d,0.7379,CRITICAL,Treatment
0d7fe6f5-5f6f-4c33-9f75-3e50fe324c78,0.7432,CRITICAL,Treatment
0338f199-9508-4d0e-9c55-3227b97e7248,0.7432,CRITICAL,Treatment
b2a44d9c-3511-475f-96aa-48615f2fc77e,0.7432,CRITICAL,Treatment
ce07f5e3-74c9-4f15-a461-a0ac83ab43b5,0.7379,CRITICAL,Treatment
e2bbb7e2-d2b6-4685-9241-af97ae0a29f3,0.7432,CRITICAL,Treatment
5606a90a-aeaf-4ee8-86ec-494c5531dc6d,0.7432,CRITICAL,Treatment
2491df0e-d803-4696-9f13-153251f36ecf,0.7379,CRITICAL,Treatment
df6a3038-b90c-4435-8d9a-1a132cb22642,0.7379,CRITICAL,Treatment
9f035226-be6d-4c3b-81eb-9b9da9a5f397,0.7432,CRITICAL,Treatment
d6d3cd15-7bf1-4e58-8b11-07c4f865754d,0.7379,CRITICAL,Treatment
6030404e-3e23-49b3-8ee6-e3f52defd01a,0.7432,CRITICAL,Treatment
4feb41f6-ec18-430c-b3d7-6390061c95bd,0.7432,CRITICAL,Treatment
747cc04d-d080-4b33-a0dd-f3805cf43fd6,0.7432,CRITICAL,Treatment
9c7bf742-e903-4389-a0c1-7d0888507cd5,0.7432,CRITICAL,Treatment
d83ab476-64a0-4cc5-9ad9-771b8bcdead4,0.7379,CRITICAL,Treatment
c2985384-b6fe-4f92-9648-a9830b4de82d,0.7379,CRITICAL,Treatment
290b591d-7307-400c-8149-57f904f7256e,0.7379,CRITICAL,Treatment
fcbf0319-49fe-4c59-ae4c-3cb1d077aa7a,0.7379,CRITICAL,Treatment
b8338373-c6f8-411f-bea5-65716e748536,0.7432,CRITICAL,Treatment
e9be43d4-8146-4f1c-b5a4-2f41db9e3e9b,0.7432,CRITICAL,Treatment
47544632-38a0-4d32-816a-6667a75bb97b,0.7379,CRITICAL,Treatment
23dc8efd-b557-4d89-921d-fce04a13a387,0.7432,CRITICAL,Treatment
f79edd47-b3a4-4b28-b18a-784394e6d8eb,0.7379,CRITICAL,Treatment
b9e1d550-f2fd-44fd-be7a-4d5d622d9a1b,0.7432,CRITICAL,Treatment
b655c412-bc16-4537-aef2-6488e67dfe3f,0.7379,CRITICAL,Treatment
13c2d063-371b-4622-bdb1-6be974769f3b,0.7432,CRITICAL,Treatment
3bf1c59c-1af7-49d3-8aaa-616c8e8c35ec,0.7379,CRITICAL,Treatment
a46df77f-dde5-4f28-bbde-c7068ce656d4,0.7432,CRITICAL,Treatment
1a228e7a-95f9-43a2-a7f6-4485b52dbe83,0.7432,CRITICAL,Treatment
d90a63ad-ccb0-40de-bf05-fd029e892fcb,0.7379,CRITICAL,Treatment
85ac5adb-57a0-494f-acb0-e716a6ae90de,0.7379,CRITICAL,Treatment
5409339e-f0d8-4474-8b97-9ea668bf226c,0.7432,CRITICAL,Treatment
6d9e28c9-e2ec-49db-8c1c-7c54a53d94ca,0.7379,CRITICAL,Treatment
58143e2b-86cc-4675-8458-23eb8374f2f8,0.7432,CRITICAL,Treatment
359f2810-7889-4cfe-b44a-aa2a2393c63c,0.7379,CRITICAL,Treatment
1f16e29d-be47-4f9c-8851-cd835641c510,0.7432,CRITICAL,Treatment
031b157b-42b7-4051-b4b4-1c43682d0aa4,0.7432,CRITICAL,Treatment
3483a77d-f2c5-405f-a44f-cbaaec571829,0.7432,CRITICAL,Treatment
aacff75b-79aa-4b8f-91d7-e3abb8343a76,0.7432,CRITICAL,Treatment
00261e7f-cab8-4fed-93b4-3e0e674992f1,0.7379,CRITICAL,Treatment
176f753f-27e9-494d-9d40-f1e059c74916,0.7432,CRITICAL,Treatment
36ea2dde-5d45-40d3-b518-b92f2f60408e,0.7379,CRITICAL,Treatment
43138f41-1230-4c61-93c4-cb3a37d0c613,0.7432,CRITICAL,Treatment
723a0366-9c9d-4d56-8458-c9e1dffc6e95,0.7379,CRITICAL,Treatment
49a87c46-1f1f-480d-b2fb-4ae24c032e8e,0.7432,CRITICAL,Treatment
e1743c07-0087-4ee9-b109-5f2a501cedba,0.7379,CRITICAL,Treatment
ad9fa8a7-6e71-460a-8b8c-e3e7e4281c65,0.7379,CRITICAL,Treatment
10843db7-e0b5-497c-8b0e-9819728275b4,0.7432,CRITICAL,Treatment
711fcc3e-8088-4961-bea6-3614143cb4b1,0.7432,CRITICAL,Treatment
1884b2b9-74a8-460d-ab12-1cf42a3276e6,0.7379,CRITICAL,Treatment
291a30a6-dc87-4757-9afb-83cfffa43db5,0.7432,CRITICAL,Treatment
91e05497-a9dd-41cc-9186-8e5f3131f469,0.7379,CRITICAL,Treatment
38c95e61-0b53-43a9-b636-e01ddd3cddd7,0.7432,CRITICAL,Treatment
e0fe55bf-1fc1-4595-8814-2d5ee0521f1c,0.7432,CRITICAL,Treatment
c38dbaa3-3c5e-4715-8fb7-5876381811e1,0.7371,CRITICAL,Treatment
d6dfdf76-98de-40e2-84ab-0534bc19e727,0.7432,CRITICAL,Treatment
ec89c069-f667-434b-af79-7528b20136e8,0.7432,CRITICAL,Treatment
b6cd7eaa-5258-421e-9919-96a216ba4149,0.7379,CRITICAL,Treatment
5cfa9f27-de0c-491b-a8b7-623631d4eef6,0.7379,CRITICAL,Treatment
2949a4fe-32ad-40eb-827b-4594917f264e,0.7432,CRITICAL,Treatment
f23fd0eb-6d6d-473b-8933-d304262f2d85,0.7432,CRITICAL,Treatment
617634f2-850d-4687-b00a-d2694fdba077,0.7432,CRITICAL,Treatment
413cb5d9-38f1-4682-9afe-b522a3cd9fb6,0.7379,CRITICAL,Treatment
ed086754-a3e0-48cc-a86e-2d4d6ffdc0b1,0.7379,CRITICAL,Treatment
6f70654d-471d-4a1b-b86d-721b0d4fce5d,0.7432,CRITICAL,Treatment
ff834d3f-737b-4659-850f-10adb9070432,0.7432,CRITICAL,Treatment
1df3630b-034d-4de6-9744-f0e207350d9e,0.7432,CRITICAL,Treatment
fe77df65-6685-4deb-a819-e809ced7d666,0.7432,CRITICAL,Treatment
b1b7737d-6640-4bbd-8711-9e53860958da,0.728,CRITICAL,Treatment
ea9161aa-3a9c-4492-aeab-f517e12c889e,0.7379,CRITICAL,Treatment
4112b1a5-789c-4a93-abf6-2e33f2e8499a,0.7379,CRITICAL,Treatment
8965ddcb-802c-4f0a-a366-8134fc33e91c,0.7432,CRITICAL,Treatment
b86c7c03-dc22-4319-aa4a-5b585d50d668,0.7379,CRITICAL,Treatment
279c4bc7-cdc3-4cb4-ab02-4bc9c2b6467f,0.7379,CRITICAL,Treatment
c84862b9-7e34-4b3a-98cc-0dc84aacdc36,0.7379,CRITICAL,Treatment
15060489-789b-40c5-ade5-6a0f723ffeaa,0.7432,CRITICAL,Treatment
3c9216ac-9c70-4db1-bf83-834e00dc170d,0.7379,CRITICAL,Treatment
59a1baf3-4f5c-46fa-8269-05066f117724,0.7379,CRITICAL,Treatment
885ab290-fd0d-40a7-9cc8-8ab5ea159594,0.7379,CRITICAL,Treatment
298a4218-4e13-4a7d-9928-97b5202f1399,0.7432,CRITICAL,Treatment
9c5d4d47-edb1-4ec1-b5c5-47fdfa2ee325,0.7432,CRITICAL,Treatment
d54b27eb-da50-4a9f-b2c6-c308652367be,0.7432,CRITICAL,Treatment
f88b4666-3412-4601-83a9-be97a13577f2,0.7362,CRITICAL,Treatment
d817c0d9-8e92-4368-b663-a886666cc6e4,0.7432,CRITICAL,Treatment
7fe9246f-0854-45ae-b4ab-097a0e917e9f,0.7432,CRITICAL,Treatment
62ccb802-d515-4fce-a978-8e9760eef901,0.7379,CRITICAL,Treatment
7e75c1d5-bdb3-4de3-ba4e-81f14e7aef4e,0.7253,CRITICAL,Treatment
fb52eed4-f48d-4614-81fd-3150c327dfb3,0.7432,CRITICAL,Treatment
6f8baa6c-11a1-4d53-8231-01a6a8f91dee,0.7432,CRITICAL,Treatment
c694ffdd-aa55-4956-9bde-639c1c3154bf,0.7371,CRITICAL,Treatment
ecd0a132-2856-4935-820e-ed92d35ea7d7,0.7432,CRITICAL,Treatment
0ecf5d34-f4d9-4ea2-99ee-fbd7998ca9ca,0.7432,CRITICAL,Treatment
680b06f7-d5b9-4dc9-9a2e-ca1219692dc5,0.7432,CRITICAL,Treatment
35356f6b-f249-496a-84bf-fefb7b36d18e,0.7432,CRITICAL,Treatment
40a5c32d-dd85-4ac9-bb0c-843a0a678ff2,0.7379,CRITICAL,Treatment
0803a105-a58e-4961-a732-2e37f28adf32,0.7432,CRITICAL,Treatment
b4687147-e26f-4569-b10a-133cc6b7eeba,0.7432,CRITICAL,Treatment
20928fc6-732f-4ad1-8916-4f3234225ae5,0.7432,CRITICAL,Treatment
88741208-f0b1-4f14-a75d-0f23eb64d534,0.7432,CRITICAL,Treatment
f15df691-62c4-4a50-ae31-5348d3a97aff,0.7432,CRITICAL,Treatment
5ffe8366-7677-40f3-833f-0d41207188b7,0.7432,CRITICAL,Treatment
067560e5-d56a-4316-83ec-c61e316a8abe,0.7432,CRITICAL,Treatment
0180eee5-6e32-45c1-9014-21cfaa996304,0.7432,CRITICAL,Treatment
282a9275-c954-4d53-a25e-690658da8296,0.7432,CRITICAL,Treatment
8f7fbf6d-a647-450e-97b4-3bfbc050d8e5,0.7432,CRITICAL,Treatment
9c259d5f-bb21-4d43-8ba5-41b46c584736,0.7379,CRITICAL,Treatment
01cfebe7-b2d3-431a-a746-d869adb3e368,0.7379,CRITICAL,Treatment
d6ce2d2a-72e6-46d6-8c5e-8ecf2533744f,0.7161,CRITICAL,Treatment
4d3900ef-3b24-4e88-be05-dd30075a9108,0.7379,CRITICAL,Treatment
f20faa40-6387-425b-b367-8f4fce047929,0.7432,CRITICAL,Treatment
bdcb9268-77d2-4c8e-bfbf-c9669ba92bcf,0.7379,CRITICAL,Treatment
1f8d575d-e963-4f3f-b4d9-caa0169d4f41,0.7432,CRITICAL,Treatment
1383c91a-3aa4-40be-8b97-97d66b40e690,0.7432,CRITICAL,Treatment
87900b8f-f5a9-4392-b3c5-a308d8048ebb,0.7432,CRITICAL,Treatment
101460f8-e338-4da4-a4e8-1abf19ee9183,0.7432,CRITICAL,Treatment
d4a02395-8f69-467c-8c93-977993e97b11,0.7326,CRITICAL,Treatment
5e7d455c-aaeb-4255-9821-dfe97ad932e9,0.7379,CRITICAL,Treatment
84643fdd-fa67-4f5d-9dcd-fbc0850f2e09,0.7432,CRITICAL,Treatment
bcc68dff-6857-4aff-9f6e-b26be5123339,0.7432,CRITICAL,Treatment
854f911e-b0b7-4bfb-97ad-c8917e250ff3,0.7371,CRITICAL,Treatment
189b7a7a-8287-4555-8258-19f73f4ace32,0.7432,CRITICAL,Treatment
4fd48553-e344-48f6-9b58-7c345aa2ab5d,0.7379,CRITICAL,Treatment
0a42cd60-ffbf-410d-9021-27ab88ff112d,0.7432,CRITICAL,Treatment
9d89f942-7cd4-4c1d-95b4-bb2fa6048c32,0.7379,CRITICAL,Treatment
1f59f3fb-582f-4b01-aaf0-8735df60fb9f,0.7379,CRITICAL,Treatment
1648e030-39b5-4388-b0ec-3b5bd7935cc6,0.7432,CRITICAL,Treatment
cdbc0fce-44d4-4342-91c0-d90b87e4de85,0.7432,CRITICAL,Treatment
d14f53de-03b3-429d-8c46-bfc4059d1075,0.7379,CRITICAL,Treatment
10b12c7c-6a66-4f88-93c4-faa996b5437e,0.7379,CRITICAL,Treatment
4d201dd6-1f18-47f3-8f0e-dba6109c6e5c,0.7432,CRITICAL,Treatment
85f497c2-767c-417f-92a5-c77586f096e2,0.7432,CRITICAL,Treatment
742b9301-cb99-46c6-82d7-80de921c2a14,0.7379,CRITICAL,Treatment
64850d38-48e8-44d8-9f7e-48f570b59b30,0.7432,CRITICAL,Treatment
11df68fd-c9ae-4de0-999b-c680816e6774,0.7379,CRITICAL,Treatment
da2025f1-cf47-4016-8203-bb8869d9d476,0.7152,CRITICAL,Treatment
6ed6aaf9-ec29-435f-b269-7402b74b9849,0.7161,CRITICAL,Treatment
7cc94282-7912-4a02-8225-8a6eba7d76dd,0.7379,CRITICAL,Treatment
f238b377-d914-4f74-ae51-aa8993cd25dc,0.7379,CRITICAL,Treatment
1012102f-c4c9-46ec-8c01-354d03e8a05b,0.7379,CRITICAL,Treatment
c0ee9ebd-63e9-4ce3-9ecc-285ce49efeea,0.7379,CRITICAL,Treatment
629bc2d0-3891-46c8-b4f7-b5e21bf3d387,0.7432,CRITICAL,Treatment
92098c61-f61c-404d-81db-33a16859f105,0.7379,CRITICAL,Treatment
6999fe22-1ad5-46db-8f8e-7bd1b4d425a3,0.7432,CRITICAL,Treatment
10faaaa8-32f6-4416-84d7-f674d317ba7f,0.7344,CRITICAL,Treatment
d4c94aef-ff80-4159-9eee-01915e077bea,0.7379,CRITICAL,Treatment
1c117b9b-157e-46ec-b5f5-1734cb10f4b5,0.7379,CRITICAL,Treatment
598c25d3-29f4-4d42-8eda-b258d72e65d0,0.7379,CRITICAL,Treatment
ac201085-40c3-481c-88b2-d55e82011e8e,0.7379,CRITICAL,Treatment
c3169668-6d8f-4105-a468-8e5c94e27e6c,0.7432,CRITICAL,Treatment
545b563a-461f-432b-ba06-b3a2efd0eec6,0.7432,CRITICAL,Treatment
b4e58d4b-08c4-411c-8e94-b290b0e45f5f,0.7432,CRITICAL,Treatment
7805059e-6199-4ea9-a6d0-f7b7399d0419,0.7379,CRITICAL,Treatment
c147bd16-0640-4a87-9769-439cb3fb6b08,0.7379,CRITICAL,Treatment
e80e3522-f900-4a09-8ef1-75cbe086800d,0.7432,CRITICAL,Treatment
6f57360b-60b1-4785-8b95-52b96377f87d,0.7432,CRITICAL,Treatment
ccb4eb20-64a8-4aee-a6e1-9e11e665ea32,0.7379,CRITICAL,Treatment
17fbfb25-e863-4650-991d-3996e708a552,0.7379,CRITICAL,Treatment
621a2c57-39be-42e5-b40d-97f4b430e9c1,0.7379,CRITICAL,Treatment
26c3dc9d-1dae-4135-ba0e-3bc2997ba32b,0.7379,CRITICAL,Treatment
546b7415-8a4d-46c5-a6c0-626169e9d03e,0.7379,CRITICAL,Treatment
0d00e1a0-74ce-4397-af57-3884907f2040,0.7161,CRITICAL,Treatment
2eb29878-5d91-478e-bedf-6f9f881f78eb,0.7371,CRITICAL,Treatment
6ea3449a-1484-47c7-ade7-cf12449b7e7a,0.7379,CRITICAL,Treatment
1a306b05-5ab7-40b0-af80-0f6a7b638295,0.7252,CRITICAL,Treatment
446c8967-65e9-4699-8ee6-018c379a7906,0.7379,CRITICAL,Treatment
20589afe-a588-47da-8878-8c58dd9b393d,0.7362,CRITICAL,Treatment
705b9e43-2bc5-47bf-91b8-1788d4b012c1,0.7379,CRITICAL,Treatment
aa9da6c8-0862-451e-be5b-ab18ba60a394,0.7432,CRITICAL,Treatment
2fedd214-da0a-4d62-80ee-7f2029c9dd02,0.7379,CRITICAL,Treatment
c858942a-526f-4822-aa9a-3bff4da11a7a,0.7379,CRITICAL,Treatment
e551d4af-d56e-4d62-b7b7-7a838eb0519e,0.7432,CRITICAL,Treatment
a4af4c20-6884-4f2a-b58b-d7e141d323c1,0.7379,CRITICAL,Treatment
dd469828-22cd-44ba-b536-9e32606b889e,0.7432,CRITICAL,Treatment
b8305fd6-f445-45f3-93bb-30db5c48bff8,0.7379,CRITICAL,Treatment
41fcace8-087d-47ca-88f3-6075add7fab7,0.7379,CRITICAL,Treatment
0da19b69-89a0-4173-af27-1fd6b76b95d1,0.7432,CRITICAL,Treatment
19efcbb1-474b-4e3b-85b4-978f6895a65a,0.7317,CRITICAL,Treatment
57b351e2-51c5-4851-be9b-45dde0fa3baa,0.7432,CRITICAL,Treatment
01ae87f8-bd93-4268-9076-3da1c721ac23,0.7432,CRITICAL,Treatment
abdca113-1612-4b77-904d-08d934d4fefd,0.7432,CRITICAL,Treatment
ed467f74-86dc-4170-8a46-dceb3ec9cda0,0.7432,CRITICAL,Treatment
196997c9-a7e7-455e-954d-86a7d1d91bda,0.7379,CRITICAL,Treatment
d1e85e68-d1c8-4ed2-90d2-5360a45e7c07,0.7432,CRITICAL,Treatment
5ebb1d7a-fa7c-4b66-8a43-6ed958b1ad54,0.7379,CRITICAL,Treatment
c6642b01-372d-4c3b-ade3-835f3a230667,0.7379,CRITICAL,Treatment
cdbee7b2-6237-428f-828d-94cf4c1270ef,0.7379,CRITICAL,Treatment
efcb2e1e-f6e3-4845-aba3-181e450b56b2,0.7379,CRITICAL,Treatment
db38c002-3e84-42ac-bf1c-756dbb307bfc,0.7432,CRITICAL,Treatment
a8efa47e-f47d-4773-b88f-086598c159b6,0.7379,CRITICAL,Treatment
bbd4f315-f3d8-4131-b465-aba9d93e2eef,0.7379,CRITICAL,Treatment
6a1af9b2-31fb-4e62-9c28-25b7023fd4bd,0.7432,CRITICAL,Treatment
b5f6a37b-e569-4ef9-9c85-b07a036e84e7,0.7362,CRITICAL,Treatment
d54ed29a-4c06-4d4a-8499-9d482651547a,0.7432,CRITICAL,Treatment
794aa5a3-cbb1-47a8-945a-c4b617825e59,0.7432,CRITICAL,Treatment
c7243b90-18f8-43df-ba51-77974e5c619d,0.7379,CRITICAL,Treatment
fa730a48-5878-4d53-a526-3ca2a003f583,0.7379,CRITICAL,Treatment
1213d9b1-41b7-4902-b40a-03ee341ed83e,0.7432,CRITICAL,Treatment
d720a373-1adc-4373-8450-724beea8f2c9,0.7432,CRITICAL,Treatment
0c090274-7b28-4f1a-8fb6-99bde356bfa0,0.7379,CRITICAL,Treatment
17c54ed8-612a-4368-9e30-4815d8c5f330,0.7379,CRITICAL,Treatment
460a63e7-13f5-4e6e-9e4d-95698358faa5,0.7161,CRITICAL,Treatment
0f97c372-bdcb-47da-997e-c9ec0cd8c8af,0.7379,CRITICAL,Treatment
87159571-5e12-46a5-bc22-80f1d989bc93,0.7432,CRITICAL,Treatment
b78a45a7-d7fb-4a42-8f28-41857bd1d364,0.7432,CRITICAL,Treatment
9bcb3174-b617-4081-a072-473db02c896a,0.7432,CRITICAL,Treatment
bd484061-a072-4aba-851a-0e1399ad4464,0.7379,CRITICAL,Treatment
8b02fd2c-7438-4cde-b874-4f54a1399cbf,0.7432,CRITICAL,Treatment
a3ec8652-85c0-4665-9ccf-9acaf3f72808,0.7379,CRITICAL,Treatment
f8b62d7e-0a6b-4d36-983c-3e997c4eb0f2,0.7379,CRITICAL,Treatment
a0762ec2-e22a-4ada-b9d9-e48a2ab721b8,0.7379,CRITICAL,Treatment
08a52243-3d22-45da-93d5-99bef1f7bd00,0.7379,CRITICAL,Treatment
9cb8e0a1-9241-4ee3-93a7-1fc13e733612,0.7432,CRITICAL,Treatment
9373a70a-aeaa-4426-841f-33bb2cf258ce,0.7432,CRITICAL,Treatment
a51882ef-ad3e-48b0-876a-31e1bd345bb4,0.7432,CRITICAL,Treatment
bfd8100e-0de1-4a73-93f4-a9a8ad131fcb,0.7432,CRITICAL,Treatment
3ba97a82-3bbd-4d9d-8247-f46343dc4131,0.7432,CRITICAL,Treatment
cd079a30-6e5c-4f87-91e6-7babbc598551,0.7379,CRITICAL,Treatment
23e9fc91-66e1-46d2-8ed3-f84bcf70a21b,0.7432,CRITICAL,Treatment
b25835fe-a161-40b4-b625-4cc3c2fc082d,0.7379,CRITICAL,Treatment
028af62c-d35d-420f-91c0-8ba7f104200b,0.7379,CRITICAL,Treatment
d9bcd88f-7468-43e3-a0ec-54d2d4f41b94,0.7379,CRITICAL,Treatment
0c20673e-b79c-4496-85f0-253901b14a8c,0.7379,CRITICAL,Treatment
79c228e1-36ee-4918-a917-08da5357836d,0.7379,CRITICAL,Treatment
e4e5a68f-7769-49ca-8eef-d8c7bf814762,0.7379,CRITICAL,Treatment
df1fbc36-5f05-45f8-900e-6748494a239f,0.7379,CRITICAL,Treatment
e61dba29-59a6-4fb5-8289-3be3dda45d60,0.7432,CRITICAL,Treatment
4ff7e563-89c6-4e9c-9f32-302878ea6251,0.7432,CRITICAL,Treatment
60d80635-1b81-47fa-bdd1-7589ed74b77f,0.7432,CRITICAL,Treatment
6a9e062d-ace1-420a-8fab-ef9dc8621712,0.7379,CRITICAL,Treatment
5b3fa4fb-f094-4cf5-b7b5-6bc69f99bf39,0.7432,CRITICAL,Treatment
73732cdf-10e7-42e9-aec9-bd263bddc51b,0.7379,CRITICAL,Treatment
b0cabe4e-98b1-4f2f-afe3-34c68aed15b3,0.7432,CRITICAL,Treatment
dd71a477-f8b3-4c56-849c-6d9fc3b82ed9,0.7432,CRITICAL,Treatment
5d6728d2-4f64-4b2e-a2b0-97d19482ed57,0.7379,CRITICAL,Treatment
b56f6003-daab-472b-b583-2883cad3278c,0.7432,CRITICAL,Treatment
00648649-f8e0-49e8-8630-ae3c8bc9198d,0.7161,CRITICAL,Treatment
4cc741b6-af23-40a3-ad81-c4006912fbfb,0.7432,CRITICAL,Treatment
37cfe635-2fb2-4115-9f45-9c91d98a9f07,0.7379,CRITICAL,Treatment
5cf57773-f639-41cd-b305-1a68db596c12,0.7432,CRITICAL,Treatment
f7031c1d-f78e-42eb-9ce3-86dd4587d9d9,0.7379,CRITICAL,Treatment
5d742f8e-3c36-4da3-9840-90279ccb68ec,0.7379,CRITICAL,Treatment
a87fc48f-95d8-4a85-bea2-be2a74c03bf9,0.7432,CRITICAL,Treatment
c3f8c7df-97b8-4863-9cd5-150dde949419,0.7379,CRITICAL,Treatment
2fe8b9f1-8cf0-4e70-a17c-b29846c3a0d6,0.7379,CRITICAL,Treatment
a4a34547-4f1f-42ff-b796-3631a28bdc37,0.7432,CRITICAL,Treatment
18b38f35-6288-441c-9ca9-c06a890a8bc3,0.7335,CRITICAL,Treatment
f7ef9edb-8f0f-4183-adb0-f9fc6ebd5606,0.7379,CRITICAL,Treatment
64c7761a-3682-496a-8497-2909a45628ff,0.7432,CRITICAL,Treatment
40565928-5e30-42d8-8527-209b1451ee04,0.7432,CRITICAL,Treatment
d1c0c15d-5612-4be4-96a5-13c3b9016a93,0.7432,CRITICAL,Treatment
fbb2e012-23f0-4f57-b3a9-f2f78208c3a9,0.7432,CRITICAL,Treatment
bf4e6d02-917c-44f6-a928-9df9984f4fa9,0.7379,CRITICAL,Treatment
77379cda-4feb-4e97-91b8-5e41c7b980bb,0.7432,CRITICAL,Treatment
5cdf5178-6a8f-4d56-87d7-a6b57868c65f,0.7432,CRITICAL,Treatment
be0b393a-93bc-40ab-8e02-5c866cbda21b,0.7379,CRITICAL,Treatment
32db3c4b-9e93-4fab-91c3-1b28cf2d53e1,0.7216,CRITICAL,Treatment
aa9c8c8a-f5dd-4c8c-8ea3-30f8f478f3b3,0.7379,CRITICAL,Treatment
9e8cf0db-4d2c-4bec-bb80-5fa95f9e419f,0.7432,CRITICAL,Treatment
e20d95d1-128b-4ec2-8b09-d7608ada8c34,0.7432,CRITICAL,Treatment
46d7893d-4a94-4a56-8f31-fb81c22bc35c,0.7379,CRITICAL,Treatment
79d6283a-9a0f-4d1e-8b77-f03bb3dc5f37,0.7379,CRITICAL,Treatment
756e0c08-a22b-456b-ad40-b04cfa0e68f0,0.7432,CRITICAL,Treatment
31b12aa4-bfce-4d6e-8c3d-ebb86c72624f,0.7379,CRITICAL,Treatment
8949b160-5237-4d32-a85f-d7cdc2c77de0,0.7432,CRITICAL,Treatment
79d3ff20-f566-4622-a50a-b0f3d4d89da2,0.7432,CRITICAL,Treatment
7998c85d-a399-4789-8726-4bcc686bff24,0.7379,CRITICAL,Treatment
6fca060a-7df6-4af9-b659-16601e634f50,0.7379,CRITICAL,Treatment
c076844b-2f9c-4d97-9994-b00695bec1b2,0.7379,CRITICAL,Treatment
c57d3ebc-3e28-45c4-9b94-b5fc83971eb3,0.7379,CRITICAL,Treatment
57a037b4-00dd-400a-b7ce-2313613b487f,0.7432,CRITICAL,Treatment
3180f616-d9e7-499a-8ee4-2e4d6b0ca86e,0.7432,CRITICAL,Treatment
3c8e6bb3-84bd-49f3-b5db-1da9930c0db0,0.7379,CRITICAL,Treatment
5e283867-6e54-4489-8e82-f5c68fe36327,0.7379,CRITICAL,Treatment
9d9aa1b2-40fb-48a1-8ddc-6863daaef5bb,0.7379,CRITICAL,Treatment
430ae4f4-cbc4-4115-8ff4-3d147ba067e1,0.7432,CRITICAL,Treatment
56680119-61f9-47a1-bf4d-29a3d510a776,0.7379,CRITICAL,Treatment
be8a7e42-6353-4a7b-9808-37bf97bcfe6b,0.7432,CRITICAL,Treatment
60466f49-38fd-47ab-aa3f-97302c15b23a,0.7432,CRITICAL,Treatment
fb110fd1-008f-426d-af93-20417879422f,0.7379,CRITICAL,Treatment
bddc3f04-4b8e-4b75-a126-5aca7d766998,0.7371,CRITICAL,Treatment
c1afad83-0f02-4fb1-ad60-e62bb7d9ea89,0.7216,CRITICAL,Treatment
f38aef3c-bfc4-41bb-9527-f6ee622e0ba0,0.7379,CRITICAL,Treatment
cc9292e9-f114-4da4-a706-00403634b66d,0.7379,CRITICAL,Treatment
74c8d93a-1325-41b0-a26c-3e63a665054d,0.7379,CRITICAL,Treatment
fe09c025-59d0-43c1-b592-c2ff7135a380,0.7432,CRITICAL,Treatment
38f16682-0f90-45b2-beec-1986062a7be3,0.7432,CRITICAL,Treatment
217b4604-77e4-48c8-b3e9-1f90e044850c,0.7432,CRITICAL,Treatment
8ddc5e57-0c7f-47ce-bec4-db61f500fafc,0.7432,CRITICAL,Treatment
a8ba2396-e58f-4505-b98b-1792bc0a20d9,0.7379,CRITICAL,Treatment
3f5c1730-4c54-4df7-aec9-78f07882c039,0.7432,CRITICAL,Treatment
c336b998-da16-450c-9fb3-ac95d9604ff8,0.7379,CRITICAL,Treatment
5cc41114-fcff-410f-98ce-a2e55a5af936,0.7432,CRITICAL,Treatment
d5c578ec-cd9d-4b15-9f1d-7ba7352ab78f,0.7432,CRITICAL,Treatment
d27c8690-91fa-4164-9cbd-0a4b5206be85,0.7371,CRITICAL,Treatment
f52c6211-86db-47ab-b782-529eee222bb6,0.7432,CRITICAL,Treatment
0ef99493-5bfc-4576-b70b-e0b5604e107d,0.7379,CRITICAL,Treatment
7db4b30c-b95c-44ee-a33b-4ccb6966d510,0.7432,CRITICAL,Treatment
438a6cf5-9677-4c36-9fd5-0f75b58e793b,0.7307,CRITICAL,Treatment
474bcfd2-4e84-49fc-a45f-d1d5454a87ae,0.7432,CRITICAL,Treatment
789db2f3-bbf8-4e90-8160-768c32e27247,0.7379,CRITICAL,Treatment
dcbca1b1-1898-4ac3-bfd2-5d568b089616,0.7432,CRITICAL,Treatment
7792074c-63e5-4294-8ca0-e72fa486367b,0.7432,CRITICAL,Treatment
cecf9df9-4534-4304-96e0-8da42ee54b4b,0.7432,CRITICAL,Treatment
3c6fd078-f28c-47cb-8fae-45e9d8db4ed0,0.7379,CRITICAL,Treatment
83ab2d2a-7591-453f-a06a-44e8b35bf3b2,0.7432,CRITICAL,Treatment
51f71b78-973a-4c7f-bca0-ad6177472356,0.7379,CRITICAL,Treatment
fb753b39-b305-4eec-8aee-0cc8b381550d,0.7379,CRITICAL,Treatment
9fa28157-9c5e-41ae-92c3-79df393bc752,0.7432,CRITICAL,Treatment
cfdbcef2-ae2a-4e46-99e1-dd813aea9f77,0.7432,CRITICAL,Treatment
1b40b4cf-7c2f-41ad-a121-5f82cfe89d1e,0.7432,CRITICAL,Treatment
fa125df7-c55e-4b35-ab0d-efbafdcfeda6,0.7379,CRITICAL,Treatment
545034dc-e6ab-4f9f-a170-239363a138dd,0.7432,CRITICAL,Treatment
97b31898-d8a5-4083-9dc6-f995c1d2c6a1,0.7379,CRITICAL,Treatment
ebf50dfd-46da-4a67-8de2-6e4b28a3880b,0.7396,CRITICAL,Treatment
73cffc8e-aa19-4287-a65a-aad9d51819ed,0.7379,CRITICAL,Treatment
639a0628-529c-4d67-ab91-8e7505fcd585,0.7432,CRITICAL,Treatment
c8f85b29-3693-417d-a4ee-b52ce3f4a363,0.7379,CRITICAL,Treatment
1125cf60-68e2-4d37-ac40-28ff1385f036,0.7379,CRITICAL,Treatment
03a8a31a-40b3-4f0a-80f5-169d295fe902,0.7432,CRITICAL,Treatment
f1d49c21-c20e-4f7e-b6f8-55228efdcd94,0.7432,CRITICAL,Treatment
08d63de5-4c40-45cb-844e-6c3ca0281dd3,0.7379,CRITICAL,Treatment
ba786a6d-cf49-469d-a9b4-a7b3c6a04df1,0.7379,CRITICAL,Treatment
cdf04ada-8f4d-4aa8-b95a-30d273cb5da9,0.7432,CRITICAL,Treatment
50ec99dd-46c4-4862-b946-b120685bf7af,0.7432,CRITICAL,Treatment
03f0350a-f3f5-4730-9cf7-9aaa7e85f733,0.7432,CRITICAL,Treatment
41a20faa-3dd7-4d96-a3c6-e88b57480bbd,0.7371,CRITICAL,Treatment
4029b39a-6782-4eac-a2d1-cdb332e71f76,0.7432,CRITICAL,Treatment
db174c14-ce76-4e12-862c-c69330cd87a0,0.7379,CRITICAL,Treatment
b441d1cc-7342-467e-bfb0-461e6cc37e17,0.7432,CRITICAL,Treatment
8b190c9e-667b-4d9f-98b9-54c076f60bc7,0.7379,CRITICAL,Treatment
cd35f3a6-3f56-42b1-bc50-aae21b68e9e6,0.7432,CRITICAL,Treatment
ca180d74-9483-4ffc-84b2-d410c1d95f13,0.7379,CRITICAL,Treatment
2a9a4ecc-f4e4-47f9-855f-0698ce105d09,0.7379,CRITICAL,Treatment
2879dd6e-a9c1-48e8-9f43-2a51caf3ba62,0.7432,CRITICAL,Treatment
cd0534af-77a7-4915-ace5-ecf24451d2b1,0.7432,CRITICAL,Treatment
b093b344-1b12-4ee5-b3ea-69a6f358db29,0.7379,CRITICAL,Treatment
b927584f-3d31-46f2-958b-af4da6b97ba5,0.7379,CRITICAL,Treatment
4ce9dcf0-d196-4fba-8f02-bab7dc00f52f,0.7432,CRITICAL,Treatment
20586b5d-da5f-47af-8e69-990221134932,0.7432,CRITICAL,Treatment
fa9e9f67-9c6a-4b96-9f94-322d250269e6,0.7432,CRITICAL,Treatment
2c773abd-bb72-437a-a6d8-6081c00dc94d,0.7379,CRITICAL,Treatment
f103fd04-1434-4235-8920-269437dfe67d,0.7379,CRITICAL,Treatment
1519a55d-1450-4394-b05c-d660d259767b,0.7379,CRITICAL,Treatment
1f823a05-9b5a-4bed-981d-eaf32c1eb16b,0.7432,CRITICAL,Treatment
5a0eb62a-e254-41ab-bb9c-df7ee69c9e2b,0.7379,CRITICAL,Treatment
98a2e353-b0c7-447d-87e6-3bcef11b6f26,0.7379,CRITICAL,Treatment
53d41cbf-148b-4f94-aada-e438f9aebbc6,0.7362,CRITICAL,Treatment
30fe9696-16bd-456e-8681-8764f69d7db7,0.7379,CRITICAL,Treatment
60b663e4-08e8-4f4f-96ae-c38eada4807f,0.7432,CRITICAL,Treatment
6c963e9b-e8fb-4c2a-85b0-68498915c998,0.7432,CRITICAL,Treatment
c9efe6ef-4b82-47cd-a098-cc8312c3d1df,0.7432,CRITICAL,Treatment
c96e5150-543d-4858-be94-ab56aed0e333,0.7379,CRITICAL,Treatment
a5c91348-2b04-4a62-ad15-b0997d4340e5,0.7379,CRITICAL,Treatment
5f397daa-cb56-4a05-b291-cb0b07e247c7,0.7379,CRITICAL,Treatment
4a3920d7-ec46-434c-be9f-91b4e6268919,0.7432,CRITICAL,Treatment
ac29167f-27b2-45a7-bc21-25b233d6aecb,0.7432,CRITICAL,Treatment
cad81852-483d-4e8e-a82a-8aa99d40d267,0.7432,CRITICAL,Treatment
4412a6ab-dd56-4eb4-b073-36d435c8e2ee,0.7379,CRITICAL,Treatment
4e00e463-1cb3-4edc-9845-145b9bcbe875,0.7379,CRITICAL,Treatment
12bbab64-a2b3-4982-8c07-0255521dc2f3,0.7432,CRITICAL,Treatment
da1b36d4-3d57-4e55-b769-07fa415bd675,0.7432,CRITICAL,Treatment
23f6764f-102d-4df0-85cd-f68eeb7f7bb2,0.7432,CRITICAL,Treatment
b772a1e7-9667-4360-9789-9bb44a693087,0.7432,CRITICAL,Treatment
2a85f73f-c5f9-4fd8-905f-91c4391a34f4,0.7432,CRITICAL,Treatment
7205a8db-ddf0-4585-a989-f8a4c8a0effc,0.7385,CRITICAL,Treatment
9018fe3b-b8b4-4fb6-95b8-0ae73179e1a0,0.7379,CRITICAL,Treatment
11853623-4dbe-4ca6-828d-44ffe59c9c24,0.7432,CRITICAL,Treatment
269e2bb4-23df-41b6-82ce-6603c9e8339c,0.7371,CRITICAL,Treatment
60c4debc-0de8-40e2-9362-eec95d254e7c,0.7432,CRITICAL,Treatment
e39877a1-a51d-4bca-a7ad-45624ffe02ba,0.7379,CRITICAL,Treatment
713fd207-dd0b-4e08-a3d9-099f1e5ebda9,0.7432,CRITICAL,Treatment
48d0e529-ea77-498a-9bff-413285fb4156,0.7379,CRITICAL,Treatment
30f061d0-6a4d-4348-bf1d-73fae78e5409,0.7379,CRITICAL,Treatment
4949ae31-d8f5-408f-9048-96b18f49de90,0.7432,CRITICAL,Treatment
c350a0b4-7aef-4bad-a10b-f632d2736483,0.7379,CRITICAL,Treatment
94f614d1-62a2-455b-b574-4ef3277aca4c,0.7379,CRITICAL,Treatment
eedea19a-4a46-4de4-a329-c8ad4be27524,0.7379,CRITICAL,Treatment
e1c8f0eb-f334-4ce5-bc23-35a614c93a46,0.7379,CRITICAL,Treatment
9488aa48-b472-48f6-826a-5e0d5abf25a4,0.7371,CRITICAL,Treatment
bba3b406-6817-4fab-9764-cca18e347a44,0.7379,CRITICAL,Treatment
c202f942-5742-47a5-b2a3-490553a75fca,0.7371,CRITICAL,Treatment
f1abddda-198b-48d9-a458-2bd65c27ee92,0.7432,CRITICAL,Treatment
1c60150f-0c34-41a1-811d-b2c6427ce55f,0.7379,CRITICAL,Treatment
a48e6dc7-7eab-4994-b46f-dd3ab00232fe,0.7379,CRITICAL,Treatment
3837a6ed-41d9-498b-8080-856c22c87c6d,0.7432,CRITICAL,Treatment
2ff799be-70be-4692-9601-c07a5232d1a1,0.7379,CRITICAL,Treatment
743b178f-d5ca-4a25-a8a7-24b1c17d8b65,0.7396,CRITICAL,Treatment
3763e53d-927f-4b40-a6f4-d77d563d1b6e,0.7432,CRITICAL,Treatment
6a417349-897c-4935-8170-14e54814a0b9,0.7379,CRITICAL,Treatment
f7344098-d171-40ef-9e84-1f97d1e2577f,0.7432,CRITICAL,Treatment
be36f8dc-6e5e-41a6-81ce-7d8f0f79c7a7,0.7379,CRITICAL,Treatment
1435e71b-0b96-43e0-b420-1eb3daf9b18e,0.7432,CRITICAL,Treatment
6c4ac8a2-aaa6-4043-9217-afbc3c6b1bb7,0.7161,CRITICAL,Treatment
32d238c2-bb51-4044-9747-717f22f35203,0.7379,CRITICAL,Treatment
06f26344-a45c-4cd6-b96c-7c815dbd55f7,0.7432,CRITICAL,Treatment
13a73443-328d-491e-9086-5977443d5ed5,0.7432,CRITICAL,Treatment
500c6b91-8cd3-42b0-bf26-462096dfeaec,0.7379,CRITICAL,Treatment
3b172371-933a-4b5d-a8dd-05718a0904e0,0.7379,CRITICAL,Treatment
e96dcc29-34ed-430c-8b47-7224dbe39eb3,0.7432,CRITICAL,Treatment
f11e37fc-0ba0-4a02-9722-4d8022a44654,0.7432,CRITICAL,Treatment
657ebe5b-8233-422f-b33c-1310dd1bcc98,0.7432,CRITICAL,Treatment
4167c4f9-cac7-43cc-a3cc-b97d5fe33d30,0.7432,CRITICAL,Treatment
bc4201d0-6f06-45de-88fe-9ebdcffd3249,0.7236,CRITICAL,Treatment
de11106f-0364-4299-8af6-b1c432ee1308,0.7379,CRITICAL,Treatment
7ce8e805-dd5b-4b5e-a761-2513d84019ef,0.7432,CRITICAL,Treatment
3a2b3b79-e7d2-40fc-8eca-6f5eae296f63,0.7432,CRITICAL,Treatment
c5426186-eb5e-4b95-a883-ffa0cd0a0662,0.7379,CRITICAL,Treatment
d45ce50e-6c3c-45cb-9388-b55905465af0,0.7379,CRITICAL,Treatment
95c39a89-fa0a-440d-b29b-d5b80e8bb040,0.7432,CRITICAL,Treatment
ea5650f2-1c8c-4672-abad-c0acaa56cbe1,0.7379,CRITICAL,Treatment
761ca821-fa5c-4873-8c4b-73dc34ad9522,0.7432,CRITICAL,Treatment
8b6a7641-d664-4175-86b6-c7fee1b3a1e3,0.7379,CRITICAL,Treatment
a4af403f-f1c9-4d8f-b899-f069ae4a9a05,0.7379,CRITICAL,Treatment
9a3b903b-ebfd-4440-b7aa-98c015a3f041,0.7388,CRITICAL,Treatment
e2b8a89d-a671-47a5-a138-caab7e6b758f,0.7379,CRITICAL,Treatment
7d4a26a5-ab54-4b9f-83f8-d14953a69431,0.7432,CRITICAL,Treatment
6c8bb3a0-18f1-4c08-a85f-b6d6ebd0e991,0.7432,CRITICAL,Treatment
0f3516a6-6d07-44f9-9391-22f8f06e11bf,0.7432,CRITICAL,Treatment
54309a1e-bab1-43fe-855e-35e6303dc705,0.7379,CRITICAL,Treatment
f0eb270b-8454-4736-b7a9-6919610eaa47,0.7432,CRITICAL,Treatment
16f77a7b-0a28-430d-956b-7912a4c95a35,0.7432,CRITICAL,Treatment
d07ab4bb-3581-443f-b7cc-e60c5c891fe0,0.7432,CRITICAL,Treatment
8a3940cb-3966-4034-8482-9178fd90284e,0.7379,CRITICAL,Treatment
131df223-493b-4f24-88ab-ac23bcaa5652,0.7379,CRITICAL,Treatment
112ff980-697d-431e-8c82-e6fdf819097d,0.7432,CRITICAL,Treatment
be613f48-5f90-47e5-a04a-004495e03823,0.7298,CRITICAL,Treatment
7e5b4e38-c3a8-4a77-b6fc-48cd2725f63b,0.7379,CRITICAL,Treatment
2c9fca9b-40cc-45b0-9e69-a389dce4c07d,0.7379,CRITICAL,Treatment
6e91fd25-de30-4116-9f86-8c936e30d97e,0.7432,CRITICAL,Treatment
570999f4-c75c-45d6-8b27-68cad88dbe4d,0.7379,CRITICAL,Treatment
1e06254f-cf43-4662-9e4c-0d1634724ae3,0.7432,CRITICAL,Treatment
92fe9cbc-b4a1-4a3b-a605-94c09e572182,0.7432,CRITICAL,Treatment
7d6e2308-5343-400b-8af0-e64f35b0d23b,0.7432,CRITICAL,Treatment
7833534a-6cfb-49e7-873d-cb33038acaac,0.7379,CRITICAL,Treatment
ee21024c-9f02-40f6-a3e4-1adb67625958,0.7379,CRITICAL,Treatment
b28d8542-5abf-4e58-9eb3-dec3fc59b40d,0.7432,CRITICAL,Treatment
729bf531-5b89-4c05-b7d5-6d14dfcef2ce,0.7379,CRITICAL,Treatment
11a0e34f-6f52-4fac-a4d4-bd72e03046ff,0.7379,CRITICAL,Treatment
9f607660-9689-4b8a-803f-f4a92d50a6a0,0.7432,CRITICAL,Treatment
8acbab26-9b2f-411f-8503-a37dfc28aacf,0.7432,CRITICAL,Treatment
e7e7b46d-5047-48a4-b42f-49f71ae448c3,0.7344,CRITICAL,Treatment
6d1c11ee-a08a-423d-89b8-4d64f9fd8e5c,0.7379,CRITICAL,Treatment
7fd6ed81-bf71-4034-b8d6-45bc36c7a1ac,0.7432,CRITICAL,Treatment
a82d1b34-1f9d-4ecc-9cea-7d5620e3cf45,0.7432,CRITICAL,Treatment
105c72be-e54f-4648-bf4d-a0d91688b811,0.7414,CRITICAL,Treatment
bdc35a54-183b-49d1-8184-d424682acd97,0.7432,CRITICAL,Treatment
da962da9-1678-4a71-858e-af038c813df9,0.7379,CRITICAL,Treatment
417deb32-e95a-4215-bc5d-d7ab7bb308e2,0.7432,CRITICAL,Treatment
927e7637-333b-4d23-84e6-366cc6254400,0.7432,CRITICAL,Treatment
50237400-3a88-4365-ab02-3929f84a0497,0.7432,CRITICAL,Treatment
af378301-74c1-45ba-913f-c68faaa82977,0.7379,CRITICAL,Treatment
1821ea0f-cd09-4d45-886c-4021b36d75f8,0.7371,CRITICAL,Treatment
1b3daadd-be93-47d8-b8ac-f9c7146d6c20,0.7432,CRITICAL,Treatment
5f354862-f54d-4b79-b6cb-0024e52ce0e8,0.7432,CRITICAL,Treatment
60fa1f9b-60cb-4c4a-a052-126e7985af95,0.7379,CRITICAL,Treatment
14c097e0-1ce5-4b68-83bf-3985b8feeeb7,0.7432,CRITICAL,Treatment
cd00aeb4-5ce1-47b6-b093-ef9c1fb2e3f9,0.7379,CRITICAL,Treatment
8f088611-7f13-4c4f-91be-3080a38e8618,0.7432,CRITICAL,Treatment
82036511-8748-45fd-a2a3-d8f07f9a3e47,0.7379,CRITICAL,Treatment
0832739c-510f-4758-b1fd-b58715b457c9,0.7432,CRITICAL,Treatment
29991ade-fade-494d-bd79-26a323754127,0.7379,CRITICAL,Treatment
499fd555-f20b-440e-ab9b-7f07893840b4,0.7379,CRITICAL,Treatment
a2216f29-4e7f-42da-a46b-cd0908ad19c7,0.7379,CRITICAL,Treatment
368853d4-ceb2-46fd-9aca-28386f621096,0.7379,CRITICAL,Treatment
6ae1678d-8afd-4aa4-a7a9-ae3303a09263,0.7379,CRITICAL,Treatment
fd23e482-f89f-4c20-a90c-cbf271ddc189,0.7379,CRITICAL,Treatment
e46b5e0f-aa17-4e4f-a9c7-8825541b15f3,0.7379,CRITICAL,Treatment
ca957b39-f5a8-416c-943f-216eef0d662e,0.7432,CRITICAL,Treatment
a42dc70d-0d37-416e-9eb6-19ef99aff6f1,0.7432,CRITICAL,Treatment
89a789a5-25e7-4ca1-9c2d-9622a5fa9d4f,0.7432,CRITICAL,Treatment
47be7dda-9670-4e1c-a050-e3d2a88858a1,0.7432,CRITICAL,Treatment
1b0cc9d8-91db-4a61-84aa-fefb38da2dd0,0.7432,CRITICAL,Treatment
d88a436a-7d32-46a4-8de7-ae547e5c11db,0.7432,CRITICAL,Treatment
f9464730-1a1c-4bf6-ab1a-e9c009846b1a,0.7216,CRITICAL,Treatment
bd811167-8642-4434-81ad-03d0764facfe,0.7379,CRITICAL,Treatment
5f01d6aa-4252-406d-958f-58383723e3fc,0.7379,CRITICAL,Treatment
3b7d6b0a-0a70-4524-8ac4-d80f6328b711,0.7432,CRITICAL,Treatment
a1077211-02ee-46c4-b612-b4a48c134db7,0.7432,CRITICAL,Treatment
54e0f5d2-06fa-4b74-bbf0-4acb9f8229b1,0.7379,CRITICAL,Treatment
0c097863-694b-4350-8794-200991e68c03,0.7379,CRITICAL,Treatment
6a10d6ed-494f-43a3-ab2d-716621bce008,0.7432,CRITICAL,Treatment
e0debb81-1b3b-4912-995e-3b36e5490096,0.7432,CRITICAL,Treatment
a8df70b3-863d-438e-bc6a-d05f6eb49e55,0.7352,CRITICAL,Treatment
aff0510e-deba-4dd8-8702-300ff954cd6f,0.7371,CRITICAL,Treatment
88477e73-29a4-48a3-9bf2-73eb0e02818a,0.737,CRITICAL,Treatment
a805d48d-de39-403b-82c3-932584352cae,0.7379,CRITICAL,Treatment
09d1823c-250f-4b52-b42f-fca94a9f095b,0.7379,CRITICAL,Treatment
0222522e-509c-4151-9eae-bfd1d92319e0,0.7379,CRITICAL,Treatment
dc386326-b0a4-40ce-a552-2521f69a723f,0.7432,CRITICAL,Treatment
02fd2bfb-4b39-4fb8-b449-60df0ef2b39e,0.7379,CRITICAL,Treatment
25b4b8fd-7004-4880-9bc6-05af0bb0b2ac,0.7379,CRITICAL,Treatment
62c6de0e-dec1-49eb-be2a-5f3c0b207a15,0.7379,CRITICAL,Treatment
33191747-7c0e-4d2f-815f-3ab5528e7a40,0.7379,CRITICAL,Treatment
da8bcb3a-166e-456c-a6c2-08de06db2cc5,0.7326,CRITICAL,Treatment
8434ff88-1dc0-46b3-84ff-f4be4c46bc73,0.7216,CRITICAL,Treatment
ad1eb758-1585-4451-8e0c-2dca3c52106f,0.7432,CRITICAL,Treatment
d59da71b-e17d-495b-94cd-824523a93b20,0.7432,CRITICAL,Treatment
ef3f3d88-d2da-4a9e-93f4-912af0287658,0.7432,CRITICAL,Treatment
375abf36-d840-45bb-8467-5eeb06775eda,0.7379,CRITICAL,Treatment
23ccd074-d905-4199-a281-f57f3db908cf,0.7432,CRITICAL,Treatment
99ad4229-1520-4d1e-bf18-3fa7e28bf539,0.7379,CRITICAL,Treatment
5e4794d2-3e26-4610-a494-e5ecdddcf315,0.7379,CRITICAL,Treatment
0426716b-14ef-4306-bc73-c6592f685316,0.7432,CRITICAL,Treatment
e0ac43ed-3b4f-4b79-a130-4b7dddaaedae,0.7432,CRITICAL,Treatment
c58829a4-a54a-4020-be90-e9c89f080220,0.7432,CRITICAL,Treatment
3adbeb9b-bf21-41b4-9eac-bc8ca51b2397,0.7379,CRITICAL,Treatment
6930a9c2-eb22-4314-8933-0b0a8cb4c763,0.7379,CRITICAL,Treatment
9967c8e6-3677-4947-93b4-6e4d9859d3a8,0.7379,CRITICAL,Treatment
a6272516-8707-430e-a9b7-e723abb1b62f,0.7379,CRITICAL,Treatment
f0bcecd1-ad03-48c2-b808-55461d9946eb,0.7379,CRITICAL,Treatment
2503dfca-3b56-4ca1-9d2e-c5cfd3dcb685,0.7379,CRITICAL,Treatment
cd9ad657-027d-4dbb-8003-95aeeb39d35a,0.7379,CRITICAL,Treatment
154f0c82-d8a4-49f9-813a-f6b800d2da2d,0.7379,CRITICAL,Treatment
4c2da560-fb8d-4e06-93d9-63ab0ff8c97d,0.7432,CRITICAL,Treatment
e63bd285-3d80-4dbf-854e-facd39584391,0.7379,CRITICAL,Treatment
5abd97a5-e71f-4d04-8f0e-0d67b0671ce2,0.7379,CRITICAL,Treatment
bd70d6f6-a884-43b3-9569-cb42223fb0fc,0.7432,CRITICAL,Treatment
69d1a605-8965-4c97-b3e5-a12bedafa0e0,0.7432,CRITICAL,Treatment
8408f2e5-ac12-43ae-9a92-331ffdf86e33,0.7379,CRITICAL,Treatment
b7c2fa06-fb87-402d-bf5e-d0f66bcc7fd8,0.7432,CRITICAL,Treatment
133aea08-b2cc-4c07-9cbc-c984bd4f933c,0.7432,CRITICAL,Treatment
30bda254-2d6f-419d-923c-ef5ddcd41aa5,0.7379,CRITICAL,Treatment
4c255d40-1d0b-4eba-a145-21de7110ea41,0.7432,CRITICAL,Treatment
1d2d5a48-d76f-4690-8dd7-2fa2e614ffae,0.7432,CRITICAL,Treatment
11f3d0cf-055c-4acc-85db-74b454679f4f,0.7432,CRITICAL,Treatment
7f67b676-d7e5-4be3-9b09-50a69bbf11f9,0.7432,CRITICAL,Treatment
bc307440-cdbd-4ecc-9f99-f1aeb22fd4cc,0.7379,CRITICAL,Treatment
61cd39fc-708c-4063-b2b3-dbc8276c13a4,0.7379,CRITICAL,Treatment
51921a60-3ab5-4a05-a3df-ea84c378f6da,0.7432,CRITICAL,Treatment
17e17380-bb1c-4c7a-af0f-eb8e4e8ab649,0.7432,CRITICAL,Treatment
345981ef-c90d-4365-9c10-5df9c6c5d1cd,0.7432,CRITICAL,Treatment
d401f481-d421-489d-870e-dbe8fcf59d54,0.7379,CRITICAL,Treatment
ea75f5ef-6ef9-49e9-8b97-876062c85f99,0.7379,CRITICAL,Treatment
49c34402-d32e-4b31-9f08-0f852ab5e0e3,0.7379,CRITICAL,Treatment
ef061b34-a892-4bba-8d05-d5e808a9b39f,0.7432,CRITICAL,Treatment
cf7198f9-a3af-4f93-b507-e2ede8e16216,0.7379,CRITICAL,Treatment
f9aa7671-0fdb-41e5-9435-81558d2e1c83,0.7379,CRITICAL,Treatment
55aa0d91-8ffc-4414-b6ec-f999192e610c,0.7379,CRITICAL,Treatment
ff34747e-116f-4567-89e7-6afec21e5610,0.7379,CRITICAL,Treatment
d235c5d7-1d71-4584-8f57-c83e63761286,0.7432,CRITICAL,Treatment
0657034d-9631-4353-a286-5d29648e658c,0.7344,CRITICAL,Treatment
bc7a29b9-6ce1-4c88-afac-6fe908a2b734,0.7432,CRITICAL,Treatment
44ec3646-641d-4e81-9ed6-9d21d3268ff2,0.7379,CRITICAL,Treatment
50e5811e-9e4a-4906-9644-99fe42cd9dd0,0.7432,CRITICAL,Treatment
d57e6d34-aaef-49c4-b487-c5e8bd825ba4,0.7379,CRITICAL,Treatment
9fd695ba-b9bb-446f-a580-5bf33d945cc9,0.7432,CRITICAL,Treatment
ebc97cc0-8d85-4bc0-a64a-f192fdb09e34,0.7432,CRITICAL,Treatment
c166c3f5-ec5f-49e4-9cee-9d9d82f91f15,0.7432,CRITICAL,Treatment
355566cb-6bda-491e-8b77-f6e68083810d,0.7379,CRITICAL,Treatment
60d1400e-3902-46f3-b9dd-e5b6907fb6f1,0.7379,CRITICAL,Treatment
b11b13cc-16f6-422a-8c29-b0a0d70ae788,0.7432,CRITICAL,Treatment
d68792f3-45f0-4cd6-b94d-35a6a73e7e79,0.7379,CRITICAL,Treatment
ce7c2484-19ca-4278-9359-40bfba8d0be1,0.7114,CRITICAL,Treatment
763dd0ee-beea-48b2-9a29-91395760ae65,0.7432,CRITICAL,Treatment
93d7d6ef-4168-4b83-8d62-382475edc027,0.7379,CRITICAL,Treatment
09ea2e86-05df-453f-93e9-e6e772eb9fa5,0.7371,CRITICAL,Treatment
52f703a9-0b74-4765-b644-1a822b1d23c5,0.7432,CRITICAL,Treatment
fa924924-6f24-4bd5-8c7c-bc194933192a,0.7379,CRITICAL,Treatment
05116013-148b-47a2-952d-550fb0b5c746,0.7379,CRITICAL,Treatment
f7739935-6dd8-4177-8482-05a14fdfc2a3,0.7432,CRITICAL,Treatment
c776f7cf-8ffe-4454-a263-16d4989d0784,0.7432,CRITICAL,Treatment
b21bb681-eed8-47ba-932a-a1368350cfba,0.7432,CRITICAL,Treatment
db701a60-b445-4e34-90cc-32c565dedcee,0.7379,CRITICAL,Treatment
1244ec33-a3a6-4d45-afd6-f6ffe01f9d1b,0.7432,CRITICAL,Treatment
7092fb31-89f3-4a91-9c2c-ef0ee5232f6b,0.7432,CRITICAL,Treatment
51a74bc6-7099-4b74-ad3d-69a2887fa7d1,0.7379,CRITICAL,Treatment
4ee18de4-c807-4b36-8f64-8d57cefaa93c,0.7432,CRITICAL,Treatment
e26040a7-c0d5-4bb5-8d3d-233dd973f65f,0.7379,CRITICAL,Treatment
7c063142-1905-444c-a1de-6a7f710cf08d,0.7432,CRITICAL,Treatment
12256d45-d049-4f4a-b41f-ab74ae83ba98,0.7432,CRITICAL,Treatment
64263847-a829-412d-af46-fea73682246e,0.7432,CRITICAL,Treatment
d3c7af62-ead9-4746-a7bc-6e1907a2d686,0.7432,CRITICAL,Treatment
885d9163-4551-4392-aed9-23b34f9335c1,0.728,CRITICAL,Treatment
3de95c30-e355-44d3-9895-88dcffd0f735,0.7432,CRITICAL,Treatment
8d20bfc3-afe2-4265-bef3-400a2317e11e,0.7432,CRITICAL,Treatment
ddace2e7-7dae-4ac4-9929-bcab8c041b34,0.7432,CRITICAL,Treatment
ec1e5319-444b-4e61-a2b4-0a61e621fe2e,0.7379,CRITICAL,Treatment
46d1fd62-e781-41e7-92ff-fe415b6aeefe,0.7432,CRITICAL,Treatment
4ef7155a-10c8-49af-b3b8-7071ba6507be,0.7432,CRITICAL,Treatment
027fac97-9122-40aa-b8f0-89e89718f6d1,0.7432,CRITICAL,Treatment
1aafa63e-8fa5-4cd8-87b4-5798fd47073d,0.7379,CRITICAL,Treatment
db5441db-1e55-4485-b2db-084b8ef02fbe,0.7379,CRITICAL,Treatment
5a27ed6a-0f62-4055-8d21-3eda36714863,0.7379,CRITICAL,Treatment
82719cb3-0b22-4dde-961f-0f52e3f53a24,0.7432,CRITICAL,Treatment
6be5342d-8ce5-4b98-a1f8-5d36f2f1bb0f,0.7432,CRITICAL,Treatment
153f5977-d394-428b-b060-51a81060ec5e,0.7432,CRITICAL,Treatment
f22a57dc-a28d-4124-8b6c-7e97dc3db105,0.7432,CRITICAL,Treatment
030b6e0f-dfa4-4261-91de-7882cdefe7fd,0.7379,CRITICAL,Treatment
aea4c2ea-5c34-4e6c-9601-65c03238ede2,0.7432,CRITICAL,Treatment
0454bd87-0b1c-4351-bd1c-2ae95348d7ab,0.7379,CRITICAL,Treatment
cfcd6e09-c479-4031-b4b3-27b449adb8cc,0.7379,CRITICAL,Treatment
942af17a-e1d9-4de4-98ee-7c96f45d04f2,0.7432,CRITICAL,Treatment
4dbeabe1-7043-4062-ba4b-4af078c7fc34,0.7432,CRITICAL,Treatment
f53f4767-8456-4bbb-9e20-e022b26820e1,0.7379,CRITICAL,Treatment
e3e4b0f7-f17d-46a0-9f37-ad735f888222,0.7432,CRITICAL,Treatment
b4833288-7e0a-4780-b56d-8fff0b7a7cd7,0.7379,CRITICAL,Treatment
8848385d-4d5d-4fe4-9a8d-cad11a59d9cf,0.7379,CRITICAL,Treatment
07a34f37-1aed-4320-ba12-4193f5277eea,0.7379,CRITICAL,Treatment
3abe8b27-6702-44f3-9dd7-ac90c285b579,0.7432,CRITICAL,Treatment
35690558-df51-4e12-834d-3085f2c8a126,0.7379,CRITICAL,Treatment
f90b909c-0d19-403a-b8e1-2e089c91ce3d,0.7379,CRITICAL,Treatment
a124613b-7d56-4413-a7d3-160cd0821290,0.7379,CRITICAL,Treatment
1cc4200d-d56f-4274-a2a4-221ee650cc32,0.7432,CRITICAL,Treatment
6fd16f88-7969-401f-9f1d-456dbb88a1ce,0.7379,CRITICAL,Treatment
d2e83c4d-c3a4-4108-adab-9831c5f5e6c0,0.7432,CRITICAL,Treatment
ce9a6555-84c6-43ab-b1b3-5aa87c8e18e6,0.7379,CRITICAL,Treatment
e3a28543-edc0-4e7b-8aef-1e058770d282,0.7432,CRITICAL,Treatment
81c433c4-4bfd-43e4-a08b-c69d0b0b4dff,0.7432,CRITICAL,Treatment
ff5fe674-77fa-4827-98c6-5e1479720882,0.7161,CRITICAL,Treatment
fe4bd9ee-ad39-4931-8aa8-ab9c37649fc0,0.7353,CRITICAL,Treatment
60ca1700-173f-452d-834f-f720b29ea250,0.7432,CRITICAL,Treatment
6e1c6048-03e9-4c17-986d-d0472898545b,0.7379,CRITICAL,Treatment
4667cbc1-d93c-4ca5-8aa1-ae415375dbcd,0.7432,CRITICAL,Treatment
95a4b5b7-a01c-4270-ae83-dfcd411714ea,0.7064,CRITICAL,Treatment
8acc8d30-07c5-48bc-8166-1d4861220630,0.7432,CRITICAL,Treatment
7c2a0eab-b28a-461e-a10d-c104fc510433,0.7379,CRITICAL,Treatment
1eb39dd8-a82e-4ad3-b1fc-f7c4161e7bc9,0.7432,CRITICAL,Treatment
86e77ee1-d62f-4b28-b972-1731b0735e84,0.7379,CRITICAL,Treatment
ca9cf873-ed7a-4d53-bcba-ce9923a7f197,0.7379,CRITICAL,Treatment
2c676ace-3acf-4f4a-a7ec-661c2e13d87f,0.7379,CRITICAL,Treatment
16db56d7-212b-4a6f-a89f-cc2327e96f7e,0.7379,CRITICAL,Treatment
84a9a5ec-7047-4de1-aab6-f305ab0ff6d4,0.7379,CRITICAL,Treatment
362fab84-8025-413a-9165-c2c0e6e29f7d,0.7379,CRITICAL,Treatment
75c220ba-9fa8-4005-bdff-d2ced1cd1cf7,0.7432,CRITICAL,Treatment
97b3dc81-62e5-40ae-86be-2bf1f8910046,0.7379,CRITICAL,Treatment
20f73861-8be9-434a-a988-5274ef1aa4fb,0.7432,CRITICAL,Treatment
ef3380ae-a04f-4372-ab8d-c6f2be266720,0.7432,CRITICAL,Treatment
d0ded474-382a-4310-afb9-84c9d8286268,0.7432,CRITICAL,Treatment
3a4e1e0c-fdbd-4b31-88ce-2ec488d37603,0.7379,CRITICAL,Treatment
3d0e1938-db80-438c-b730-bf215b9f4633,0.7379,CRITICAL,Treatment
3ea990a5-5a6d-46ab-b06c-6f719a952600,0.7379,CRITICAL,Treatment
f25bc488-e2aa-4bd1-bac4-0c277c3528c8,0.7335,CRITICAL,Treatment
cf5b8b33-8555-446a-a0b9-2b929414d084,0.7432,CRITICAL,Treatment
0f32df80-2db7-4702-9fec-041b4255b250,0.7432,CRITICAL,Treatment
46bac44a-71dc-4d3e-948b-e4dcee3724a4,0.7379,CRITICAL,Treatment
9d49f79f-5b6a-4f46-8b7f-a5ed46da4a6d,0.7379,CRITICAL,Treatment
74f01777-9bcb-4a8b-b6f6-9c874f7952c9,0.7379,CRITICAL,Treatment
38239483-2bfa-4651-b358-73c062cced22,0.7432,CRITICAL,Treatment
76d86ecc-9f59-4afb-a8a1-55cee98931d5,0.7432,CRITICAL,Treatment
2443e3f8-425b-4b55-bd9a-fe8a94b281de,0.7432,CRITICAL,Treatment
6811972a-c019-45ac-914b-854513f280a0,0.7432,CRITICAL,Treatment
35dd191b-ecc0-49d7-a73f-1d374d540b28,0.7432,CRITICAL,Treatment
14c27834-58b3-4529-8c4c-ff621051b9db,0.7432,CRITICAL,Treatment
24a74dd6-e524-4700-b896-1fdbfb8acf88,0.7432,CRITICAL,Treatment
084c566f-6679-4203-b42f-eb6a7d49c497,0.7432,CRITICAL,Treatment
842b0e67-298f-4b61-ae63-5a85e970807c,0.7379,CRITICAL,Treatment
ae1a61da-ff58-442a-9f15-fe45b3b241ad,0.7379,CRITICAL,Treatment
cbf621e5-2465-445e-87b3-a17d759ecd65,0.7432,CRITICAL,Treatment
587c89ce-5dd2-4e8c-bd24-a20580d60537,0.7379,CRITICAL,Treatment
d8ec2628-492c-4264-b73c-3b41a61b3a43,0.7432,CRITICAL,Treatment
47ae97c7-417f-4d58-85c8-55a8c36828ed,0.7379,CRITICAL,Treatment
3646f8d0-d46b-430e-920f-b63d57ad551b,0.7432,CRITICAL,Treatment
ff17fbb6-efe0-4e93-8551-ae6d9b2a1673,0.7379,CRITICAL,Treatment
88b06d88-2fb2-469d-86cf-763242718e81,0.7432,CRITICAL,Treatment
116cb184-afaf-4a5e-8266-8ba4a84ccbb6,0.7379,CRITICAL,Treatment
5bc94002-3f8a-4a6c-a1cf-d4431bec0e88,0.7379,CRITICAL,Treatment
5e1f8362-1729-4426-9fb1-09b5f507f3ab,0.7432,CRITICAL,Treatment
0a359633-37f2-4399-bbc6-c0e5fc318b54,0.7432,CRITICAL,Treatment
af0e87a1-db9d-4043-a651-1b32361a119d,0.7379,CRITICAL,Treatment
99af3683-a26f-44fb-a2f7-c26e1b4cde49,0.7379,CRITICAL,Treatment
a4bd7288-cce4-4696-a848-27b66d2d5c33,0.7432,CRITICAL,Treatment
97353825-ca1a-42be-85f8-d9ef315eb8a7,0.7379,CRITICAL,Treatment
ce1c32c8-979b-41fa-bf84-6bd6debfee89,0.7432,CRITICAL,Treatment
32f31c89-8653-49fa-953e-681dac4d059f,0.7432,CRITICAL,Treatment
203f2661-dd24-40f3-bad5-bb8e8e53104d,0.7432,CRITICAL,Treatment
6f3e54ad-8d8d-471d-ae8a-55fef1d49b25,0.7432,CRITICAL,Treatment
3736ce6c-4bd6-4e43-a11f-d8ae2a2eadaf,0.7379,CRITICAL,Treatment
083718dc-a1ad-43c5-b5ad-b0c6f4aeb366,0.7379,CRITICAL,Treatment
b8707e78-fbfe-45e2-a2e1-bb4ec93c1658,0.7432,CRITICAL,Treatment
d1f20050-bee8-4f2a-9296-4ae8ef3d4e99,0.7432,CRITICAL,Treatment
e8f397f8-c2e0-4fa2-bec2-cc9f9462c5c6,0.7379,CRITICAL,Treatment
be39de95-2911-4e08-9dcb-5f74431cf6c0,0.7432,CRITICAL,Treatment
8c15031a-6241-4c61-866b-2cdf17837337,0.7432,CRITICAL,Treatment
a399f393-ead5-416e-9e69-7b51339a4c10,0.7432,CRITICAL,Treatment
a3161157-2885-4c19-9c6a-41662343bd3b,0.7432,CRITICAL,Treatment
fa8ccc8d-6cf0-407c-bec5-865c62b5e789,0.7379,CRITICAL,Treatment
ab4cd846-f6ae-4947-97d5-99e4b5a63795,0.7353,CRITICAL,Treatment
7137e7ef-b8f1-4f36-a8f3-b802bc3f2fdd,0.7371,CRITICAL,Treatment
5403b9a0-512e-45ae-8f31-0b97a791ea86,0.7379,CRITICAL,Treatment
10d2726b-3627-460b-ba40-f2ffd67a9256,0.7432,CRITICAL,Treatment
7bcb2fe4-914d-4741-a767-ca8a330ea2bb,0.7432,CRITICAL,Treatment
c376bf50-2e36-4a58-a4fb-1167f40b5a14,0.7432,CRITICAL,Treatment
6b16fd09-6436-4a73-8d38-84cb3de732d7,0.7379,CRITICAL,Treatment
b543f8a7-9b8d-4492-a625-29b6c169b0f0,0.7432,CRITICAL,Treatment
ca58636b-cd8a-4e5f-959f-7403e28add6f,0.7161,CRITICAL,Treatment
e77011a6-7aa4-446c-9903-42cae050ea39,0.7432,CRITICAL,Treatment
edf75da1-0b0d-4839-bc76-9178dc3556a1,0.7379,CRITICAL,Treatment
95800f68-abfc-4382-9eac-e9473ede951a,0.7432,CRITICAL,Treatment
ec9d6c91-18c8-4101-ab1c-e96177cb06fd,0.7432,CRITICAL,Treatment
0537cf89-58d9-4e32-a6a5-2d74b7afc921,0.7379,CRITICAL,Treatment
3b9fd412-dc3a-429f-9832-ffded07f353c,0.7379,CRITICAL,Treatment
48ec1fea-79c8-4bbf-8b3f-1b7daec5fac7,0.7432,CRITICAL,Treatment
f9c443d2-62e1-46ca-a3f3-1f2bc34bc8c8,0.7432,CRITICAL,Treatment
6b0b9a1a-baf6-489f-b9d1-9d368d2db46d,0.7379,CRITICAL,Treatment
282cb06a-46b1-4371-8245-66c961aecd47,0.7432,CRITICAL,Treatment
bc31c378-d86f-4eed-96b6-6fc1a2ffecc4,0.7379,CRITICAL,Treatment
4aa93fe9-2223-4140-a33d-7faddfffce47,0.7379,CRITICAL,Treatment
11202e18-b95a-47c9-b2be-2d5da0061e65,0.7432,CRITICAL,Treatment
6ee5a1b3-3445-493b-b97a-ebcee2204a68,0.7379,CRITICAL,Treatment
a35a5d8a-428f-497e-ac4f-58d480161a90,0.7379,CRITICAL,Treatment
80af58eb-0453-4bc8-8fae-faa58a4c2819,0.7371,CRITICAL,Treatment
c5c448be-9501-4609-a9a1-11d42d31006f,0.7379,CRITICAL,Treatment
e39484a2-5876-41c9-a500-c2a2f4f533b2,0.7432,CRITICAL,Treatment
5d5916dd-2b00-441e-89d8-855433446538,0.7432,CRITICAL,Treatment
b259c009-7184-417c-b822-4ad0acebe586,0.7432,CRITICAL,Treatment
d8efcf9c-63c6-42f4-bf6a-f99360248105,0.7379,CRITICAL,Treatment
13008f00-d49c-47c3-ba91-1254611dfdf7,0.7353,CRITICAL,Treatment
973e57d4-e347-49a9-a8a1-7036c4673c67,0.7379,CRITICAL,Treatment
6c3f16a4-5493-4059-9f8f-f8ed3ceedff6,0.7432,CRITICAL,Treatment
5d7e4652-29ce-448e-81aa-22af14b5fe70,0.7432,CRITICAL,Treatment
eb1c1a8a-4d2e-4718-ba5a-cc8b6a0ef9dd,0.7432,CRITICAL,Treatment
b06b61b3-846a-4604-9734-9feaf3d0a0c9,0.7432,CRITICAL,Treatment
0c764b0f-9dff-40ed-bab0-dc358927e362,0.7379,CRITICAL,Treatment
5230734f-6b11-42d1-8b08-9bbc998e4662,0.7379,CRITICAL,Treatment
1afa0dcb-569d-4c17-b317-7f7fbbf62294,0.7432,CRITICAL,Treatment
f9f62b66-720a-4762-a1c7-8742823ecd9a,0.7432,CRITICAL,Treatment
d2baf691-0d5e-4f5c-98a8-ffc61a906953,0.7379,CRITICAL,Treatment
cfb495f3-2021-4f62-a2aa-efa0d7cd7534,0.7432,CRITICAL,Treatment
6c1f377a-b354-4b9e-bd20-028f6c31d0b2,0.7379,CRITICAL,Treatment
a8ac62d1-12a1-4e3f-a93b-d8f82b1bb1d5,0.7432,CRITICAL,Treatment
74090e98-c0f8-4f4b-a3c6-1a411a26e243,0.7353,CRITICAL,Treatment
b25e9d86-539d-4b37-bf2c-447d66ce1e89,0.7379,CRITICAL,Treatment
8c26344f-ffe3-4572-9738-67c55671c37c,0.7379,CRITICAL,Treatment
8b2e3f64-dfe5-41e7-907d-689a6a37cbf6,0.7379,CRITICAL,Treatment
ab3643ce-254e-4508-9113-fab9dd9077fb,0.7432,CRITICAL,Treatment
c73518d8-4288-4ce0-8a68-655eab7956f8,0.7379,CRITICAL,Treatment
02d2d191-5685-4ce0-8f2c-b03a14f60468,0.7432,CRITICAL,Treatment
ee19156b-a57a-4837-93d7-55ed27f5414f,0.7379,CRITICAL,Treatment
ac105052-8114-45a2-862c-b4a729bf5537,0.7379,CRITICAL,Treatment
75095d1c-3695-4857-bec2-06916bbdf979,0.7432,CRITICAL,Treatment
4501e755-819e-470b-b77a-b3bb9c924d78,0.7379,CRITICAL,Treatment
2a484e95-3145-4e94-93e9-d78c39d5c4e6,0.7379,CRITICAL,Treatment
db57622b-49f5-4ff8-b23c-82d9b0f2e723,0.7432,CRITICAL,Treatment
10e01541-d90e-491d-baa2-0ab4b50c7444,0.7432,CRITICAL,Treatment
2f48c142-553f-43a6-9ca7-8d1b214622fa,0.7432,CRITICAL,Treatment
31bbd910-f1e2-45fa-ae4f-33cd29889758,0.7432,CRITICAL,Treatment
e6a8d400-2398-4252-8e9f-1d782e0b3ce2,0.7432,CRITICAL,Treatment
9268c47b-a598-47f6-883e-33faf0c52d93,0.7379,CRITICAL,Treatment
84b8e03d-b52d-4267-a8ef-719741fbff11,0.7432,CRITICAL,Treatment
8d13d994-beee-4dc8-a502-b3c24dc48e51,0.7379,CRITICAL,Treatment
1dcdb196-9d90-40f9-8e72-373f33880287,0.7432,CRITICAL,Treatment
dbc04da9-2434-4d31-a24f-a1cef76b42cb,0.7432,CRITICAL,Treatment
8a30a97a-3a99-4f27-aeff-09307e2099ec,0.7432,CRITICAL,Treatment
27628538-6900-4882-87af-517fce2f77dd,0.7371,CRITICAL,Treatment
7d6cc390-5502-4833-92c1-e32efe04058d,0.7379,CRITICAL,Treatment
3954ea46-c148-46ae-ba1e-e4bdb82dd335,0.7432,CRITICAL,Treatment
ba5c37c6-d9a4-4532-bf7e-a943d0f73d7c,0.7432,CRITICAL,Treatment
96283585-1cda-47e3-8b9d-2e3c78f8d66f,0.7379,CRITICAL,Treatment
b8747975-6bec-4cdb-9d87-0393e09bab42,0.7379,CRITICAL,Treatment
776727be-be31-44a2-9ec8-110c3ee394c0,0.7379,CRITICAL,Treatment
80ad3eb7-4305-4b60-abdc-f3d161ab901b,0.7432,CRITICAL,Treatment
fb0fdf0c-c02e-4361-a832-55cdaa11eb9b,0.7379,CRITICAL,Treatment
81a2cab7-bf6d-4bd0-9185-5516adb58abb,0.7432,CRITICAL,Treatment
c08e1fef-4e5a-4008-b879-f24ab351054f,0.7379,CRITICAL,Treatment
5d7d1a13-6cbd-4f44-8592-8edbb446e470,0.7432,CRITICAL,Treatment
b1960ef1-5657-432b-a614-92256fdd0fe1,0.7432,CRITICAL,Treatment
466c2ecc-ddb5-486d-8aa8-6fa69b53a9bc,0.7379,CRITICAL,Treatment
20bb20e8-446f-4264-b23f-d32d0dcdf54d,0.7379,CRITICAL,Treatment
0b538cb1-220a-4c9e-997b-53663a1d5bd8,0.7379,CRITICAL,Treatment
fea84c0d-b23c-4bcd-9c17-a7ed073bded2,0.7379,CRITICAL,Treatment
db6d8ac0-b768-4785-b806-ecf665a739b1,0.7432,CRITICAL,Treatment
637f99df-3b1b-4aa5-8799-aa7718d15043,0.7432,CRITICAL,Treatment
20842ce8-e7aa-4468-960b-f883022820b6,0.7432,CRITICAL,Treatment
84218466-27a0-421f-bafd-983cc24ae8c9,0.7432,CRITICAL,Treatment
d4ad222a-c868-4019-8711-a58c44cb2e6f,0.7432,CRITICAL,Treatment
99e0422c-a74b-45c1-9f59-da31fa4bcfcd,0.7414,CRITICAL,Treatment
024b0349-b953-4404-b1f6-b40690b6f19c,0.7432,CRITICAL,Treatment
6249bb84-0807-4029-850c-2769a994d561,0.7379,CRITICAL,Treatment
8287a375-7408-4c9b-844e-6c7d58782e1a,0.7379,CRITICAL,Treatment
b848dbfb-e610-4643-b524-5122b802936a,0.7432,CRITICAL,Treatment
6cb1609b-f61c-4e15-8300-e0d24d8fefee,0.7379,CRITICAL,Treatment
a9f31ed7-bd14-486d-8e6f-c62a9045efdd,0.7432,CRITICAL,Treatment
0bf316ce-6661-4907-9d86-adcaad054bd8,0.7432,CRITICAL,Treatment
92372db9-4734-4e0b-8cc6-9a784eb12328,0.7379,CRITICAL,Treatment
c63a9c0f-801a-4bbf-9eca-57866430b1e7,0.7379,CRITICAL,Treatment
9e1b312a-db66-4ae8-8b51-f361120e42df,0.7432,CRITICAL,Treatment
2acc8bff-bb9a-45a5-b138-5fca5f8ce09e,0.7432,CRITICAL,Treatment
f056c40e-dc68-442b-9ba6-582d1ae7d1ae,0.7379,CRITICAL,Treatment
61aa309c-4b2f-4b6d-8822-e571896ad83f,0.7379,CRITICAL,Treatment
1505a6c6-a18b-492a-9c15-89208a34e3d2,0.7432,CRITICAL,Treatment
fc325a85-e4fe-45d5-a5f4-140c38d9e4ac,0.7432,CRITICAL,Treatment
872778bc-a929-4f7e-ae97-804fefb8c68d,0.7379,CRITICAL,Treatment
6afa9db0-1570-4bce-981d-0dd4ecd03386,0.7379,CRITICAL,Treatment
614c7372-41c0-4ec5-ad3d-de533c46c4bc,0.7379,CRITICAL,Treatment
dd5810b6-a442-4560-a7bc-3c23d2bc74e7,0.7432,CRITICAL,Treatment
cda35d76-ba04-4d73-8499-cc1477cc0644,0.7432,CRITICAL,Treatment
d8bc4b47-4d34-4f4e-aaaa-2c63c6a00126,0.7379,CRITICAL,Treatment
ba97aa8b-fd0c-4b40-92e1-56087cae6034,0.7405,CRITICAL,Treatment
7bcc6f12-943e-4e98-acb4-dcc701f067ba,0.7379,CRITICAL,Treatment
8a7ed4c3-dd3d-4e53-84bc-2d82efa1bd54,0.7124,CRITICAL,Treatment
dbe15de2-e32c-4070-aeb5-138ed04d7a77,0.7379,CRITICAL,Treatment
ac152994-1bef-4f9d-9c49-35c539d041ba,0.7295,CRITICAL,Treatment
9d74f8d3-c767-4b67-b67f-48a87af5ca7f,0.7371,CRITICAL,Treatment
b2f97bf9-c338-4a95-8628-91e1c6a694d9,0.7379,CRITICAL,Treatment
83be269f-afa3-4789-9bae-8ea11966502e,0.7379,CRITICAL,Treatment
58ccc0a5-d5be-4394-b09a-9b11728d7de4,0.7379,CRITICAL,Treatment
535cf2e1-6f4f-4fbd-99a8-5b22ea182fd6,0.7379,CRITICAL,Treatment
70847583-75e6-48b9-b1bc-6a1beae2ad9d,0.7432,CRITICAL,Treatment
1eeab5c7-6d7c-4b0c-81b1-5ad8abc50739,0.7432,CRITICAL,Treatment
703eb977-1ebd-42fb-9725-b98384d6d2bc,0.7379,CRITICAL,Treatment
51fc0bae-a568-4d17-9976-9ce4af88e942,0.7432,CRITICAL,Treatment
f3083f74-1f86-488b-b633-43c53cd01623,0.7432,CRITICAL,Treatment
d28c19d7-75b9-4b8b-929d-aeb1f05b7e0d,0.7432,CRITICAL,Treatment
e5d7d0c2-6ad4-490e-9920-80241e0e8a21,0.7432,CRITICAL,Treatment
6e58d71a-51ba-4e09-843e-ae3c90f4b019,0.7432,CRITICAL,Treatment
8acdb239-9f4c-4fed-9973-db9cda525e46,0.7161,CRITICAL,Treatment
8f639262-05aa-42d4-8a0b-15e96613c98b,0.7379,CRITICAL,Treatment
1fdfe670-9666-40de-aeaa-a123319a67f3,0.7379,CRITICAL,Treatment
b958e714-007c-41b7-8e65-a1ed487797ae,0.7371,CRITICAL,Treatment
dc53d7c8-ce42-4488-bf57-d6f5c44fc98e,0.7432,CRITICAL,Treatment
74a7d3eb-88bf-49d8-bdbe-60f6d3031762,0.7432,CRITICAL,Treatment
aa8955fc-27ba-4e41-9da6-f1642a60f664,0.7379,CRITICAL,Treatment
741c5b26-8c3d-4362-aab9-0e8e66ce6d3f,0.7432,CRITICAL,Treatment
3bc0048b-93c1-4bea-b8f7-e4fd8ca1d31d,0.7432,CRITICAL,Treatment
bfba9267-a1ae-4c55-a079-33c5ab7f884c,0.7379,CRITICAL,Treatment
5a88cec5-a4a5-4319-be28-48a009b0d457,0.7396,CRITICAL,Treatment
60e773ef-cda8-4dbc-bfbc-90a43cda9c8e,0.7379,CRITICAL,Treatment
9820358c-81a1-4c64-bc9e-d592492565b3,0.7432,CRITICAL,Treatment
6c60b229-d1f2-4754-8993-1fc7f8fe25b9,0.7432,CRITICAL,Treatment
169d8fff-8358-4da2-aed4-94183179ceca,0.7379,CRITICAL,Treatment
26dc9332-c071-49aa-8f43-08f11feeef3f,0.7379,CRITICAL,Treatment
feeeddfa-cf7e-41df-af45-7e1b58948f9a,0.7432,CRITICAL,Treatment
7fcd963a-5fa3-46ef-972d-6a4ff194b996,0.7379,CRITICAL,Treatment
b347217f-d7d5-4762-a1cd-6b49dd5b9bc0,0.7379,CRITICAL,Treatment
2f27b7b0-d775-41df-8a1e-09ac6cc7a3a9,0.7379,CRITICAL,Treatment
b8355c52-d935-40c9-bea0-3edd7f0c5d83,0.7432,CRITICAL,Treatment
d1a5e242-d7ee-48a3-a1dd-41f45471ee41,0.7379,CRITICAL,Treatment
48057883-9e87-4c1e-9ca4-00942d101947,0.7379,CRITICAL,Treatment
bbbe23d2-6b6c-42f9-93b1-e9f2402663b8,0.7432,CRITICAL,Treatment
0cd66cfa-5d51-430b-9953-0932247d559c,0.7161,CRITICAL,Treatment
c207a0a3-b233-4d2f-8753-5272d99f7687,0.7432,CRITICAL,Treatment
d3ff3ffc-3798-4482-a751-862f57e36bb3,0.7432,CRITICAL,Treatment
73a6ae80-ce20-4877-813b-1c3ec3059ab0,0.7432,CRITICAL,Treatment
e3614979-318f-41a0-be44-e8ec00f464ac,0.7432,CRITICAL,Treatment
54857685-2919-469e-a50c-1e0d1ffebc0b,0.7432,CRITICAL,Treatment
ff67dd2d-d401-4e41-ae23-21775a54469f,0.7344,CRITICAL,Treatment
cef80088-ef30-49f4-ba9f-64252a2b9eb7,0.7379,CRITICAL,Treatment
9b369224-6305-4a59-a6df-26040f9d5726,0.7432,CRITICAL,Treatment
028c56a4-0aca-4dfc-a4c1-188c31150bab,0.7379,CRITICAL,Treatment
67018951-44ce-4917-85bf-537697e661d0,0.7432,CRITICAL,Treatment
fb0e7403-0eba-4a47-9d84-271cd3eed3ec,0.7379,CRITICAL,Treatment
db4334bb-afb3-492f-ab7b-5afc36fac0f6,0.7379,CRITICAL,Treatment
ed44fc38-7912-46aa-9014-97e10cf729af,0.7432,CRITICAL,Treatment
0d5c44ee-8404-4567-abf8-e6b03771ac68,0.7379,CRITICAL,Treatment
f9ac5658-da81-41a8-a823-162a0e63a7be,0.7432,CRITICAL,Treatment
4910af56-becc-47ca-b875-4dea13d682cd,0.7432,CRITICAL,Treatment
d1c3b6b3-474c-4486-b570-dfd26db50095,0.7432,CRITICAL,Treatment
d30df03f-45b8-4148-8926-1458f558aad2,0.7379,CRITICAL,Treatment
a80aa4f9-af4f-46b2-ac65-72cd695c2683,0.7432,CRITICAL,Treatment
950662ae-4da7-4691-b498-382dae924a65,0.7362,CRITICAL,Treatment
54745747-09c1-4b31-ab1e-97d6d4feb8da,0.7432,CRITICAL,Treatment
ba24914c-4fbe-435e-b9a6-f230964e1b08,0.7432,CRITICAL,Treatment
5eadf249-9924-430f-b7c1-bea73508522c,0.7379,CRITICAL,Treatment
3f1365be-2123-46c7-bdb5-7b9dc56d72cd,0.7432,CRITICAL,Treatment
16e5bbc1-a748-4a63-8f42-09ad7698d8b9,0.7371,CRITICAL,Treatment
116ca30b-24ce-44d6-9263-7e7c771fa7ce,0.7298,CRITICAL,Treatment
7114d176-296c-4581-805c-183d907594a5,0.7432,CRITICAL,Treatment
f00cd3a4-dfc1-4730-ba76-51f7ae4991e9,0.7379,CRITICAL,Treatment
dd450d45-c1f9-4fca-a17a-376d30454cec,0.7432,CRITICAL,Treatment
537fee41-e367-4533-a105-036edf819ff7,0.7432,CRITICAL,Treatment
46a42d0e-131f-4978-8dd9-69b2b2eeb3ef,0.7432,CRITICAL,Treatment
04307cff-1693-4a85-ad72-4f5cd208d599,0.7379,CRITICAL,Treatment
01c69b49-cafe-4e4d-be2e-60a71bedcde6,0.7379,CRITICAL,Treatment
d5b2549d-4112-4a75-9bff-9439736b2565,0.7432,CRITICAL,Treatment
25d39037-b04b-4369-ad15-9de5da9399e8,0.7432,CRITICAL,Treatment
55224669-49a4-4aba-b692-3af10e0b9acf,0.7432,CRITICAL,Treatment
f82e5300-02b7-4bba-ba93-a2263c84d2bf,0.7432,CRITICAL,Treatment
dd1350e5-69f0-45e4-b6b4-772ae4e0013d,0.7432,CRITICAL,Treatment
9c4b9f4b-6037-40bf-8ce6-4aa0d3177bd7,0.7432,CRITICAL,Treatment
816ddacd-73cc-4a44-9485-814878bf95fb,0.7432,CRITICAL,Treatment
03ce452b-e5a5-420f-92a0-fe398450d3eb,0.7379,CRITICAL,Treatment
da32c59e-1d85-4873-8596-6faa7ce0ae0f,0.7379,CRITICAL,Treatment
677b0854-f66d-4849-bc3a-caf339238518,0.7379,CRITICAL,Treatment
25dff020-2482-4d17-bc36-c5efd7a8b5f1,0.7432,CRITICAL,Treatment
4800148b-9e05-4b24-97f0-c796949db2ca,0.7161,CRITICAL,Treatment
450ab034-ab69-4b76-98ac-5583c0fc4c00,0.7379,CRITICAL,Treatment
e6a14164-1c5d-4395-b007-ff1ab97b26ff,0.7432,CRITICAL,Treatment
21eb800d-1558-4615-9858-731783864554,0.7243,CRITICAL,Treatment
bdd24e78-d828-4b4a-902e-36ad29e30a67,0.7432,CRITICAL,Treatment
82d5c57b-fed3-4e79-af4c-d8c36512d2a6,0.7432,CRITICAL,Treatment
8da5b1f7-0841-402f-965b-a0f1e873e489,0.7432,CRITICAL,Treatment
93ce2c90-0c2e-47f9-ba1f-35677e4fbc49,0.7432,CRITICAL,Treatment
4a5cbeb2-9a31-423a-929b-e95633f314f9,0.7432,CRITICAL,Treatment
e2c28693-2148-4f9c-bd72-65e95bd5f324,0.7379,CRITICAL,Treatment
abd6f646-33fa-4b80-bdfb-396b6ea203c5,0.7432,CRITICAL,Treatment
6635cc3d-2275-451c-8d34-f0e200be7115,0.7432,CRITICAL,Treatment
a996b298-65d4-48fb-aaf7-46a5301c784d,0.7379,CRITICAL,Treatment
2cc1f0b5-1dff-426e-badb-d777030ed0cf,0.7432,CRITICAL,Treatment
f3352b50-bd17-4611-a12b-3dc6b5a9f46c,0.7379,CRITICAL,Treatment
d59fffca-06c0-4cc2-8d54-b62eb6486c13,0.7432,CRITICAL,Treatment
a480e576-4ed5-4549-b6f4-2b8adead9709,0.7379,CRITICAL,Treatment
70c01766-f04f-42ab-bb98-f0951546ae9d,0.7036,CRITICAL,Treatment
64490956-a642-4960-80fb-04d4b6eff619,0.7379,CRITICAL,Treatment
caed19db-4311-4ee6-a60b-cdc19970eaad,0.7432,CRITICAL,Treatment
f84756c5-c3f2-4b07-9311-ca3117d20ad5,0.7432,CRITICAL,Treatment
3d3adb32-b1b7-451d-9923-a862b4ab37ff,0.7432,CRITICAL,Treatment
be368104-dfc7-4523-b0d6-094e554f9808,0.7379,CRITICAL,Treatment
957fda33-b867-4381-bec7-cfe59673313f,0.7379,CRITICAL,Treatment
17c000f3-b9a0-442c-a978-d21a4e9074cd,0.7432,CRITICAL,Treatment
4cc783c8-f758-45a7-807a-b991bc891ed8,0.7379,CRITICAL,Treatment
d3531596-5d76-439d-9422-8c71629728f6,0.7379,CRITICAL,Treatment
7cdfd8ab-8450-485f-993c-13a7b7719c93,0.7432,CRITICAL,Treatment
484f5c52-d249-42cf-abc2-d2930c4cfb4f,0.7432,CRITICAL,Treatment
27117518-41a3-417c-a79c-a9d2a950e44d,0.7379,CRITICAL,Treatment
7117c895-21b2-4795-9eac-72d96fae1180,0.7432,CRITICAL,Treatment
dc72741a-cc26-455d-93cf-ee625c258cf7,0.7379,CRITICAL,Treatment
eabcfcad-2df8-4429-9e88-8356230aa94a,0.7379,CRITICAL,Treatment
db46a128-3a87-488f-b215-3d67cb89a701,0.7432,CRITICAL,Treatment
5ef71cae-bdbd-4c11-a5e7-bf7ccd5859c5,0.7432,CRITICAL,Treatment
19a74703-6ba0-448e-86f0-40c57b14bf44,0.7379,CRITICAL,Treatment
555f2b41-f1eb-4e81-b208-7035a0f5abe4,0.7432,CRITICAL,Treatment
e1920349-5997-4f9d-bd45-e6994e12acce,0.7379,CRITICAL,Treatment
3838f7dc-b13e-4235-ac25-1f5c0bfc3f8f,0.7432,CRITICAL,Treatment
6ee41a87-7dd2-48d4-a0ed-cfe1c2e0ac93,0.7379,CRITICAL,Treatment
36da9cb2-8fed-404e-b6c9-eb2a49edb859,0.7379,CRITICAL,Treatment
9aa1101a-bc40-4eb4-b440-c2298e7ae26b,0.7432,CRITICAL,Treatment
e04c5c0f-9800-48fa-b57d-c2ebcfda2527,0.7344,CRITICAL,Treatment
cb17a419-2eed-40b9-a140-53fc1fbe158b,0.7432,CRITICAL,Treatment
4a8e5718-e057-431a-bbf9-fd25fa4c5a42,0.7379,CRITICAL,Treatment
eb99ee98-c8b4-4c97-a82f-4d5cd1a1d093,0.7432,CRITICAL,Treatment
affd2ab9-3431-43bc-be45-6196ae19465d,0.7432,CRITICAL,Treatment
9d56be4f-2700-4551-8213-189959c83f3d,0.7379,CRITICAL,Treatment
9c93eb19-891e-4d2a-ae1c-0eab7580b47c,0.7379,CRITICAL,Treatment
a12b8203-159c-418b-b28b-cb84ec367bd3,0.7379,CRITICAL,Treatment
88c67731-a6a8-4986-bce6-9e6fe05ba53e,0.7432,CRITICAL,Treatment
04bd45c5-500f-4944-a4e5-420bc0f561f8,0.7432,CRITICAL,Treatment
163a209c-9ccd-4964-a778-943c442f4e93,0.7379,CRITICAL,Treatment
f75cf27d-5027-4a76-b05d-344d2095d5fe,0.7379,CRITICAL,Treatment
e47f9bc1-1d4f-450f-85aa-bd174c33a773,0.7379,CRITICAL,Treatment
43b26a73-e61c-4ad8-b4b1-a4889b011f00,0.7379,CRITICAL,Treatment
c711b895-2c4a-4c00-a969-e87207f7d52a,0.7379,CRITICAL,Treatment
913dcdd5-832a-4ca1-bac1-d35629f9399c,0.7432,CRITICAL,Treatment
6a70510f-3750-483b-bc1a-6efc34100379,0.7432,CRITICAL,Treatment
719a3314-5c3a-421c-8f21-85be06ba2de0,0.7379,CRITICAL,Treatment
75bce346-c949-46e4-a059-ad1c56d27262,0.7371,CRITICAL,Treatment
e6525c52-4dd5-4b5f-a82c-4cc9391a615c,0.7152,CRITICAL,Treatment
38c26b8d-436f-49b7-b4fa-741d180bb481,0.7379,CRITICAL,Treatment
ca05435f-3abc-4309-9bf4-c83a827df279,0.7379,CRITICAL,Treatment
31f1d51f-663b-42a1-80a6-30364d9210df,0.7161,CRITICAL,Treatment
7204c070-a36e-4a12-994e-c123b611fe06,0.7379,CRITICAL,Treatment
8b6cf4e3-7ded-49fc-9202-8c1da2930f01,0.7371,CRITICAL,Treatment
2d77a13d-aa0d-4ad6-acdf-35260a79ae14,0.7432,CRITICAL,Treatment
ace9448a-a681-4d38-bc85-4cdfd73b34ee,0.7379,CRITICAL,Treatment
cb337b6a-7e68-4221-a7ae-cf0126ad8b5e,0.7379,CRITICAL,Treatment
501ed40c-b0ea-4580-8cae-67b6f0adab1e,0.7379,CRITICAL,Treatment
3f67aa72-24ad-44ef-98a1-c9d2bfc84724,0.7432,CRITICAL,Treatment
fa8a910c-4bae-4d28-94d7-ff42030ba780,0.7432,CRITICAL,Treatment
46b1fcef-5e87-4c62-a86e-4ea134c1a042,0.7379,CRITICAL,Treatment
fd0cd060-9df7-4a6f-abd3-72f8e0992855,0.7379,CRITICAL,Treatment
7c68b687-8872-454a-b4b2-bdc39a29b346,0.7432,CRITICAL,Treatment
b99a4b93-4f6e-4e85-a53e-4aecfcaabedc,0.7379,CRITICAL,Treatment
27e0c31b-1ebf-4d58-810d-c7dd2e855a32,0.7371,CRITICAL,Treatment
2d69e57a-c79a-451f-ad69-e39dcb903c47,0.7432,CRITICAL,Treatment
9f6a0712-f604-4683-887d-e5a85727d5f2,0.7432,CRITICAL,Treatment
ba049b0c-3825-4f0b-af97-7a6b0ed7a7d2,0.7379,CRITICAL,Treatment
06f6c3cd-d143-4875-89f1-163308b68a8e,0.7379,CRITICAL,Treatment
1018f7a6-c0d5-42e1-84dc-f874f3b4a467,0.7432,CRITICAL,Treatment
dc458f6a-e2bf-410f-8bf9-0e2ee36da208,0.7379,CRITICAL,Treatment
9fe18b43-f57c-46c5-baae-7691e82ac350,0.7379,CRITICAL,Treatment
bcf7d276-f68b-480e-97bc-dc24c3a2148c,0.7432,CRITICAL,Treatment
cfaff01c-e1b7-4c82-8706-a46abfbb1665,0.7379,CRITICAL,Treatment
ee4f9350-f704-4a0f-af36-bfe1b5d96d6d,0.7432,CRITICAL,Treatment
8f9de8eb-0b24-4c62-a7a4-da748a46d9ed,0.7379,CRITICAL,Treatment
2c814412-7411-4119-a4d3-28173de26eea,0.7379,CRITICAL,Treatment
718fda0d-956b-4f8d-bea5-b97e826bdebd,0.7379,CRITICAL,Treatment
7386123e-3f34-490c-b7ca-8080aae8df33,0.7379,CRITICAL,Treatment
8a7802ce-745a-4442-ab9e-e772382f86df,0.7379,CRITICAL,Treatment
6ce59d10-3a5e-4896-8183-bee96db208cd,0.7432,CRITICAL,Treatment
00d84f07-79d9-4ea0-9254-78c32422e5a7,0.7379,CRITICAL,Treatment
8c3657f8-3422-4495-99e9-6a7dc7ad6214,0.7379,CRITICAL,Treatment
53f64353-0013-4984-b4dd-a6b072d2d3ab,0.7432,CRITICAL,Treatment
6b4bbc4d-1ee0-4b71-8037-ad75a713c1a1,0.7379,CRITICAL,Treatment
9a135539-cc4c-4fd5-b74e-f51ec173f048,0.7379,CRITICAL,Treatment
c829621f-f30d-4a82-808e-ae6b0b13ad0a,0.7432,CRITICAL,Treatment
0a8ac0b6-b7ca-4683-953f-fe7495706503,0.7379,CRITICAL,Treatment
ee27248e-574c-499c-9fdd-bec523a97e50,0.7379,CRITICAL,Treatment
0cf380de-7597-4f66-ad99-8213c76d41ce,0.7379,CRITICAL,Treatment
a78fb956-449d-46cf-9d50-7e81ea651fcd,0.7432,CRITICAL,Treatment
473cf6df-75e3-4763-beb2-94fd6b059f53,0.7298,CRITICAL,Treatment
381efa8a-3409-44b2-8560-e5f202340021,0.7432,CRITICAL,Treatment
3b1914e2-90e7-4670-90dd-f127a0f61545,0.7379,CRITICAL,Treatment
6e63d20c-d85f-4198-963b-af3bf18cf9e0,0.7379,CRITICAL,Treatment
75b68ab5-4d8a-405f-94e3-f185b3b4a394,0.7379,CRITICAL,Treatment
d8128d80-9881-43f8-8344-7b5d8c3bc4fd,0.7432,CRITICAL,Treatment
9a6a276a-53e6-4e7b-bd2b-f1ca20776cb6,0.7379,CRITICAL,Treatment
c72e07ae-8569-49ad-8565-e6f7db7bf6ac,0.7379,CRITICAL,Treatment
9b9a773f-c304-475d-b8ca-a192e41821ec,0.7432,CRITICAL,Treatment
12c9528c-d7d6-4047-89eb-7bcbe7b3efa6,0.7432,CRITICAL,Treatment
4fb72677-2128-4331-ba3d-389415e0ad91,0.7432,CRITICAL,Treatment
0440d2fc-ccaf-45d4-ab9f-fed316601d88,0.7432,CRITICAL,Treatment
22ad1884-5c01-479d-ade7-e7723402d73c,0.7379,CRITICAL,Treatment
c6bd2ed7-de32-4ad3-80e3-24b4b385066b,0.7379,CRITICAL,Treatment
23a85cbb-346c-46d6-b457-ad3b0409fce5,0.7432,CRITICAL,Treatment
cb7655d3-8d38-4460-9f2f-22b88156fb40,0.7432,CRITICAL,Treatment
56c5a922-0017-44b8-8088-f3dc2dc054f7,0.7379,CRITICAL,Treatment
d21b12a0-b82b-4ba7-8f8f-dace5392dee1,0.7432,CRITICAL,Treatment
d620be9d-b81c-4870-8b75-fcaabb72091c,0.7432,CRITICAL,Treatment
67bbc949-3aad-4c61-8f91-ed0e34e7864c,0.7432,CRITICAL,Treatment
e63df102-a437-4d5f-9b10-2e74c5a503b8,0.7379,CRITICAL,Treatment
6a5d8bb1-6037-4f5c-8f38-a0a3dfba72d8,0.7432,CRITICAL,Treatment
b0afe676-64d0-45fa-ae66-f407470b28ba,0.7379,CRITICAL,Treatment
77cef61e-40c5-4bf9-b424-568060b9a0d6,0.7432,CRITICAL,Treatment
cb0dd742-fd5b-4784-80e7-809df1847440,0.7379,CRITICAL,Treatment
632e40c5-3660-4bbc-88d0-70d5586905d6,0.7379,CRITICAL,Treatment
0f8e6230-2cac-4a4e-80b3-3602479647ec,0.7432,CRITICAL,Treatment
5dd54151-3c44-4ef5-912c-b0ed3f469349,0.7432,CRITICAL,Treatment
37fd4bd7-6bea-4eef-b4bb-ede732b91411,0.7432,CRITICAL,Treatment
1ca28a35-2c46-40c5-a6fb-c315715d6b38,0.7379,CRITICAL,Treatment
7d518a75-9a00-4c5c-8fd9-98cd0978c0e2,0.7432,CRITICAL,Treatment
a680d4d3-ab66-4d06-a576-cf889dd6a2c1,0.7432,CRITICAL,Treatment
20891d93-f2e4-4a81-b298-5bf39f643255,0.7379,CRITICAL,Treatment
9ddffec5-d2db-4005-a375-a847c83164a7,0.7432,CRITICAL,Treatment
60d6b1cc-246b-418d-beca-e9fa0e569730,0.7379,CRITICAL,Treatment
ef097865-b4e5-43fe-a15e-7e6631e22e8f,0.7379,CRITICAL,Treatment
8f37ba08-970a-484d-a49c-8d0d276b63ff,0.7432,CRITICAL,Treatment
7437593c-9e48-41cd-8f78-7929431ed228,0.7379,CRITICAL,Treatment
52515cc1-e8b4-463e-9e4b-a2c6d96257bc,0.7379,CRITICAL,Treatment
e98ff44b-acb2-4d80-aa33-e018c68c7d92,0.7432,CRITICAL,Treatment
636e93da-d381-4260-9c5b-8f06f9c75827,0.7432,CRITICAL,Treatment
2429d17b-06ea-485c-b121-e39c03d0f54d,0.7379,CRITICAL,Treatment
d5d5ea64-8580-416b-9883-4ff7913d322c,0.7432,CRITICAL,Treatment
a46f21f5-5d00-4e63-8fa5-5621e9094ce7,0.7379,CRITICAL,Treatment
89eb92a1-c829-4c0c-a7ae-2f9b0946a73f,0.7352,CRITICAL,Treatment
49a4fef9-ae89-4ff7-84b6-f2d4e602d524,0.7432,CRITICAL,Treatment
53e73b2a-97e9-4a1d-994c-a48ef4332fbb,0.7379,CRITICAL,Treatment
5f8c1b1b-8bb4-4d70-b407-1144215d2bdb,0.7432,CRITICAL,Treatment
98a46981-9590-47af-86b0-03ca65a24f90,0.7432,CRITICAL,Treatment
24659f7c-8a91-445d-ae3b-cf31269b8809,0.7432,CRITICAL,Treatment
c969a570-6e34-4892-96ac-35b6ba873baa,0.7432,CRITICAL,Treatment
fde464ec-b0df-4eae-b284-aa11b2260059,0.7379,CRITICAL,Treatment
ea73c5bf-68c5-405e-b5a5-d2ab97591b10,0.7379,CRITICAL,Treatment
8704a6f4-2fb2-4120-8487-5592e31ac755,0.7379,CRITICAL,Treatment
5abb8ac8-75af-49a4-8a8c-7488f34dc4ea,0.7379,CRITICAL,Treatment
7559c12e-aaa0-4c3f-8a52-3ae1de7e36cd,0.7432,CRITICAL,Treatment
cab691f6-90a0-41b2-959d-1924fa607199,0.7379,CRITICAL,Treatment
c2878ec9-11be-41b3-bcd8-22356fb36416,0.7379,CRITICAL,Treatment
ce0ce49b-35f6-4d06-a2d1-f9877fba7b9d,0.7432,CRITICAL,Treatment
3b69def1-04f1-4b18-82d9-d3f74dd46c47,0.7379,CRITICAL,Treatment
3bdd8ff3-df3c-4c9c-a347-6e95e487549c,0.7379,CRITICAL,Treatment
f0e17ba4-bcc7-49bb-9a9f-b2b1161c520f,0.7432,CRITICAL,Treatment
d72c18ad-dd12-49a0-9f53-d32c1b4c58a5,0.7432,CRITICAL,Treatment
a6ebb3f7-c0b2-4cb1-8484-dc12b336550d,0.7432,CRITICAL,Treatment
ebaf98bd-f9a5-427d-bb59-a1d43d2535af,0.7379,CRITICAL,Treatment
105482d4-9bda-45f0-b785-e32735d68bba,0.7432,CRITICAL,Treatment
94839fdf-b25a-4b97-8c72-35979c30eed9,0.7432,CRITICAL,Treatment
8870cd84-b718-432d-b313-285654d76e46,0.7379,CRITICAL,Treatment
e3e405c4-2e8d-4fbf-ae6a-7d9d914ca1af,0.7379,CRITICAL,Treatment
6a577a2d-7187-48c0-9d03-3a35b1774372,0.7379,CRITICAL,Treatment
b55f1923-6a98-4692-a540-73c531a57c4a,0.7432,CRITICAL,Treatment
87baebe0-4e8b-40fd-b0f6-f594cac115bb,0.7379,CRITICAL,Treatment
8cb67661-6b15-4efb-8048-e98de299c2c5,0.7379,CRITICAL,Treatment
b8eb7cf5-29e6-430b-9adf-86670ef7a4c7,0.7379,CRITICAL,Treatment
f7de9b13-fb6a-4432-8046-95e8535b1296,0.7432,CRITICAL,Treatment
ab130389-b602-425b-ac71-a066433d1b93,0.7432,CRITICAL,Treatment
b6e2205a-adb4-47c9-8258-9c9cac06a04d,0.7379,CRITICAL,Treatment
27fd0d6c-d7b2-44a8-8bf0-01cfe16645ea,0.7432,CRITICAL,Treatment
24583141-4679-479c-bd2d-928256a9e486,0.7432,CRITICAL,Treatment
23e05af3-b000-4ac3-bb44-ff573c5d3fd7,0.7379,CRITICAL,Treatment
d31bb388-7041-4766-a692-585a4e72757b,0.7379,CRITICAL,Treatment
a1c72146-c2d4-4c23-a49d-5f5b8a248dc4,0.7379,CRITICAL,Treatment
f0c60187-caff-4bbd-b9b7-927d47c46bdb,0.7432,CRITICAL,Treatment
482f576a-1c5c-4a44-b1c7-ed5620a8c3b3,0.7161,CRITICAL,Treatment
0aa75b1e-8bf5-41e0-9799-4baa7705be51,0.7432,CRITICAL,Treatment
6caca785-91ce-4ddc-8edb-f49618bfaf30,0.7379,CRITICAL,Treatment
00f80c84-1525-4d78-a88e-de37e090a30a,0.7379,CRITICAL,Treatment
1e7e8b0e-7d61-4579-b1a4-0fefc01a8051,0.7432,CRITICAL,Treatment
d3fbb3f4-6877-46d5-856e-dca8341cfb4e,0.7432,CRITICAL,Treatment
bf2420b4-705d-4be7-9c3f-c8346400e669,0.7379,CRITICAL,Treatment
70149f4a-4a74-48b1-9009-a92436f807c0,0.7379,CRITICAL,Treatment
92c6f380-743e-486b-be22-20a717a88079,0.7344,CRITICAL,Treatment
17bb428c-1287-442a-8236-b659d766759b,0.7379,CRITICAL,Treatment
31e456e3-00c1-4c19-9085-b87bd6986fdf,0.7379,CRITICAL,Treatment
8d7826e3-f435-40c5-8c0f-de3d77ca1b3e,0.7432,CRITICAL,Treatment
15bfaf4f-5e76-4588-ac7f-bd547de209e8,0.7379,CRITICAL,Treatment
0a5909b3-eb03-4d48-95e8-455ae5e103eb,0.7379,CRITICAL,Treatment
c75f1300-9acc-4d8a-a1f3-6406f649a04d,0.7379,CRITICAL,Treatment
5b437ff9-44e4-4c85-bf42-ff9db2d1984f,0.7379,CRITICAL,Treatment
ce9e99b5-e7f7-49fa-811c-d28dd685f28f,0.7379,CRITICAL,Treatment
fe92fd31-041a-4899-adbd-292907e7ef82,0.7379,CRITICAL,Treatment
b6f8e496-f8a9-452a-989d-18d96aad0365,0.7161,CRITICAL,Treatment
0eb255b7-76e9-4645-8b20-5a8dd40ac64d,0.7379,CRITICAL,Treatment
ed2d8611-a05e-41b3-aedb-b3d83bcc6cc6,0.7432,CRITICAL,Treatment
6d40b80f-5fed-49f1-a5bc-ec234097d4db,0.7432,CRITICAL,Treatment
0c7a67f0-d9d8-4730-ae97-3d15e278f425,0.7379,CRITICAL,Treatment
4aa0957f-969c-462e-93a7-b7e36e6ec1cf,0.7379,CRITICAL,Treatment
6320617d-817b-4d13-9478-7b03c2f1b855,0.7432,CRITICAL,Treatment
c9c69bd1-482f-4914-9a37-d44d613dc81f,0.7379,CRITICAL,Treatment
39e366e1-5470-44b4-9aaa-456606a26b0b,0.7379,CRITICAL,Treatment
e28bd324-55a8-4e03-8d5f-0114e6e3909c,0.7432,CRITICAL,Treatment
b445c790-5c19-4131-a068-29a70aeebb66,0.7432,CRITICAL,Treatment
72120deb-825b-4ff8-81b2-47d448523e09,0.7432,CRITICAL,Treatment
0ee81109-3f1b-4baf-a598-dad352b9fbca,0.7379,CRITICAL,Treatment
5209f4a7-f6e9-457a-8b1f-92e00221f618,0.7405,CRITICAL,Treatment
6d105985-240c-4891-9756-b93bd4cae0f0,0.728,CRITICAL,Treatment
244439a6-40a8-4708-bdfe-fb90d30d8f54,0.7225,CRITICAL,Treatment
c1c2617b-01cb-49e3-8919-b6fbdb6ba63f,0.7379,CRITICAL,Treatment
ba78f03d-c5f0-4b0f-98b0-27f7a394cce6,0.7379,CRITICAL,Treatment
e133cd3f-b440-430d-823e-b3e3306c5c64,0.7432,CRITICAL,Treatment
cd6fa7bb-38eb-4c0a-8e10-c6c9895a730d,0.7379,CRITICAL,Treatment
02dc93a6-b381-4e86-865f-662d83f92e7f,0.7432,CRITICAL,Treatment
8f6bd748-49ad-4064-bdec-77e9cfb04c50,0.7432,CRITICAL,Treatment
0a2d1ce7-474f-436b-bf3c-f8b26e24c0dd,0.7432,CRITICAL,Treatment
485fb4a6-e108-4c42-9878-2f4ac1bfaed9,0.7432,CRITICAL,Treatment
da789f36-dd82-435f-9505-59829ddd4289,0.7379,CRITICAL,Treatment
36164e92-e355-4426-83fd-6ef06f2600fd,0.7432,CRITICAL,Treatment
86f8d11d-5109-49ce-b851-3be59b7bd35a,0.7432,CRITICAL,Treatment
3e827ea4-7cb6-4597-bdf2-9c4cd8a4e4e4,0.7379,CRITICAL,Treatment
4003599b-bf82-40f3-bb57-8b3e395196b7,0.7379,CRITICAL,Treatment
b8805291-8cde-4f68-bad0-505324a7fd90,0.7432,CRITICAL,Treatment
f26f8503-8f93-4df3-b3cf-ae9e4eb8d155,0.7379,CRITICAL,Treatment
cf736b4a-5333-43ba-ba70-9b544e76d14c,0.7432,CRITICAL,Treatment
8ef71ad2-f232-4c54-8f11-31629cccc13e,0.7423,CRITICAL,Treatment
3f56fbfb-7b80-4b1d-be19-70dde3b217dd,0.7379,CRITICAL,Treatment
20b081a6-8d59-4bc3-a431-8d0cb242d0b3,0.7432,CRITICAL,Treatment
c6923f70-4d96-4026-80a5-57d5d1562c0c,0.7379,CRITICAL,Treatment
dd58c843-e779-4b1b-bb1f-e2e01f09d016,0.7432,CRITICAL,Treatment
ecad488f-75cc-45eb-b7e4-2f60ce878424,0.7432,CRITICAL,Treatment
51ae2a61-07c5-497e-aa1a-ac95a7b02124,0.7432,CRITICAL,Treatment
b1e009f2-5753-46f3-9b68-30901216a2b8,0.7379,CRITICAL,Treatment
46f7f244-5a98-492f-83bd-05dbaca57759,0.7432,CRITICAL,Treatment
951a04ab-8011-4a67-8be1-d631e75da631,0.7432,CRITICAL,Treatment
05c4d67d-9ae0-48fc-8ad1-4bb9bd250d0b,0.7432,CRITICAL,Treatment
4f013115-86c3-4b6e-8fec-dd1685f78e85,0.7379,CRITICAL,Treatment
7d160a6c-d62c-4487-a324-467f65137be6,0.737,CRITICAL,Treatment
d0653008-d275-4900-86ca-083322201180,0.7432,CRITICAL,Treatment
a351453c-374c-4746-8158-6cc7dc4a5b25,0.7379,CRITICAL,Treatment
764589c6-1211-4952-8e38-b53e3bfc7327,0.7379,CRITICAL,Treatment
e7f5c6dc-622f-475e-88be-a52c36b8f6c3,0.7432,CRITICAL,Treatment
44736840-b33b-456f-8dbb-6c2e0ff45f47,0.7379,CRITICAL,Treatment
2a571f17-4a42-4168-b959-4d89a5a4ab52,0.7432,CRITICAL,Treatment
fd062ec5-ae25-4795-bc95-fb88cb3499bc,0.7379,CRITICAL,Treatment
30661a9b-c23c-4c6a-9749-8198c8210038,0.7379,CRITICAL,Treatment
243dcce5-b547-4101-a198-2eae9f52c04f,0.7379,CRITICAL,Treatment
730aa7e9-3736-4123-94d5-b6c46de44e62,0.7379,CRITICAL,Treatment
cefbcbbc-bfeb-4d4e-bdb8-4f3cb1ff0db1,0.7432,CRITICAL,Treatment
2d1eaf20-5dc1-4f6f-bbc7-c25f7f0a0e9e,0.7161,CRITICAL,Treatment
d77b8d07-333a-401a-b181-6034d43e5ee2,0.7432,CRITICAL,Treatment
1041c759-df35-4768-8e52-f97eb22f7bf2,0.7379,CRITICAL,Treatment
ffd277be-ed4f-46f4-a4d0-f208ee580c26,0.7432,CRITICAL,Treatment
cc1355df-244d-4c74-bdef-d22b8236a62b,0.7379,CRITICAL,Treatment
3a22e297-2d5f-42e3-8f28-eadf77681a0f,0.7379,CRITICAL,Treatment
dc02ac30-93f8-434e-8e40-a72e36b55191,0.7432,CRITICAL,Treatment
1706022c-1148-4608-adf2-d62eb9fb1f8d,0.7379,CRITICAL,Treatment
8c1ffb26-f657-4d05-a443-a37e6d8583b9,0.7379,CRITICAL,Treatment
a090b365-10f8-4b91-934f-95c0d320e0c5,0.7379,CRITICAL,Treatment
b2b88eef-a804-4271-a0c6-272d8363f781,0.7432,CRITICAL,Treatment
80978016-971b-4fc5-b061-49c95f13b5cf,0.7432,CRITICAL,Treatment
0db20ab3-5798-4f6a-916e-923978d14ff0,0.7379,CRITICAL,Treatment
de4865de-cc7d-4ae5-84c7-8478f6f86c84,0.7432,CRITICAL,Treatment
3715dede-f534-4314-a26e-db5c2341264a,0.7379,CRITICAL,Treatment
74f34158-eb95-4ede-ac75-968c83df1076,0.7432,CRITICAL,Treatment
ffeec5fc-c4d6-4f6e-b82c-fa244232856f,0.7161,CRITICAL,Treatment
2c11260b-f072-461a-8fb9-065021848d8e,0.7379,CRITICAL,Treatment
47195b88-0147-46ec-aa53-5353e7619454,0.7432,CRITICAL,Treatment
a2987acb-5657-423b-8d52-6d85cb197fe4,0.7379,CRITICAL,Treatment
3b27fa5b-2d64-4348-9717-2d2c62b0336a,0.7432,CRITICAL,Treatment
89760ded-03a1-4be5-bce5-01765b78b03e,0.7379,CRITICAL,Treatment
be94b35d-1aec-41ff-994a-f3ee9ab9708f,0.7432,CRITICAL,Treatment
cf27e146-8b89-4d88-8038-f372c5e6dac0,0.7379,CRITICAL,Treatment
12fbb3ac-6d41-4943-bd6e-d9b9e08d593f,0.7379,CRITICAL,Treatment
68e0d789-a07d-4382-b24f-fcf04728600c,0.7379,CRITICAL,Treatment
ef6c7e19-512d-4ae1-bc70-ede00e88eecd,0.7432,CRITICAL,Treatment
7f50348b-8995-4055-b5fe-8f967842e73d,0.7379,CRITICAL,Treatment
0429dc16-a497-41e4-a541-85f7b3c4a27f,0.7362,CRITICAL,Treatment
1b4f0f26-2815-459a-ae9b-6a958a0a291b,0.7432,CRITICAL,Treatment
81bd2e99-dd85-4de1-a8f7-19e5f4cbac06,0.7379,CRITICAL,Treatment
b3f7017a-9370-442d-886c-4853aff7718a,0.7379,CRITICAL,Treatment
0492384d-2157-4f72-9bb6-39e33528a1e7,0.7432,CRITICAL,Treatment
798ef34d-4046-4fef-ae5b-bcc7e56bd017,0.7432,CRITICAL,Treatment
28278d0b-8275-4d19-8587-e50a0fe89d5e,0.7379,CRITICAL,Treatment
c087e326-a5c3-4cd1-aac1-26776cea4ec1,0.7379,CRITICAL,Treatment
758b3d07-7759-4f15-8958-6857c7f33b71,0.7379,CRITICAL,Treatment
2788006b-d95c-41b0-a7d1-0f515dbb3aaa,0.7379,CRITICAL,Treatment
8c56cbc1-71c2-4132-9280-2ed6a14adaa5,0.7432,CRITICAL,Treatment
baed9f5e-194e-4310-aa97-a4ccffbe3c46,0.7432,CRITICAL,Treatment
3dcbb160-e33e-4006-84cd-e58bbcd8f69f,0.7379,CRITICAL,Treatment
0ad669d5-7412-4305-80b3-47eda494a27e,0.7379,CRITICAL,Treatment
2c1ac8cf-af7d-4041-980b-19c5752fa6bc,0.7362,CRITICAL,Treatment
20fb03c3-52e4-4838-9912-d98c7b1839ce,0.7379,CRITICAL,Treatment
79489acd-f403-4af5-8d80-ada44a59fffc,0.7379,CRITICAL,Treatment
5bd8ad32-abca-48d5-803e-28bb9fd81a7b,0.7432,CRITICAL,Treatment
05ca7321-40f2-4366-978a-5390cf769dff,0.7432,CRITICAL,Treatment
b94d76a8-3b1d-4268-bb5f-34b16dfce5d1,0.7379,CRITICAL,Treatment
e1298c67-97a2-4dcb-a576-d4f7af16711e,0.7379,CRITICAL,Treatment
f47ac10b-58cc-4372-a567-0e02b2c3d479,0.7216,CRITICAL,Treatment
32d972e8-d10b-41eb-b47e-4512ba758c33,0.7362,CRITICAL,Treatment
b2e6b607-f6de-4838-bdcb-f5d0c8830036,0.7432,CRITICAL,Treatment
40a7112d-6afe-4553-82e6-bec09375ae48,0.7371,CRITICAL,Treatment
8bf2f842-ce76-4164-a7ac-a6e8ad471557,0.7432,CRITICAL,Treatment
a39c95a0-4cff-410e-9b3e-a5a9da52a99c,0.7432,CRITICAL,Treatment
75a011e6-d402-49a2-9c19-0f61b7a84134,0.7432,CRITICAL,Treatment
9f89feb0-68d6-4edc-aa70-21862c83f2cf,0.7379,CRITICAL,Treatment
ce02a128-97a1-47c5-be8c-1abe810c57d2,0.7432,CRITICAL,Treatment
580dd727-cab6-43b3-a748-20fbc397df07,0.7432,CRITICAL,Treatment
1474934d-3bbc-4648-a93e-451e4398d078,0.7161,CRITICAL,Treatment
036924c5-dd10-4d03-a731-5185dee66a0f,0.7379,CRITICAL,Treatment
ae2fd13a-5d85-49a6-ac96-0ce495261acf,0.7405,CRITICAL,Treatment
0c8cb07f-21a7-4650-896d-df313cf841fc,0.7379,CRITICAL,Treatment
60c40fde-cf8d-4005-905c-157b1b3b8829,0.7371,CRITICAL,Treatment
657a9075-040f-405e-b6dd-1200f8cb75ea,0.7432,CRITICAL,Treatment
49d3f8c2-e344-46cd-a52d-9f2d4405e815,0.7423,CRITICAL,Treatment
49edd2e9-d445-468b-9931-cdeb452d9220,0.7379,CRITICAL,Treatment
80892378-ec04-4903-9a20-ca3132709ee1,0.7379,CRITICAL,Treatment
27b21d94-b54b-410b-a8fd-c233bf2d6758,0.7432,CRITICAL,Treatment
3d534591-78ce-4a8e-a549-548838638cf5,0.7432,CRITICAL,Treatment
63ea0a40-d837-4d57-a1ec-946f2171e2c6,0.7379,CRITICAL,Treatment
c59a6508-3e07-41e0-b8d2-218d35f85442,0.7379,CRITICAL,Treatment
6de0acba-1cca-4eed-b936-870bdb3a6ed2,0.7379,CRITICAL,Treatment
1bf61c25-924b-4caa-b7a6-c52142140c55,0.7379,CRITICAL,Treatment
ece44d4e-bbf4-4891-9d56-0538416eb55d,0.7432,CRITICAL,Treatment
3cd3602f-934f-4c2a-8f63-88062e02935d,0.7432,CRITICAL,Treatment
5c2cf155-908a-4a7c-a6a3-2a1ec6f4156c,0.7379,CRITICAL,Treatment
b3801a0e-2eec-43b0-b7ef-81a62ca9833c,0.7432,CRITICAL,Treatment
e4702237-f9f9-4130-9166-72ae735599b2,0.7432,CRITICAL,Treatment
a4cc0efe-a3be-4664-8530-bc367bb4485e,0.7432,CRITICAL,Treatment
eb8d3530-4735-4d25-a795-4a0d793c5deb,0.7216,CRITICAL,Treatment
f4a00ab0-e867-4a44-868b-11e9b385e86b,0.7432,CRITICAL,Treatment
dda03187-21ce-41c4-9aaf-c12fb0c0d521,0.7432,CRITICAL,Treatment
71b38421-5e3f-4bfe-a4c4-68f638f390fd,0.7432,CRITICAL,Treatment
d642fa63-904a-4c16-8ab2-733a567b6033,0.7379,CRITICAL,Treatment
36fc5a32-e98e-4494-b0b0-282f865d6730,0.7432,CRITICAL,Treatment
aa4334a0-207f-4cad-b7b7-5f71f6e33959,0.7362,CRITICAL,Treatment
ec1886e1-7069-4831-8181-da0b5d76b169,0.7379,CRITICAL,Treatment
0b7c0cb1-5284-4314-91ca-969b6b26b5e2,0.7379,CRITICAL,Treatment
b0c0d200-2ef8-40a8-9c5c-0d9808d80a1d,0.7432,CRITICAL,Treatment
fc30ec50-bfad-4b7e-9332-2f40c780db9e,0.7432,CRITICAL,Treatment
dbeee156-2cb0-4857-afda-6b1cbd4f63db,0.7353,CRITICAL,Treatment
20eec23c-d593-4ed3-8c96-c410b1709925,0.7379,CRITICAL,Treatment
2162bfe9-40e8-4ab6-8a5f-9096467b489d,0.7432,CRITICAL,Treatment
3e3d2293-a3f9-4b9e-8331-be5dff0c7c28,0.7432,CRITICAL,Treatment
9e7edf54-78fb-4b0a-a0fd-57e74b501105,0.7379,CRITICAL,Treatment
c9a88fc7-cf38-4a33-9d18-acd02faec1c2,0.7379,CRITICAL,Treatment
a9fbbd7f-9c4f-4310-aa67-dd188fa08203,0.7379,CRITICAL,Treatment
f9349290-ad71-4776-9d0f-574ab4f5e569,0.7379,CRITICAL,Treatment
5780656c-a9e0-46d9-8c27-2207daee405b,0.7379,CRITICAL,Treatment
1f5b2163-90c2-42ff-9b8f-b548a1abf455,0.7432,CRITICAL,Treatment
25073f59-9b6f-4259-a5a1-bf150974b4c3,0.7432,CRITICAL,Treatment
f88b39fc-bfb1-4867-b42e-38dd6db64191,0.7379,CRITICAL,Treatment
7e94b80c-d053-4742-9ebc-6180c200c438,0.7432,CRITICAL,Treatment
73f76f82-34e4-4c6f-a685-1a8dc89676f4,0.7379,CRITICAL,Treatment
95186e89-f605-488c-a566-5c00b9f01209,0.7379,CRITICAL,Treatment
c1df29fd-23e4-4164-a60d-7578721ec352,0.7432,CRITICAL,Treatment
a8a9553c-77e4-46f6-bd5b-b1a3a64aabe1,0.7432,CRITICAL,Treatment
44a3aab9-e3c5-4894-80f3-55230b3fb7ad,0.7432,CRITICAL,Treatment
cf2e8aac-e08b-4edb-8f12-5cf8d485e634,0.7379,CRITICAL,Treatment
ae026ece-daef-4417-92bb-2e8db5fb9392,0.7432,CRITICAL,Treatment
02c086e1-c5cf-41e2-89c0-745a296daba2,0.7432,CRITICAL,Treatment
70c3e5f6-e7e6-4ba0-886b-4875a2d8c259,0.7432,CRITICAL,Treatment
a47e5639-58c2-4f7a-ba28-8025d71247b8,0.7379,CRITICAL,Treatment
eb01b041-c568-4300-9331-cb2e491e5402,0.7432,CRITICAL,Treatment
9a125690-2f73-4c7d-b779-446df341bc9f,0.7432,CRITICAL,Treatment
552be0dd-05df-4cba-8422-9aa6feec0630,0.7379,CRITICAL,Treatment
9e915535-45e5-46c2-bb11-9dc52823bc5b,0.7432,CRITICAL,Treatment
271ddff2-bdef-4627-9d87-92830b85ad31,0.7432,CRITICAL,Treatment
2a342c45-24ea-4d47-a820-164f1853fcf7,0.7379,CRITICAL,Treatment
07c1a695-2e50-4448-88f4-9ee1ae6d590d,0.7379,CRITICAL,Treatment
09ef8cc7-1cb3-44fb-8bac-721cdc5e98c5,0.7379,CRITICAL,Treatment
4ce6ce77-53a8-479b-bd98-23888106fe22,0.7379,CRITICAL,Treatment
5847dffd-16ad-4f48-83ea-1b423ab510fa,0.7405,CRITICAL,Treatment
e71b6399-b2c6-4fc2-9c2a-8d385406b7f1,0.7379,CRITICAL,Treatment
c753577f-ae9a-4884-aaa5-bb52d13d4c80,0.7432,CRITICAL,Treatment
e4516075-bcaa-4ca7-be27-b119aa691fd2,0.7216,CRITICAL,Treatment
b636fc9b-811f-4aa2-b7a7-c6330c26527f,0.7379,CRITICAL,Treatment
1fe8324d-2d21-40a7-86e0-3b3052e70174,0.7379,CRITICAL,Treatment
29ed44fa-05da-431a-84cb-b05a74a5b042,0.7371,CRITICAL,Treatment
42f0a49d-7e7e-4cb7-a23a-eee6d02157db,0.7379,CRITICAL,Treatment
b15f4e6c-26ec-410e-bbfe-1a3cdd4d568a,0.7379,CRITICAL,Treatment
8f0c1c2a-4292-4401-84a9-637e38b901d8,0.7379,CRITICAL,Treatment
c5a964a1-d4e6-42f9-ac01-71c825887b65,0.7379,CRITICAL,Treatment
643d2ba0-8a9f-401b-99cf-305699670a2b,0.7432,CRITICAL,Treatment
e31379e3-5d35-44a4-b644-2bf939fc93ed,0.7432,CRITICAL,Treatment
4c142bd7-b7dd-42b0-acc9-ad3f920f292c,0.7432,CRITICAL,Treatment
60bbdf4a-a0e6-40de-80d1-a4b7c6e97240,0.7432,CRITICAL,Treatment
4b444f1f-7588-4520-b9e1-fb9a9d25064b,0.7379,CRITICAL,Treatment
e7f17f68-5a97-4746-9759-e719a458afbb,0.7432,CRITICAL,Treatment
bf76b5dd-68e2-43fc-8c4d-d53516aa081e,0.7379,CRITICAL,Treatment
a6baff87-c740-43a5-9f37-bd9435a5d743,0.7379,CRITICAL,Treatment
f985065d-eb6f-4819-af0d-9dc8485483a6,0.7432,CRITICAL,Treatment
58df55d4-5994-4cc1-b20a-423a17ab0ed3,0.7379,CRITICAL,Treatment
d2797871-d978-487c-9e9d-f8f6d593e678,0.7432,CRITICAL,Treatment
922c6eb9-537c-4c2f-9db4-9af44910fcd8,0.7379,CRITICAL,Treatment
8d6ce12f-664e-45c7-a730-6c990a1bb57f,0.7423,CRITICAL,Treatment
39eb4a40-3656-45c9-8fa3-7d8ba1ce1836,0.7432,CRITICAL,Treatment
81191715-1a09-4fa7-b288-ba430803a791,0.7379,CRITICAL,Treatment
d2cc141c-8279-40f1-a57d-876c85b4dcdd,0.728,CRITICAL,Treatment
9eac322c-8de4-436b-89d9-4639f66a4b64,0.7432,CRITICAL,Treatment
e06287b0-8b62-455d-ad81-82b92d9958a2,0.7432,CRITICAL,Treatment
ed364722-e233-496a-9b01-acfa35e6c66d,0.7379,CRITICAL,Treatment
2ae47c69-9460-427b-99f7-9e146c8e759d,0.7432,CRITICAL,Treatment
69350789-0c71-499b-a8ad-950185b3c333,0.7432,CRITICAL,Treatment
fa1d4646-0c2f-42d6-bc4d-047e550adb67,0.7379,CRITICAL,Treatment
1b570c1d-1266-4e8f-b86c-22603d3f85cd,0.7379,CRITICAL,Treatment
e7ddf455-ba08-46c3-bf2e-6a2777b185cf,0.7344,CRITICAL,Treatment
828ae657-4bd5-4337-924c-792f05f6cddc,0.7379,CRITICAL,Treatment
878c7b38-8a68-4a71-b642-280333c3858a,0.7379,CRITICAL,Treatment
18962bf3-bd00-4d76-a003-a6a954dc3766,0.7379,CRITICAL,Treatment
7e04fc18-03f3-4e48-9fb0-a6b83092fd1b,0.7432,CRITICAL,Treatment
02f90d50-05a5-42e6-9ca8-1252b86d4b23,0.7432,CRITICAL,Treatment
885dec52-140c-47a7-80a8-9b99802c222a,0.7432,CRITICAL,Treatment
e0930325-cb8c-4831-8a31-b1dadfea814c,0.7432,CRITICAL,Treatment
52f72350-2239-46ec-bad9-1c0f4a97ff31,0.7379,CRITICAL,Treatment
5772eb55-7b08-4ab7-8e18-83352946c7c2,0.7432,CRITICAL,Treatment
4d77808a-13b8-48a6-8b0c-0fd2409224d2,0.7432,CRITICAL,Treatment
bff42b23-9b65-4893-b478-e9f49a708c2c,0.7432,CRITICAL,Treatment
c7cbff13-0a26-49f5-9306-c865f37fcf31,0.7432,CRITICAL,Treatment
e1ffe04a-5538-4948-8af2-69eb47aaf7ff,0.7379,CRITICAL,Treatment
8880ddeb-80c2-4c74-8151-c36fef17f779,0.7379,CRITICAL,Treatment
7c716728-6452-41b2-980b-8526c0128e52,0.7379,CRITICAL,Treatment
2e486a4f-f14a-46a2-8a1f-0de91b35fc22,0.7432,CRITICAL,Treatment
1f65386e-ac23-4879-a8e2-ff6425230d14,0.7432,CRITICAL,Treatment
111f8770-4bd1-4e15-b913-fd8d5dbc86b7,0.7379,CRITICAL,Treatment
f10f28bc-4080-4ba2-bf26-7084688df7f3,0.7379,CRITICAL,Treatment
e3301428-b77f-44ef-9c77-d1f9ac4d49bb,0.7432,CRITICAL,Treatment
c001abd3-570d-4bb2-afa0-42c72f4807d2,0.7379,CRITICAL,Treatment
d9de3238-291a-4152-9172-8e203c69d365,0.7432,CRITICAL,Treatment
7dec513a-7134-4ac8-a45d-c495e9ccbbd0,0.7379,CRITICAL,Treatment
b85e04e6-7db3-4744-bf7a-eb7791ae3d53,0.7379,CRITICAL,Treatment
5529bdc5-923c-48c7-be67-88326f8ec86f,0.7432,CRITICAL,Treatment
8ca6a847-c321-4063-9326-c552713d92a1,0.7432,CRITICAL,Treatment
4a68cded-baaa-4c8e-a020-715e32ffaa62,0.7432,CRITICAL,Treatment
e6b74d0c-914e-4517-a634-6af7430e1d14,0.7379,CRITICAL,Treatment
eb1aa128-4edc-4eec-b879-64d991376e31,0.7432,CRITICAL,Treatment
0e6378b6-9bc9-4dc8-8cd1-a5ef63e395f3,0.7379,CRITICAL,Treatment
dea4f21f-51d7-4efa-8422-3d016a3a8563,0.7432,CRITICAL,Treatment
856f50cc-c54b-4eaf-a0d6-53ac62732da5,0.7379,CRITICAL,Treatment
da242d01-0070-4eb5-9a4b-9a02d2a8ae67,0.7379,CRITICAL,Treatment
6600c848-ba40-4c25-8777-00bbd9045934,0.7432,CRITICAL,Treatment
a013c25b-5f66-4f19-b03d-4b2c69bbe63d,0.7379,CRITICAL,Treatment
ad98005e-4129-4991-8e2e-73713159c2bd,0.7432,CRITICAL,Treatment
1347cd67-7443-4ee8-ba3c-6bb3fe8f0137,0.7326,CRITICAL,Treatment
6962e92a-6856-4558-9ad4-f6892167b6af,0.7379,CRITICAL,Treatment
86303cdd-c9ee-4f4f-bf27-0de86bb497e1,0.7379,CRITICAL,Treatment
f115f8ca-a017-4c6e-851c-3df7ef5e73dc,0.7432,CRITICAL,Treatment
a7bbeddb-7554-4ad0-a1c4-115c6e5f2c16,0.7432,CRITICAL,Treatment
6660f01c-3a43-4cc0-a4af-a76c643d0106,0.7432,CRITICAL,Treatment
57c578ce-0026-4708-a9e1-b3493bb33d06,0.7432,CRITICAL,Treatment
3206be0e-2798-4316-8280-84420fb0263d,0.7379,CRITICAL,Treatment
7fd3a1a9-71f3-474d-9688-a597ef2bede1,0.7432,CRITICAL,Treatment
ff59aa9c-155b-491f-9b9e-e039a64371f0,0.7432,CRITICAL,Treatment
44d92a96-e3d1-4445-b590-280316609560,0.7432,CRITICAL,Treatment
62b4db78-9bba-4a06-9503-7db2f248f82e,0.7379,CRITICAL,Treatment
36ac1b9a-21e6-4b74-ad8d-f0ef1030f475,0.7379,CRITICAL,Treatment
ec908af8-3d3c-4c41-9738-f781e96df09a,0.7432,CRITICAL,Treatment
897ed60a-578e-4113-a5d7-81a1923ac2e3,0.7379,CRITICAL,Treatment
e1478a68-ae64-4c70-9893-30b244c762a2,0.7432,CRITICAL,Treatment
deed99f0-a238-40ba-9cf6-8ba716734c0b,0.7379,CRITICAL,Treatment
30e22d9b-067a-4509-9f45-fb873f790076,0.7432,CRITICAL,Treatment
f1cb3542-9cd0-47b8-90aa-76635d2d5255,0.7344,CRITICAL,Treatment
9a208350-f935-487e-ab39-217dbc3351b4,0.7379,CRITICAL,Treatment
416bb837-daf0-4d6a-9fdf-de64e534f45b,0.7298,CRITICAL,Treatment
aa6598d8-3b1c-43a4-96e1-ddc2b72191c0,0.7432,CRITICAL,Treatment
2dfafc12-7b5e-4c8e-a799-7445853e6395,0.7379,CRITICAL,Treatment
f9afe461-38fa-4ace-a69c-1143064cfade,0.7379,CRITICAL,Treatment
78246c3b-9b4c-4830-925e-9a8fa9132aad,0.7432,CRITICAL,Treatment
3a409d22-242a-46c3-829e-ac323ab1aeb0,0.7432,CRITICAL,Treatment
17777652-3563-4d77-a37b-0c222ce5b843,0.7432,CRITICAL,Treatment
36c41b5e-13bc-47b9-b430-a792788ba701,0.7379,CRITICAL,Treatment
62516206-cd76-4b0d-a7a9-464241a90e0a,0.7379,CRITICAL,Treatment
736ae852-012d-43e0-9eb4-58442a2efaf3,0.7432,CRITICAL,Treatment
3dae51f7-3e01-4df9-a19b-4b1a13a388f2,0.7432,CRITICAL,Treatment
881ef2c6-bf26-4540-8f1f-6d7b79474f00,0.7432,CRITICAL,Treatment
c233c433-d0f0-4481-8bfe-fc2ac7655d64,0.7371,CRITICAL,Treatment
1563950e-5107-4b57-b2d0-57230943c871,0.7379,CRITICAL,Treatment
d942f7e1-427b-4e75-9016-8074aa611338,0.7432,CRITICAL,Treatment
a48a1032-5d69-4d0a-b073-1c3f5ac234b9,0.7379,CRITICAL,Treatment
ad03bd4f-7c43-4132-aaa2-902b52c5e302,0.7379,CRITICAL,Treatment
8ba84bda-e0ce-44a5-8031-ef182eaf71ee,0.7379,CRITICAL,Treatment
81d4dca4-1eb1-4ee7-8719-5d59822f5a1b,0.7379,CRITICAL,Treatment
121b843e-9dc7-4980-b331-38b4a7186dad,0.7432,CRITICAL,Treatment
8be49018-3eac-454c-915b-84093174d97d,0.7379,CRITICAL,Treatment
33c3d733-5cf4-47b1-986d-6fe0c76726c9,0.7371,CRITICAL,Treatment
2b42ce56-e10b-40af-a5b9-d9644293aa0b,0.7432,CRITICAL,Treatment
a19df228-8b38-4989-a92a-9c2199cba4ee,0.7432,CRITICAL,Treatment
60c8803e-93ae-4b18-9d13-455478a464ea,0.7379,CRITICAL,Treatment
ebc7b11a-16c2-4c48-99e8-42bc0acd8754,0.7379,CRITICAL,Treatment
8b7b4d33-33f5-4158-b2d5-f2bcb2c8e7cf,0.7432,CRITICAL,Treatment
db0b4ad9-a8d3-4fe5-97a5-71e75893f959,0.7216,CRITICAL,Treatment
4c3f1398-65c3-4c88-b816-03c0514950d8,0.7432,CRITICAL,Treatment
0f2f2c09-0d67-4dfc-b746-8922ead3cb50,0.7379,CRITICAL,Treatment
7f4d2a44-8921-4832-875f-9416039ea80c,0.7432,CRITICAL,Treatment
7f75f2e8-45e7-4599-bbf6-028eb2a0431e,0.7379,CRITICAL,Treatment
4f650b14-8b86-4437-8eaa-a08f3775f78c,0.7432,CRITICAL,Treatment
5d5be974-9fe1-4a30-8af5-ad21e3cd2e20,0.7432,CRITICAL,Treatment
4d9bf4e6-da88-4270-b4ae-9fd9c2f176ae,0.7362,CRITICAL,Treatment
d0aad6ca-4201-489f-be6f-111da60f2bc2,0.7379,CRITICAL,Treatment
cf0e3839-6bd0-43aa-b8df-519c411010ed,0.7379,CRITICAL,Treatment
0f8aa962-421c-4316-9d1e-d5a08bc3f2c3,0.7432,CRITICAL,Treatment
cffd6126-63ae-439f-ae46-30c6a1343e39,0.7379,CRITICAL,Treatment
640fbcfe-b17c-4b65-9ebc-7ce672395e6e,0.7432,CRITICAL,Treatment
a493a244-9f25-4fdd-a892-87fa36316c24,0.7432,CRITICAL,Treatment
a347840d-7f2a-4a07-b350-cc25b220c9c6,0.7379,CRITICAL,Treatment
e2655a20-9779-4e8c-aec9-7796ed7cad60,0.7379,CRITICAL,Treatment
57d564c1-8854-46c1-90f3-0d85dbfb90fb,0.7432,CRITICAL,Treatment
114ec03e-7461-49c8-a6c7-2a4b5ad2ee48,0.7432,CRITICAL,Treatment
4281d576-a112-42e1-9eb1-78c6536e670d,0.7432,CRITICAL,Treatment
5b2f22f0-fdcc-4b41-9fae-a261b44e7bb0,0.7314,CRITICAL,Treatment
52ef99d0-dfcd-4a26-a98b-3c3d1b23951d,0.7379,CRITICAL,Treatment
79bbc7e4-3a62-4c21-b192-5de301b87c36,0.7432,CRITICAL,Treatment
e41e8904-5532-4d6d-a42f-69cc5bf57737,0.7379,CRITICAL,Treatment
84cadebe-1145-4173-85b2-6b450bd25599,0.7432,CRITICAL,Treatment
98864ae8-4a73-4a80-ae8d-e526993cc0e1,0.7379,CRITICAL,Treatment
391b38cc-edf4-450a-a533-d76c346db712,0.7432,CRITICAL,Treatment
c4ff8b72-01b1-4636-aae2-42a566f69606,0.7432,CRITICAL,Treatment
95b1d448-0abf-4b69-a932-7ec186e44f59,0.7432,CRITICAL,Treatment
0e7be438-e1e1-43e1-829a-5a2262efa25e,0.7432,CRITICAL,Treatment
52b0eb8b-fe13-495d-b99b-9359b740a3c1,0.7379,CRITICAL,Treatment
b0c6ce15-c7d0-48ee-83f2-ebc354795531,0.7432,CRITICAL,Treatment
0ce3d607-9d22-4727-9baf-2ff1032def31,0.7432,CRITICAL,Treatment
8063e3f2-911f-4674-a30f-5cce8d062fd8,0.7432,CRITICAL,Treatment
c1bb08d4-634e-41fb-998a-7bc3b8c8d0c2,0.7379,CRITICAL,Treatment
92a09779-f2c8-4aba-8d71-dd5745b707db,0.7432,CRITICAL,Treatment
7b219326-3546-4f0d-9597-40fce566ebe3,0.7379,CRITICAL,Treatment
1503cc6f-fcc4-44b5-b0f8-b78938efca0c,0.7432,CRITICAL,Treatment
244cf95f-a4ce-4112-8ce2-cbe9df031edc,0.7379,CRITICAL,Treatment
69b4107c-6b23-4427-be9e-2e51522e720d,0.7432,CRITICAL,Treatment
9041cade-9310-4352-9d06-cdd843764d66,0.7432,CRITICAL,Treatment
d4f3972b-735f-4e4f-9f80-7df17931a34c,0.7379,CRITICAL,Treatment
264fabe6-b08d-4b87-9a5e-e4c9a5561d07,0.7379,CRITICAL,Treatment
a51768eb-7fec-41b3-87a4-b717f3e8cdea,0.7379,CRITICAL,Treatment
e9316447-6e00-4096-b034-e9557e8ab4cf,0.7432,CRITICAL,Treatment
2fa70efb-e440-470f-b4cd-7aabe6dd69f4,0.7432,CRITICAL,Treatment
aa338387-6f3e-45d4-9ff8-9181ec8441eb,0.7379,CRITICAL,Treatment
ee839331-3af1-4d13-a382-4bdbb67efe4a,0.7432,CRITICAL,Treatment
94aef4cb-dd7d-4236-a11c-ac9dd354df84,0.7432,CRITICAL,Treatment
d73122ad-ee2c-4532-85d2-bba093d723c5,0.7432,CRITICAL,Treatment
ad5b56e0-b311-4b05-97d8-00f83288b8ad,0.7379,CRITICAL,Treatment
c686939c-16a5-4b04-be29-251786f633cc,0.7379,CRITICAL,Treatment
84f7d70e-cfd8-4765-859a-c080015a8201,0.7379,CRITICAL,Treatment
a57ac1c0-0dba-43e7-b261-3b33c4369e23,0.7379,CRITICAL,Treatment
96ba3eb9-719e-46bc-80fe-237cadc51bfc,0.7379,CRITICAL,Treatment
4e670c7b-27f8-4429-a28f-642b4ec7befe,0.7371,CRITICAL,Treatment
a05da802-d271-4ce6-b554-87cd809717a2,0.7362,CRITICAL,Treatment
c522eb49-ad10-4de1-8808-df31ac9a465d,0.7379,CRITICAL,Treatment
3ac8c62f-123a-4910-a5af-ee4c2e45bb99,0.7379,CRITICAL,Treatment
4778807d-d003-4b47-b797-e74ba6fa1114,0.7379,CRITICAL,Treatment
7e7df16c-9edb-4ead-b1bc-3df4550506b6,0.7432,CRITICAL,Treatment
4f159a0a-65e0-42f1-91db-4bf0f67eecd2,0.7379,CRITICAL,Treatment
6ebda436-f16d-4726-b3bb-15506a961f98,0.7432,CRITICAL,Treatment
1911bdc2-e44f-4913-98e7-06fcd666fd78,0.7432,CRITICAL,Treatment
526e3aec-d1a5-400f-a5f6-9903ff000cb3,0.7432,CRITICAL,Treatment
43efa6d2-e4d1-4763-ba1a-696191f1703d,0.7432,CRITICAL,Treatment
a9fd07c6-5f74-4b43-9ead-83ab44e3c591,0.7335,CRITICAL,Treatment
c8040ddd-fb05-4ae8-97db-1edb0d18fa7e,0.7432,CRITICAL,Treatment
946d766d-9256-44b2-afd4-f0d2ea9e3514,0.7379,CRITICAL,Treatment
920d99d0-2cc4-4164-9113-916b33f2b976,0.7432,CRITICAL,Treatment
c8aafe2a-b39b-416c-bd11-fb31724995ff,0.7379,CRITICAL,Treatment
5ed8ba48-054a-47bc-ac5c-727779e37483,0.7379,CRITICAL,Treatment
31f1f40b-1d37-4c2b-b001-b3289f53adc2,0.7432,CRITICAL,Treatment
a1af9215-a107-4909-9516-f9f74a8bc379,0.7432,CRITICAL,Treatment
eaaad760-a286-4d80-ba1f-e085acc66a2d,0.7432,CRITICAL,Treatment
0a74dd8d-68e5-4dbb-8fec-3b5da2576e5f,0.7432,CRITICAL,Treatment
b3abcb4a-ea36-48ad-94e9-9b53ba1f0076,0.7432,CRITICAL,Treatment
9fb64ac0-6e14-407e-969c-c55970806ce3,0.7432,CRITICAL,Treatment
6f5a8df2-2157-4bdb-96ff-39f0fddbf89c,0.7432,CRITICAL,Treatment
ef3abb28-d871-40fc-879c-987e9d6883cd,0.7379,CRITICAL,Treatment
7e5d853f-9341-4163-9941-c00b279fa986,0.7379,CRITICAL,Treatment
0e5bb689-8d71-4ed7-aed7-77719c7e329b,0.7379,CRITICAL,Treatment
f104bf42-d578-4e52-b3f9-549e035356e0,0.7432,CRITICAL,Treatment
8f0f0cb2-075a-485c-b3bd-067357f57d74,0.7432,CRITICAL,Treatment
332f4e8c-6f5e-4f71-a9bd-d59281c1e01c,0.7432,CRITICAL,Treatment
32d0696b-0f3e-4d75-ae7f-530b6f7ec5d3,0.7379,CRITICAL,Treatment
da5bce67-7fe6-4199-8eb9-f579b9a5f82e,0.7379,CRITICAL,Treatment
31c55a47-9e2d-497e-b463-d4464b87bfcc,0.7379,CRITICAL,Treatment
f2df8a77-33c8-44e8-ac50-5125f0eabe2a,0.7432,CRITICAL,Treatment
ca2e5ebc-c495-47cb-84e7-0c9fb6753c1c,0.7432,CRITICAL,Treatment
735b18e9-6e15-43a9-a4f1-2e31b6539d52,0.7379,CRITICAL,Treatment
83a5e240-ac35-42d6-9e1d-9271d3b0fde6,0.7432,CRITICAL,Treatment
c59e6921-1f13-41af-be7b-1cdc5186380d,0.7432,CRITICAL,Treatment
9ed09e46-7be6-4751-bd97-598cb1afdce1,0.7371,CRITICAL,Treatment
1799e236-3fce-4e1f-b77a-6278c86e40b6,0.7379,CRITICAL,Treatment
fd64e0ea-6782-40ec-b855-e25c453138b9,0.7432,CRITICAL,Treatment
33529b97-6388-4e69-b9a2-51797dac58dd,0.7379,CRITICAL,Treatment
38495bad-5d17-4ffb-85a8-9a8cacb0b428,0.7432,CRITICAL,Treatment
c2037fa2-4460-42c8-8a2c-ee384ec2294e,0.7379,CRITICAL,Treatment
8cf5c03e-7cbb-4882-9713-8d9bbdb17c34,0.7379,CRITICAL,Treatment
7db171a5-93fa-4953-9b12-aba5375c031e,0.7379,CRITICAL,Treatment
86a33f85-4cf1-46a1-88bb-9d0908780c7c,0.7432,CRITICAL,Treatment
f6d55873-8c27-4785-b4ac-ea159198b18e,0.7289,CRITICAL,Treatment
19a44e4c-cb1f-40f4-b89f-d00b4e512d13,0.7379,CRITICAL,Treatment
8463f8b7-e04e-45d9-83c9-4b700a9045a7,0.7432,CRITICAL,Treatment
8fa2b779-570c-482b-85e0-8b2a8e21e3e3,0.7335,CRITICAL,Treatment
edb5b7c9-1d56-4eaa-b2db-50fd3968735c,0.7432,CRITICAL,Treatment
21198b2a-b68f-40d0-b1c4-294d463dde2e,0.7379,CRITICAL,Treatment
751bf840-2a11-45fd-a1dc-3b442c3d100a,0.7379,CRITICAL,Treatment
2409df36-046f-4841-bbc9-85dbeaf8f835,0.7432,CRITICAL,Treatment
27dca2a6-0858-438e-8083-dbfe2241bf7b,0.7379,CRITICAL,Treatment
0c682137-ff66-4719-ae01-da338578e63c,0.7432,CRITICAL,Treatment
3f35f550-b978-4f6a-80da-ed424f23cc0c,0.7379,CRITICAL,Treatment
1a991167-ca46-48d8-80e1-fdca73260a6c,0.7379,CRITICAL,Treatment
e447c708-0324-4d07-b3a1-4a8212f416aa,0.7379,CRITICAL,Treatment
14a0ce51-c8ab-440d-826e-59599f2aba2b,0.7432,CRITICAL,Treatment
efb37e47-7a58-4737-8978-4faf6e0b0ef9,0.7432,CRITICAL,Treatment
5bb33d86-06eb-46d8-b302-bb5fdc33688c,0.7379,CRITICAL,Treatment
49beef4a-9aa2-416a-be50-acf90b74f80f,0.7432,CRITICAL,Treatment
893600e4-ce5f-4bab-a9fa-2bd301abf188,0.7432,CRITICAL,Treatment
4d1743cc-d3f1-4697-b445-a2ef4666c72f,0.7379,CRITICAL,Treatment
9dbfbed9-920f-48d3-916c-6b3e81645793,0.7161,CRITICAL,Treatment
796ac180-9e54-4779-8fff-2a19e740c9de,0.7379,CRITICAL,Treatment
33c184f9-6acc-4f72-be46-39cc82ffbdba,0.7379,CRITICAL,Treatment
1c4e15b1-e60f-4597-8a54-02433df75c14,0.7432,CRITICAL,Treatment
c5c7b576-3b68-45a4-b791-6deea7c04386,0.7432,CRITICAL,Treatment
46aae805-9654-48cc-a268-f5888552ada6,0.7159,CRITICAL,Treatment
25c95e7e-04a6-4db7-a680-bafd1faa91a4,0.7432,CRITICAL,Treatment
1e6283e0-98e7-448e-a04d-659cd34d8696,0.7432,CRITICAL,Treatment
48ce9e0d-a927-4fc2-9139-565231af8c40,0.7432,CRITICAL,Treatment
e2148571-b699-4dba-9ab4-c6416324c1c5,0.7379,CRITICAL,Treatment
529c2d98-b03d-4ea8-828a-640b042c4fab,0.706,CRITICAL,Treatment
49ee7100-d335-4dac-b479-8cfd9f4ba713,0.7432,CRITICAL,Treatment
c41defaf-2dd1-447c-aa4c-8df89b7f2266,0.7432,CRITICAL,Treatment
3268a7a1-2812-4f64-a22f-b78f0e9402be,0.7379,CRITICAL,Treatment
3c326b6a-abc9-474e-8c66-dce39d246e70,0.7432,CRITICAL,Treatment
9b1ac9b9-1248-4944-aa75-163b469b4d23,0.7379,CRITICAL,Treatment
3170f8d6-078b-4950-9005-54efea5b19a9,0.7379,CRITICAL,Treatment
c97c4ac9-4dab-48e4-9408-1047f1b3553b,0.7432,CRITICAL,Treatment
3df166f7-beae-4c69-b8d6-5ff117e89d3d,0.7432,CRITICAL,Treatment
4bbb9848-3952-4aba-bac6-294d5a8695d4,0.7432,CRITICAL,Treatment
93810414-555b-4333-83f5-c23364291f78,0.7371,CRITICAL,Treatment
2e9dcb58-f447-4372-a148-3da84b6411c8,0.7379,CRITICAL,Treatment
3826f44f-d47c-442c-96dc-a4b43b28a973,0.7379,CRITICAL,Treatment
b67c372a-5e1e-4856-a3f2-67e3514120ce,0.7396,CRITICAL,Treatment
4cd06c86-d80b-4570-8982-7510e523915f,0.7379,CRITICAL,Treatment
b900da56-3d4d-4f36-bc72-c1fc7a1457fa,0.7432,CRITICAL,Treatment
f405a475-635f-419d-90a4-39c66878019e,0.7432,CRITICAL,Treatment
cdee43fd-7c32-4062-8a21-3772dcbfebce,0.7379,CRITICAL,Treatment
afd774c4-3a97-43a2-a1fd-778482bb8a64,0.7379,CRITICAL,Treatment
7142574c-4bdf-4c53-8d40-594d1bc8d295,0.7432,CRITICAL,Treatment
4302c90b-a090-4527-b6c0-58dd64224edd,0.7379,CRITICAL,Treatment
99921c1b-f082-42c8-89e5-53436a4000f1,0.7432,CRITICAL,Treatment
46f23136-777c-49a8-b76f-bd2449d1ad16,0.7379,CRITICAL,Treatment
973ed9f4-3e38-48a5-ae4c-e275bad9dca1,0.7432,CRITICAL,Treatment
2e487c42-3180-41c4-be87-a6509899862e,0.7379,CRITICAL,Treatment
fa63e7e4-b5b0-48a5-8d0b-21e64e901332,0.7432,CRITICAL,Treatment
32cb5333-c7a3-42c1-aaf4-e389de0e4a94,0.7379,CRITICAL,Treatment
2c381e04-61a4-4e09-a1b7-aea325eb8e9d,0.7379,CRITICAL,Treatment
00c044ed-c2bf-46e1-b95c-5703edbb4fd6,0.7432,CRITICAL,Treatment
58ff258a-d9f9-4b65-bfa5-85684713662d,0.7432,CRITICAL,Treatment
a8a9cd06-63fd-4f0b-a9d3-cfbb2c5495c9,0.7432,CRITICAL,Treatment
42678baa-10bb-4138-8cb3-e893b675ccf7,0.7379,CRITICAL,Treatment
9bea8297-fd1e-4b3f-8b15-c5e6e04a4985,0.7432,CRITICAL,Treatment
b2af4493-52a2-4a80-9c72-3142d8b3333c,0.7379,CRITICAL,Treatment
535dc053-2349-4c15-8bf3-fd732caa967c,0.7432,CRITICAL,Treatment
491f1d9a-4c60-4e1c-8c68-e1a72d7142bc,0.7432,CRITICAL,Treatment
4534c16f-d13f-4793-a34c-98efe6a954e4,0.7379,CRITICAL,Treatment
ce2b243f-cd2b-4b66-8590-afa04e01a1e6,0.7379,CRITICAL,Treatment
2dae7d38-ea16-4211-92ba-838277ef4b12,0.7432,CRITICAL,Treatment
ceb1df1d-16e7-46f7-9ff6-c3f584d89429,0.7432,CRITICAL,Treatment
b3404b6b-f8b2-4f2e-b9c0-fbaf7085fccc,0.7432,CRITICAL,Treatment
edd89d07-cc2d-4fb1-a44d-58e02318674c,0.7379,CRITICAL,Treatment
549179b3-2541-42c7-b869-79017df089da,0.7142,CRITICAL,Treatment
b9d05e19-c0fb-4d1d-b541-2ba662e8ba30,0.7432,CRITICAL,Treatment
344676e3-ff1c-4e03-aa83-24042130ae46,0.7432,CRITICAL,Treatment
bde52ff8-8655-4f7e-b398-21f984f3cd11,0.7432,CRITICAL,Treatment
55344603-a8e6-4637-bed8-94ccd89d140a,0.7432,CRITICAL,Treatment
8a9c322f-e5c8-409e-a521-0b516de510c2,0.7432,CRITICAL,Treatment
7368664a-9770-4036-a37d-350df9b21557,0.7379,CRITICAL,Treatment
44014ddf-8b6b-4770-87fd-c58537453706,0.7379,CRITICAL,Treatment
86003830-deb4-4f08-a8c6-975c73de5444,0.7379,CRITICAL,Treatment
81315df3-f046-48bd-8b04-bd0693a593b8,0.7379,CRITICAL,Treatment
0a43ad0f-933e-4fa0-a26a-b879fc51d2fa,0.7432,CRITICAL,Treatment
d6d1dfbb-4156-4962-b6dd-5b2981cac917,0.7432,CRITICAL,Treatment
39e613ac-f6cd-4f80-a82b-317484f5a19e,0.7379,CRITICAL,Treatment
af6b061f-857f-43c1-9a6b-a14e3b01237b,0.7432,CRITICAL,Treatment
abae3769-e430-4b9f-922f-7a3e40986de6,0.7432,CRITICAL,Treatment
8e33edab-f7b3-469b-b5b4-ea787fcf91da,0.7379,CRITICAL,Treatment
33c27e3f-6fab-4209-850c-93e4e452b6c5,0.7432,CRITICAL,Treatment
74c6c39f-5ac9-4258-8ed6-4db4fbaec986,0.7432,CRITICAL,Treatment
ab1dad9e-b2a4-41b4-ac7b-6e127fccd256,0.7432,CRITICAL,Treatment
18b5da75-09e8-425f-97d8-a63f440c4f5f,0.7432,CRITICAL,Treatment
a19d7ce1-b91d-47d3-a7e9-b996aa150ca9,0.7432,CRITICAL,Treatment
1548aff0-cb57-46b4-b5e0-c966d4425c23,0.7379,CRITICAL,Treatment
dbe68f86-e3bc-4e07-a097-c31f079a64e2,0.7432,CRITICAL,Treatment
aa68f793-3c22-4962-b8dd-61993b69c615,0.7379,CRITICAL,Treatment
15929cc2-7201-4e60-93ab-9c971a036b51,0.7379,CRITICAL,Treatment
068cc666-c692-47af-8bb7-2bf918b0661a,0.7379,CRITICAL,Treatment
9f2dfc2a-ccd3-41f1-9294-222761f0fe55,0.7432,CRITICAL,Treatment
b98fc745-4f53-4208-bc57-9cd1c8f8aec8,0.7432,CRITICAL,Treatment
0398ca44-e01d-4514-b93c-17f23a3efd30,0.7432,CRITICAL,Treatment
4241cf31-98ce-4abc-8ced-22804a97458a,0.7379,CRITICAL,Treatment
d61c2787-01b1-4216-8540-be21a02d66ad,0.7379,CRITICAL,Treatment
13d9c4f7-3370-4679-88de-4b21cdd0d3e0,0.7271,CRITICAL,Treatment
2f39e651-04be-4695-9f9c-66991399873f,0.7379,CRITICAL,Treatment
8209c2a2-a229-4ccc-b8d0-194b72ccfada,0.7432,CRITICAL,Treatment
6a9996e1-3f73-47d3-ad07-c66e771c18ba,0.7379,CRITICAL,Treatment
eaa79945-1cbe-4d69-8e6d-1e82b10ed900,0.7379,CRITICAL,Treatment
82230d66-5793-48b3-ab03-84ccf95608b0,0.7432,CRITICAL,Treatment
0412cfcf-7195-4d42-a370-60c3718615b0,0.7379,CRITICAL,Treatment
305eeff8-f06d-4b72-9fd8-9b22827db644,0.7388,CRITICAL,Treatment
7208aeb8-91b3-4a45-9221-7b7f9503f8d6,0.7432,CRITICAL,Treatment
fc41e976-068b-4c23-9ca3-e68fc2c2f8e5,0.7379,CRITICAL,Treatment
89c346b8-f98a-4ec4-8768-d51f5fc8bf09,0.7432,CRITICAL,Treatment
4a953825-e8c6-431d-9757-cc927101bad6,0.7379,CRITICAL,Treatment
1e532f04-d08f-4bba-ac82-4499fc7993ff,0.7371,CRITICAL,Treatment
5acbc283-96af-4d29-8f6f-24f9243cb057,0.7326,CRITICAL,Treatment
4b8599db-1708-4b99-b717-7dea706a4674,0.7432,CRITICAL,Treatment
b7ecfbd8-986f-44b9-8e06-257dc524f24e,0.7379,CRITICAL,Treatment
8854d41b-6c81-417c-9cca-bd6f07085864,0.7432,CRITICAL,Treatment
99a9918f-bf9e-47de-9c0f-3f109f64ccac,0.7432,CRITICAL,Treatment
eb2eec49-d696-470f-95ef-abef05078d12,0.7379,CRITICAL,Treatment
289874a6-7a03-4be1-a94e-0e8fadd66127,0.7379,CRITICAL,Treatment
58ac8e3c-b7f2-4017-a13c-ec4e715a1522,0.7379,CRITICAL,Treatment
d9c3406b-4171-4b35-94ea-c81828560c4a,0.7432,CRITICAL,Treatment
741392c8-c24d-4ddb-9632-23a1ec7d4d4c,0.7379,CRITICAL,Treatment
3eb03227-84b6-4bb6-afaf-b62e467b2a46,0.7379,CRITICAL,Treatment
5eb42de6-baa2-4f09-925b-81de3508a461,0.7432,CRITICAL,Treatment
37c537d7-bb36-40a1-85e7-fc3cf6f0c6e1,0.7379,CRITICAL,Treatment
36a984b1-fcbf-4ea7-b527-da48bcdc8e3c,0.7379,CRITICAL,Treatment
f23f0a4c-c0e2-4f85-a49b-8df04d6abaef,0.7379,CRITICAL,Treatment
de7450c7-dd41-4a55-9d48-db7fe9ff37f3,0.7432,CRITICAL,Treatment
58dfde03-8d3e-4cbd-a619-d46775e85f41,0.7432,CRITICAL,Treatment
9d02d4cf-04ce-4155-b4d6-617db168d76c,0.7432,CRITICAL,Treatment
d16a194e-9b20-4bef-8a84-8c90f8afca31,0.7432,CRITICAL,Treatment
2930e419-b1b7-425d-916d-b9fa6e0055ac,0.7379,CRITICAL,Treatment
d9a954fd-ac61-4f90-a318-00027a3f9406,0.7432,CRITICAL,Treatment
add75b21-3183-4e2a-bb0f-031d6cf374c5,0.7379,CRITICAL,Treatment
188e2a53-b9d0-4098-9acc-d2764cfd732c,0.7379,CRITICAL,Treatment
7e797ee9-edb1-443e-b227-10e22cee6f19,0.7379,CRITICAL,Treatment
3c2f62bb-6981-4e1b-8bc5-5a178b45cc3d,0.7379,CRITICAL,Treatment
a79bf7c0-7c86-4b15-836b-f5ba08c25989,0.7379,CRITICAL,Treatment
e6b029db-d949-453d-9ff3-f818ffa7aa9c,0.7432,CRITICAL,Treatment
ef77c664-e501-429d-8ada-42c9854e8ce2,0.7432,CRITICAL,Treatment
389133f6-b2da-4fa7-960a-63bd18a12a77,0.7379,CRITICAL,Treatment
4b2ced80-648f-42ee-b556-3a85a2f73ce9,0.7379,CRITICAL,Treatment
570e5bdd-7b77-48f6-9a29-134690ab648f,0.7379,CRITICAL,Treatment
fa5ad555-af20-4690-acb4-ef09f3839f5e,0.7379,CRITICAL,Treatment
feb1f264-6a08-45d9-819d-db54850b9241,0.7432,CRITICAL,Treatment
7c5bb83b-f73e-42da-92b7-b70049e62e8a,0.7432,CRITICAL,Treatment
9b949d6e-6867-493b-9285-76f091b96e54,0.7432,CRITICAL,Treatment
fc4a18fb-4d9d-495e-8b32-d68d48f461df,0.7379,CRITICAL,Treatment
6eb962bb-df37-46e9-b341-02d699214065,0.7432,CRITICAL,Treatment
79c84169-118b-482a-ba8c-37f5c69eec8b,0.7432,CRITICAL,Treatment
63a47534-89f1-48d3-b6fd-363ad76fe628,0.7379,CRITICAL,Treatment
789057e9-04f7-4b49-b1dc-4cd8d4c60561,0.7379,CRITICAL,Treatment
9a806f8b-954e-433c-b5c9-ac0e72fa5e99,0.7379,CRITICAL,Treatment
84759ee5-f0bb-4fe6-aede-9a7dcb49465c,0.7432,CRITICAL,Treatment
ebfc8b2c-68c7-4394-9b14-ce42d67abe63,0.7035,CRITICAL,Treatment
2944aef0-e013-4add-8c8a-11f0612aaa60,0.7371,CRITICAL,Treatment
a5dcaa6c-d303-4976-9382-f0f38e23b2aa,0.7432,CRITICAL,Treatment
0c77edaf-4202-4eab-9baa-232df1840eb2,0.7432,CRITICAL,Treatment
1e82d098-f2c4-49b4-ab80-3027d801f909,0.7432,CRITICAL,Treatment
3213ba20-187a-478f-a53c-e7efc7ed1641,0.7432,CRITICAL,Treatment
5a56163e-fd3c-4396-8aac-2ffe64c787b3,0.7379,CRITICAL,Treatment
81b0aeee-750c-44ea-8eb1-629a3f7b4184,0.7432,CRITICAL,Treatment
39306c86-aebf-4142-a98b-dc578b6a9a23,0.7432,CRITICAL,Treatment
a33fa684-cdc7-4eef-b3a2-9ab94b8bca16,0.7432,CRITICAL,Treatment
f41ab6e6-c5d6-4f98-bcc2-2fc2cf472b7e,0.7379,CRITICAL,Treatment
9fabb198-b85b-4243-b446-84502485519e,0.7432,CRITICAL,Treatment
74d5d98e-2600-417b-a08e-2f9d82ae05d6,0.7379,CRITICAL,Treatment
2ef58721-31af-46ac-a8e3-4fbabbc0004c,0.7379,CRITICAL,Treatment
4ada7224-57a5-4376-a3f4-4a0b37580107,0.7432,CRITICAL,Treatment
7cbd7167-473a-4273-be6c-40f04c344710,0.7432,CRITICAL,Treatment
c8f85385-adfb-4704-b37d-4901fda82fbf,0.7432,CRITICAL,Treatment
5b268ea9-ea1f-4d2d-99f7-1f7bdb5b01d3,0.7161,CRITICAL,Treatment
47f40a19-a111-489a-9f9c-1d7d108f50db,0.7432,CRITICAL,Treatment
57fd4994-c5e7-4ddd-940e-19cbc98d7ccc,0.7432,CRITICAL,Treatment
e2b31052-9d80-4170-81d9-724a21fe2c28,0.7379,CRITICAL,Treatment
7655a634-43c4-47dc-a692-70b3d53441c8,0.7161,CRITICAL,Treatment
153a8938-b8af-415d-8cdc-b0cfdea75a35,0.7432,CRITICAL,Treatment
0abf5347-649f-4c99-843c-568060824836,0.7379,CRITICAL,Treatment
724348a5-10e2-4a8c-82bf-a71dc907687d,0.7379,CRITICAL,Treatment
56f9e910-2ae4-4308-a004-3a51cb43eb1f,0.7379,CRITICAL,Treatment
bd2eeb3e-bd7d-44f8-be24-7180ca3602ac,0.7432,CRITICAL,Treatment
dfa2db86-81db-4665-b30d-835382f3562e,0.7379,CRITICAL,Treatment
34ecabdb-d8ca-4a90-8cac-e2d999e4b683,0.7432,CRITICAL,Treatment
cfc560e3-f87e-4580-bb5a-4bbcb03ada91,0.7379,CRITICAL,Treatment
b355a3d3-87f0-463e-83d8-5f9400bf1a33,0.7379,CRITICAL,Treatment
3e8be84e-20a4-4297-a5ef-0e130fb5eac0,0.7379,CRITICAL,Treatment
d877f27f-be73-42ee-9f6f-d5f53ff9dab4,0.7432,CRITICAL,Treatment
41efd579-65c8-4c83-b0ac-a2cbd3f2c561,0.7371,CRITICAL,Treatment
c170c9b9-f768-4080-a465-97e918ac69e2,0.7379,CRITICAL,Treatment
31ff3f66-319d-4baf-a4b8-7fe652dd6f0e,0.7432,CRITICAL,Treatment
091f55b4-190d-476d-864a-226e7528a8a2,0.7379,CRITICAL,Treatment
4454a9ba-923e-4125-9b41-e5c71ab9d2d9,0.7379,CRITICAL,Treatment
042e2d0e-1134-4bd5-9f29-cdd577cc660d,0.7432,CRITICAL,Treatment
c97b37d5-836e-48fc-abc6-b94333994d5e,0.7432,CRITICAL,Treatment
51342875-4a92-4b4c-9938-a0f858510c87,0.7432,CRITICAL,Treatment
c132f72a-0178-4d8a-9725-a446a18a015b,0.7379,CRITICAL,Treatment
23a18e13-fdbe-497d-bb7a-b9386c1d9116,0.7432,CRITICAL,Treatment
e8fff1ad-3a16-4ee0-b790-715e41c37522,0.7379,CRITICAL,Treatment
e2e1f0a8-ec9b-4489-8877-cc0165412adf,0.7379,CRITICAL,Treatment
3b12df5f-1a3e-43b3-a8ac-a864f7b1b22b,0.7432,CRITICAL,Treatment
b7241aa7-8d40-456e-bf9b-09cbf5d582dc,0.7432,CRITICAL,Treatment
18362b8f-395e-4c7a-9d04-f26a7d81d5ee,0.7432,CRITICAL,Treatment
e05d2eaa-a5bc-4c2a-87c0-55eb7e2d5e86,0.7432,CRITICAL,Treatment
e63b42e3-8daf-4dab-8503-cf76396a08e7,0.7432,CRITICAL,Treatment
10ea5cf0-6029-4d52-aa15-a80d495bef4e,0.7432,CRITICAL,Treatment
1b365d2b-02b3-4ec1-8681-0acb7ebe31ea,0.7432,CRITICAL,Treatment
f3a4fceb-f75d-4614-99b5-c0bb70bf710b,0.7432,CRITICAL,Treatment
ec2e2745-34a6-4615-af1c-392ff761ad5f,0.7379,CRITICAL,Treatment
0f0b8d7f-d26e-4661-b120-e46f1c1f483f,0.7379,CRITICAL,Treatment
8ed18990-85b0-445c-b0a5-0ca669391806,0.7379,CRITICAL,Treatment
aa693698-b606-4bbe-b4ce-70c3b6d6fc53,0.7432,CRITICAL,Treatment
f3f12edf-0ae8-4301-b8c3-92089073bd10,0.7432,CRITICAL,Treatment
835cedb0-d98c-46d6-ac2c-80861eb498f4,0.7379,CRITICAL,Treatment
91ca232d-bb16-4f63-a08e-80da1f4f886a,0.7379,CRITICAL,Treatment
bdf4e68c-42c7-4e66-ba8e-021ee825a878,0.7379,CRITICAL,Treatment
e600011f-027a-4963-8516-b4ecdb7fa524,0.7379,CRITICAL,Treatment
de0c4ae5-2507-47b0-b161-cc59c9c3d9bb,0.7379,CRITICAL,Treatment
21a2c9e2-09b1-4f20-8b28-59295855a6eb,0.7432,CRITICAL,Treatment
2196940a-8712-4426-b965-5ff7f5b8b27b,0.7432,CRITICAL,Treatment
beda2b32-3d8c-4a12-826a-86853183d52e,0.7432,CRITICAL,Treatment
4190ff1b-aff8-4784-b839-68062adbd410,0.7379,CRITICAL,Treatment
59fa0634-664e-4d6d-bf6c-98b6058ded23,0.7379,CRITICAL,Treatment
dd45c499-5a7f-4450-abff-e10b2bd489d2,0.7432,CRITICAL,Treatment
10e78dd2-3a18-4dbc-b741-657d2f0e2857,0.7379,CRITICAL,Treatment
251431d1-b467-4d92-b9b3-cc44a48f0c2e,0.7379,CRITICAL,Treatment
923cd1c8-a6bd-461d-aee9-2143c6801f4f,0.7379,CRITICAL,Treatment
0abca09e-374c-47af-9b81-c45cef74d2f4,0.7432,CRITICAL,Treatment
14f47c37-2755-42b9-99fe-ea804c4fec69,0.7183,CRITICAL,Treatment
7b5d6d3a-c886-41f0-966f-65936919bcec,0.7432,CRITICAL,Treatment
3e08f743-02aa-4a09-9dcf-04bba2cf85aa,0.7432,CRITICAL,Treatment
9c6dfd19-8831-4141-bf95-dff85559fe7a,0.7362,CRITICAL,Treatment
e618bb7e-aa1c-4066-b4f2-5cf753719896,0.7432,CRITICAL,Treatment
a1f2ed5e-d6ce-44ed-a366-1d367da8a307,0.7432,CRITICAL,Treatment
e04db571-4f88-4953-9e0a-89242adf392d,0.7379,CRITICAL,Treatment
5fac7563-89c6-4e49-9a5d-c97d48a2aeb8,0.7432,CRITICAL,Treatment
eeb14a29-3212-4ef7-9468-fcfd96355027,0.7432,CRITICAL,Treatment
de78814d-d63f-41c4-8bd7-71aec838f932,0.7379,CRITICAL,Treatment
ae9545e3-1d6d-467d-8053-d9ff210fd62a,0.7432,CRITICAL,Treatment
5c4e3c0e-623a-4835-a2b2-af970fd76d7a,0.7379,CRITICAL,Treatment
e19eec7a-9894-4351-a8d9-780f8519459b,0.7379,CRITICAL,Treatment
a3a251fc-c1f1-4fe9-b267-fc9e435bbd0e,0.7432,CRITICAL,Treatment
9827e72e-0b97-46b6-8190-d37760425f6e,0.7432,CRITICAL,Treatment
fccb7b57-a0ac-4f4a-9ffc-b291c5048e96,0.7432,CRITICAL,Treatment
a815e608-557b-466b-9400-5ce67fce4082,0.7379,CRITICAL,Treatment
a5bfbbb3-ac26-4c4d-be57-4004f5df37bb,0.7432,CRITICAL,Treatment
1043dbe4-053b-4209-9460-4af7aa17d73a,0.7371,CRITICAL,Treatment
163c8f87-07a3-4fd6-b66a-e9d7cd94c1d9,0.7362,CRITICAL,Treatment
177a9bef-0b93-4b59-8df0-85c3b0dfd4bb,0.7371,CRITICAL,Treatment
d9702207-c440-4d6c-9e68-cad53a2c673c,0.7379,CRITICAL,Treatment
8869462a-0daf-4465-82de-565c01b9baea,0.7371,CRITICAL,Treatment
58127c46-9603-4764-b985-ef8d57a79558,0.7379,CRITICAL,Treatment
18858fd6-25b8-48ca-917b-ef25eab00737,0.7432,CRITICAL,Treatment
ea5898d6-f3ae-47ba-bffa-7e576400c6cb,0.7379,CRITICAL,Treatment
b9027716-ea8c-436e-8caf-852c351fd2ea,0.7161,CRITICAL,Treatment
a37b0cc8-8cb5-48e4-8636-d8801107b10f,0.7379,CRITICAL,Treatment
2007ff21-d5b4-4029-8b26-23e4cf8e308b,0.7432,CRITICAL,Treatment
8d9e2087-bb4b-43e5-9f90-d4955a8d06c1,0.7379,CRITICAL,Treatment
f35d9005-3c59-45de-9984-8357a838a8c1,0.7379,CRITICAL,Treatment
4e21cb63-61bb-454e-842a-88752f3f9c53,0.7379,CRITICAL,Treatment
613645ca-d221-450d-96f0-25f824cc3405,0.7379,CRITICAL,Treatment
efbfe880-0fa2-41a4-a9f8-a5feae3e1228,0.7379,CRITICAL,Treatment
4cace211-1703-44f5-82a1-9eb7b07c8df4,0.7432,CRITICAL,Treatment
4d595255-a69a-4a51-aa39-4534de67ed2c,0.7432,CRITICAL,Treatment
a502f1fb-b96c-458a-823e-c1c01d86f04b,0.7432,CRITICAL,Treatment
19a3e9f7-970b-48aa-97d3-be5a451b3c81,0.7432,CRITICAL,Treatment
50733d7c-3081-45bd-a5ea-81cc51b8e3b3,0.7379,CRITICAL,Treatment
1571c69a-aab2-4a43-974a-afa9816f9d25,0.7379,CRITICAL,Treatment
f9eb3093-ffc8-41c7-83be-94ca052f399b,0.7379,CRITICAL,Treatment
9a4a9946-2b97-4858-a5d8-46500ff71d13,0.7432,CRITICAL,Treatment
30c6f9d0-a122-4a9f-993f-d5a72d936d55,0.7161,CRITICAL,Treatment
7418b6f8-4dfd-4e5a-93df-4327b7857f82,0.7379,CRITICAL,Treatment
a95263ea-8254-46e3-866e-09e34927889c,0.7432,CRITICAL,Treatment
cd003588-d89e-4454-8347-e6d885718bb5,0.7379,CRITICAL,Treatment
501b03bc-b303-4ff9-830f-d0645bcdeb84,0.7432,CRITICAL,Treatment
b6d51bfe-1897-46bc-a2d6-23bbddb63384,0.7379,CRITICAL,Treatment
f01f1ade-bf7a-41cc-9975-31c7ddfd33a7,0.7379,CRITICAL,Treatment
58dc6094-0f58-4cd0-8b05-d9e247131874,0.7432,CRITICAL,Treatment
c63102e1-f9eb-496c-bdec-9bd47694bbdd,0.7432,CRITICAL,Treatment
90e20b99-8595-4e1c-95a3-29e344d507af,0.7432,CRITICAL,Treatment
d4bf8380-c515-4b2d-93db-a4e3bc6fc188,0.7432,CRITICAL,Treatment
1727fb90-ad7d-4fff-8572-ab65061e6043,0.7379,CRITICAL,Treatment
1b0e4a5d-f0da-40fb-9191-311f1ea52712,0.7371,CRITICAL,Treatment
ea96a6dd-24e3-4780-b532-d6c8fb2c5955,0.7379,CRITICAL,Treatment
22e97171-2c51-46ea-8c38-224620ec5135,0.7432,CRITICAL,Treatment
b3f33dbe-1932-4835-a234-35af3e58b7f7,0.7379,CRITICAL,Treatment
df62a10a-d403-4afe-b25b-92eb1651f64b,0.7432,CRITICAL,Treatment
446ff666-4e99-4b30-b43d-32ab6c7ad5c2,0.7379,CRITICAL,Treatment
29bfd90c-63fa-4969-8b86-ef070f754d2c,0.7432,CRITICAL,Treatment
91836c65-a5d0-40c8-96a7-e3fa30a1096e,0.7432,CRITICAL,Treatment
1238d864-c7a0-4e36-a36b-a24d697723a9,0.7432,CRITICAL,Treatment
6f658147-56e0-470a-b6a0-c3c90d3467cb,0.7379,CRITICAL,Treatment
019440da-0349-475b-8cce-c5c7aa4a29ca,0.7432,CRITICAL,Treatment
6514f002-06ae-457b-a9c3-bb9002b34080,0.7432,CRITICAL,Treatment
393bd3f4-9b9b-4016-8efe-cefa4c06c6dc,0.7379,CRITICAL,Treatment
29fcf8b8-fb7d-48f4-808d-6ff24169723d,0.7432,CRITICAL,Treatment
0f9e2196-976c-449f-a94a-ba7466b14100,0.7343,CRITICAL,Treatment
3ec371db-e87e-48e2-9614-9a124a052380,0.7379,CRITICAL,Treatment
cdeac481-3205-49a3-8929-3f70d60b031a,0.7432,CRITICAL,Treatment
0a7ea8b2-1e7f-4a8c-a012-25a95b5eff10,0.7432,CRITICAL,Treatment
82742269-f08f-4798-af5d-229b27490625,0.7432,CRITICAL,Treatment
30b97f90-7d85-4bbd-b2a4-5958782b05a7,0.7432,CRITICAL,Treatment
d83c6258-dff0-4e8e-aec0-cba912b24c0a,0.7432,CRITICAL,Treatment
3dfe8073-8239-4da5-8d2b-92b89e4e4e87,0.7432,CRITICAL,Treatment
151e9d70-10a5-46e0-a39c-b9d37c9a11df,0.7432,CRITICAL,Treatment
05f1ba0f-883d-4297-959c-63f2578f8285,0.7432,CRITICAL,Treatment
6c1bd2c6-d601-4bf3-97c0-58f0f1269236,0.7379,CRITICAL,Treatment
6fa3d54e-5fe2-45dc-958b-303ee2856356,0.7432,CRITICAL,Treatment
bee30aea-041e-446f-ac57-b8262b24153e,0.7379,CRITICAL,Treatment
ebbe424e-990b-448e-bd85-13119aa5bf38,0.7379,CRITICAL,Treatment
