profile_id,churn_probability,risk_level,ab_test_group
f1190df5-c56d-4f25-8c92-858ccd5cbc65,0.7379,CRITICAL,Control
9c98a069-0ec3-4e36-a6a9-d27e75f6c1d1,0.7432,CRITICAL,Control
6e18e16a-a659-4352-af5c-3b9cfa7cc9e3,0.7379,CRITICAL,Control
d6dc9796-00b9-4ca4-a67d-64f890b9095f,0.7432,CRITICAL,Control
fc9c8e79-bfea-4043-a30c-cdc5c2fc8db8,0.7432,CRITICAL,Control
62a1ad6f-210a-46e6-9fa0-50f47b282c98,0.7432,CRITICAL,Control
b6ef4d1c-159c-43ea-b959-559152564772,0.7379,CRITICAL,Control
d7e185ca-ae94-4e8a-8366-d09ee0f06cf4,0.7379,CRITICAL,Control
2eba224d-f3a2-4293-a91a-58b43a0cfbf4,0.7432,CRITICAL,Control
6a461813-bec8-4f8f-bfcb-87c662dfcec1,0.7379,CRITICAL,Control
6dbade43-7d12-4d18-b22f-ddf8447fc4f1,0.7371,CRITICAL,Control
7b49ef3c-f1ff-465a-82b8-9ba40faead1c,0.7432,CRITICAL,Control
82b89803-117d-45a9-8e5a-d2ec21ccd7cc,0.7353,CRITICAL,Control
7f5c4e05-87cd-4bd7-833f-22a0bc7721a0,0.7432,CRITICAL,Control
a165f123-07cd-46c0-9dc2-17e8b5a6b2ab,0.7379,CRITICAL,Control
14091426-4cd9-470c-8d62-6e30cd961745,0.7432,CRITICAL,Control
1feedafc-15d5-48a8-8eb7-49298153c5ac,0.7379,CRITICAL,Control
24974536-1362-4836-91e8-69375a8cbacf,0.7379,CRITICAL,Control
4e0abb0d-5322-442c-909b-f32241d9eda9,0.7432,CRITICAL,Control
937ff5a9-c99b-42bb-8d53-2bfa950710e5,0.7379,CRITICAL,Control
6423ad31-cd00-4f15-b522-263bbdab881a,0.7432,CRITICAL,Control
e65fd86e-4a7a-4fd8-963f-bd4483879b10,0.7432,CRITICAL,Control
18393cb5-d22d-454f-aa7d-93f79e23d6f1,0.7432,CRITICAL,Control
d00a7b76-ea87-4000-a167-2680abe123f3,0.7432,CRITICAL,Control
7f6251dd-8d5f-41d2-a309-ece24e3f78e0,0.7432,CRITICAL,Control
d214fd96-8253-4161-9f33-187c6cba8456,0.7379,CRITICAL,Control
6e831380-56a6-439d-8667-567fb1b22ba8,0.7432,CRITICAL,Control
6540e92b-8f23-4034-9cf8-11610741e353,0.7379,CRITICAL,Control
93e80dbb-b5cf-4aaa-8ff4-46692a335609,0.7379,CRITICAL,Control
3333ed91-541a-4598-9e21-8a34de652a81,0.7371,CRITICAL,Control
389f50d3-f8b2-49b3-b0ec-49b5482f3491,0.7432,CRITICAL,Control
8ad9b0e6-d35a-4e0f-bc35-b055c74bb4c1,0.7432,CRITICAL,Control
d48ee409-3e3e-400c-a71a-7246b1d7762c,0.7432,CRITICAL,Control
7e19d3e1-bdab-403a-a8c0-38386a666171,0.7379,CRITICAL,Control
b961af80-5470-4aee-ba53-4a6cfd6caca7,0.7432,CRITICAL,Control
ed3d1166-206e-47dd-94a5-90c3c188b3d4,0.7379,CRITICAL,Control
30c20036-a594-4839-97c3-3c824adfcfd4,0.7432,CRITICAL,Control
556aaf11-edbe-4837-ae87-f69a122d5947,0.7432,CRITICAL,Control
90a54abe-c8b3-4a16-bd16-e4c821240d00,0.7379,CRITICAL,Control
4f6d58e9-1102-4547-9f34-a5b1ad3da7a3,0.7432,CRITICAL,Control
30ec0807-dd64-4d4c-b894-1b47c903eb90,0.7432,CRITICAL,Control
2d2acf5d-8300-49fa-930e-557f636555cb,0.7432,CRITICAL,Control
ec971646-cfb9-4621-a327-b82653e09221,0.7432,CRITICAL,Control
73b2902f-3086-46d3-9c9d-b12abb3a1f2e,0.7379,CRITICAL,Control
16b2461e-a823-4c06-87ad-9fca4df3403f,0.7379,CRITICAL,Control
b7243f15-0ce2-4243-8414-f73abc9485a0,0.7379,CRITICAL,Control
8b3fbb8c-1a23-4e36-8a75-840436865047,0.7379,CRITICAL,Control
53f6f452-e4e2-4d41-bd02-6b5effcfd0dd,0.7432,CRITICAL,Control
8736ce8f-4c0c-4c27-910f-ed2cccc9f792,0.7432,CRITICAL,Control
3f3bf418-c7f1-4106-a3cc-8aede0ae18a3,0.7432,CRITICAL,Control
ec39508c-83aa-4e2b-bd96-50551f008a1e,0.7379,CRITICAL,Control
448a2ef2-718f-485d-b7a5-a559b8efc68d,0.7379,CRITICAL,Control
9c9d1b3d-8861-4b0f-9cf6-e37567d7c103,0.7432,CRITICAL,Control
cd74f9b7-bced-40bd-ac1a-0e34d894a5c3,0.7432,CRITICAL,Control
c2fcfd12-5bad-4083-b7ac-7b362da6b3ed,0.7432,CRITICAL,Control
61fbe9b3-0a1f-4894-afe3-e7fadb1daa96,0.7371,CRITICAL,Control
c16d7ad3-8efd-41f7-85ad-3406e125cf9b,0.7432,CRITICAL,Control
eee26035-8bcf-4689-975e-cad9c0ec26da,0.7379,CRITICAL,Control
cccab911-f001-436b-bd81-b402bab5fcea,0.7432,CRITICAL,Control
3e93b400-f593-4ce8-a7d3-ac826165d0c6,0.7379,CRITICAL,Control
9342387c-b533-4bf8-8f4c-a249db73fe42,0.7379,CRITICAL,Control
04102415-cf0f-4809-8e99-91eff99a01a7,0.7379,CRITICAL,Control
e70742b6-99be-4cad-814e-00a60bf7e03d,0.7379,CRITICAL,Control
590b85c4-ba87-48f8-bdcd-62b1d7ee74be,0.7432,CRITICAL,Control
88ccc654-3d67-46f5-ab9c-c903a409295e,0.7432,CRITICAL,Control
d608495c-9d48-41da-9449-974a37d4865c,0.7379,CRITICAL,Control
5f34b6c4-297f-47ca-afd5-962d2c1524af,0.7432,CRITICAL,Control
9c408686-3e8e-4724-ac4d-674b704a68bf,0.7379,CRITICAL,Control
a6497f8c-820a-4a70-95eb-fc0d28315ac6,0.7432,CRITICAL,Control
c30a07f3-b9cb-4cbc-993b-c96fadd2f2d8,0.7379,CRITICAL,Control
bea2fb3e-726c-4a36-9b03-b362f81b3932,0.7379,CRITICAL,Control
f0b0af30-ffcb-4bd4-92b0-017b2a41b2bc,0.7432,CRITICAL,Control
a5b0e510-5ab5-41b8-ad9c-ade043115f43,0.7379,CRITICAL,Control
a3b30ea3-aa54-48e4-9d7c-34613037ea97,0.7432,CRITICAL,Control
68405cfc-6c6a-4d93-8c31-d391e42c745e,0.7432,CRITICAL,Control
08ac103b-e087-4722-b411-82951c580958,0.7432,CRITICAL,Control
711135d3-337b-4b86-a7d4-d5bf71f24340,0.7432,CRITICAL,Control
dbe4d56f-6866-45d4-893e-80fec93377f6,0.7432,CRITICAL,Control
edef2c1e-a64b-4150-8492-880afcaac1d5,0.7379,CRITICAL,Control
30488824-cbc2-4d1e-8872-8ac7a8564adb,0.7379,CRITICAL,Control
4bfc0b49-a291-41a3-8af1-2f5d5aad8b11,0.7432,CRITICAL,Control
4e98ad8c-f9c4-4368-b7fc-981335ba04c4,0.7379,CRITICAL,Control
771b5a86-41b4-4daa-ad74-5b390b61e496,0.7379,CRITICAL,Control
5bc5adba-467b-4653-bfa4-c4d330cfc1e5,0.7379,CRITICAL,Control
f60f468b-2a22-4782-b779-7fc44adf8f93,0.7379,CRITICAL,Control
a92c2876-45ca-4daf-b98f-987112bec36b,0.7379,CRITICAL,Control
4c3d54b3-e4b3-43e9-9697-42dfd065ef3c,0.7432,CRITICAL,Control
247878fc-1522-4371-8d21-e5f4596d09b4,0.7432,CRITICAL,Control
ab432343-2334-4ed8-98b5-26c7cdd6cbc0,0.7432,CRITICAL,Control
589bf678-007a-48c3-b883-9df4153a9e79,0.7432,CRITICAL,Control
8eaebecd-d332-4169-a68a-4e348b8c93c5,0.7432,CRITICAL,Control
3af142de-2553-4e63-975d-2fb40dd734a5,0.7379,CRITICAL,Control
e3e14636-6cab-41bf-a6bf-923a20331e95,0.7379,CRITICAL,Control
c4b4dcef-44c5-48bc-a09b-65e04b3388f0,0.7432,CRITICAL,Control
af0ff9ea-38f6-4e61-9d7b-c034a3f76919,0.7432,CRITICAL,Control
7d8ddbe0-8a10-4cc3-b79e-e6e80ae1de51,0.7432,CRITICAL,Control
5cb113cf-929b-4251-8d7c-db1b89657529,0.7432,CRITICAL,Control
1483a2a1-7814-4b7d-aca8-27c6e8c73624,0.7432,CRITICAL,Control
13276d3a-508c-450b-a83d-fcc19050dc3c,0.7432,CRITICAL,Control
169dd1de-bd82-4f2e-ac26-51663526b343,0.7379,CRITICAL,Control
04d76c4e-a44b-41d7-aa3b-ad65663128dd,0.7371,CRITICAL,Control
8a5affd9-238b-4bde-9ad0-0a53462869f9,0.7371,CRITICAL,Control
e4aa742c-f20f-40f6-9ed0-2cf66eae456a,0.7432,CRITICAL,Control
e5b8bdd4-a39e-4f92-8bfc-696fbfac2d76,0.7432,CRITICAL,Control
90b7395b-7d64-4539-8a9c-a889015af2e1,0.7379,CRITICAL,Control
d2bcf60a-40a5-4723-abc8-70fff162e2d5,0.7432,CRITICAL,Control
073f1a33-d36e-4e6f-a28f-8d1bf6c7caf2,0.7379,CRITICAL,Control
104fdbe1-b69b-4e52-a259-23098ad95693,0.7432,CRITICAL,Control
ea1fcd98-529b-43cc-b0d5-31a9725b3e7f,0.7379,CRITICAL,Control
9b92c1bc-adca-44dc-96a7-2d9a96b5b7f4,0.7379,CRITICAL,Control
5c7e0048-c24c-44f9-bc54-11c9b041552f,0.7371,CRITICAL,Control
73924ff2-4122-44cc-a432-e5ba81414b6b,0.7379,CRITICAL,Control
3b2e3dfc-d91d-4533-b8c4-421855cbc5d3,0.7379,CRITICAL,Control
fb6402db-c7f5-418e-a356-60607ecc52ca,0.7432,CRITICAL,Control
85011da7-6ee9-40cf-bda0-dd5935f58e9b,0.7432,CRITICAL,Control
31ee5363-8c18-4c95-a484-94849142fabc,0.7432,CRITICAL,Control
34317782-1062-419c-845c-74daca2b956b,0.7432,CRITICAL,Control
14ab7ab9-bffa-490b-853a-82c15f2d039a,0.7432,CRITICAL,Control
673f858c-09ec-40a1-9fd5-08bb45fc9c60,0.7432,CRITICAL,Control
0eb4a538-a382-46f8-af88-40d031646791,0.7379,CRITICAL,Control
efe874fa-dd07-4a96-9a59-0e3299ea2815,0.7379,CRITICAL,Control
c6eeefdb-6e19-44bf-938c-c0a011acccaf,0.7432,CRITICAL,Control
2d8dff38-5d5b-4c83-a69b-3585dc68fbcb,0.7432,CRITICAL,Control
2c046511-cd76-40e0-972b-e15fe417d008,0.7432,CRITICAL,Control
be415aa9-782c-4838-a401-4111b06cbd01,0.7188,CRITICAL,Control
59d2c766-c826-4ad6-baf9-454efa4042e1,0.7432,CRITICAL,Control
e07f751b-f0e6-4f13-8031-9bb0e6351fac,0.7432,CRITICAL,Control
c9c8d4be-e739-44d1-84aa-7b54f0d0945e,0.7379,CRITICAL,Control
43ed418c-c8cc-4d54-a258-0da14bb80876,0.7432,CRITICAL,Control
c6dad963-14de-48b4-84f1-dacb5312060d,0.7379,CRITICAL,Control
7ee5cb42-97c1-42f0-9b30-9a8ac9ee46f3,0.7432,CRITICAL,Control
7ee50017-14ea-4700-a437-078d2bf822e2,0.7432,CRITICAL,Control
e2ae381f-2829-4c4b-beae-0f26405a3230,0.7379,CRITICAL,Control
dd59df1e-a4a4-49b5-8c0d-3a658f9bcc82,0.7379,CRITICAL,Control
1e4d111e-1383-473f-8c59-004d71c358d3,0.7432,CRITICAL,Control
2b20b0ab-ccec-422e-ab71-4f60bae294b2,0.7379,CRITICAL,Control
db2b2393-ed80-4d76-98d8-f221819aa427,0.7253,CRITICAL,Control
c04bcfc7-f834-4b03-bf71-59826168342c,0.7432,CRITICAL,Control
b785401d-d844-4e99-afd1-721b135941a2,0.7371,CRITICAL,Control
9fc94e11-4b3c-49f1-aff9-5cd660520a12,0.7432,CRITICAL,Control
1f5a2cc7-a5d2-41bc-923b-bbed10aae701,0.7432,CRITICAL,Control
bb2829ec-62eb-493d-af1c-381c6b764ad1,0.7379,CRITICAL,Control
1bb39e42-ae32-496c-b26d-8f5fd80271bd,0.7432,CRITICAL,Control
f7a8404e-efac-463d-af6d-fe2be7dfc95a,0.7379,CRITICAL,Control
7784608b-ee67-4bcc-b55f-d4d247ebfd75,0.7432,CRITICAL,Control
954072b2-36a5-4c11-9569-6c5305496c31,0.7432,CRITICAL,Control
0848a04b-5087-460b-8086-e3f9732e4251,0.7379,CRITICAL,Control
ffc08d86-6141-4c6f-b927-460adbd67a3b,0.7432,CRITICAL,Control
0d4840b5-3a29-4840-a9cc-a64195fd5435,0.7379,CRITICAL,Control
04b20f9a-b458-4607-9cee-6fc9e2afdd51,0.7379,CRITICAL,Control
b681c5fd-21d5-4e24-b772-bd35f88890c3,0.7432,CRITICAL,Control
74c9f585-367f-4f12-8892-229478c057da,0.7432,CRITICAL,Control
a01459fb-c8cd-4f62-b1d3-1180b3d753b8,0.7371,CRITICAL,Control
e5335602-70d6-4afb-992f-2cc459f1948a,0.7432,CRITICAL,Control
fb430925-306a-4dbe-a7d7-38b2e973e0d2,0.7379,CRITICAL,Control
9468eab8-bf6d-4b34-b6cc-83addca21864,0.7379,CRITICAL,Control
ce6a9f0e-2f0a-4036-93ff-31b722c22853,0.7379,CRITICAL,Control
29e11c50-4d87-4dce-b3fe-dab01af9c5c7,0.7432,CRITICAL,Control
9c52d128-898f-4e8a-bcff-25fe8fa5edb0,0.7432,CRITICAL,Control
b809bf9b-3108-498a-bba3-9de7be2269a9,0.7344,CRITICAL,Control
928cec3f-f433-4b70-9df4-ad3243a3c1da,0.7432,CRITICAL,Control
14221ba5-995e-4791-ac56-507b0f9fd44f,0.7379,CRITICAL,Control
6a7b3b51-ec12-4c0e-96f5-e7bb324d85db,0.7432,CRITICAL,Control
a7c36258-f2ea-47dd-ba5b-d94431f22507,0.7432,CRITICAL,Control
58da0d87-689c-4d60-b065-47ffc8e3fa4d,0.7432,CRITICAL,Control
14b04c73-89af-4b56-8935-bb28ea4df332,0.7432,CRITICAL,Control
ff07a774-1909-4c72-8d91-bf2afd53ae20,0.7379,CRITICAL,Control
ba447f3a-4a49-4249-9c11-9b1e3735ab94,0.7379,CRITICAL,Control
d4491394-071c-43c1-a12f-678b7967d17a,0.7379,CRITICAL,Control
6ab1a472-6f0d-45b1-84b4-facb80ea9a85,0.7432,CRITICAL,Control
ebee8679-8b0a-4e39-a693-802cd6e1f82a,0.7432,CRITICAL,Control
fd3e04d8-ec85-4026-8859-96357d9fc701,0.7379,CRITICAL,Control
460c6ac5-b7cb-4521-b2e9-30996083b808,0.7379,CRITICAL,Control
b0783b79-b5ad-4bbc-9c3d-5ab568b81de3,0.7432,CRITICAL,Control
c2cdd779-8ef8-46d8-a7f6-ed2fb81fc1a2,0.7379,CRITICAL,Control
d1697e6d-8cb7-40ed-88ea-537144ca50b0,0.7379,CRITICAL,Control
46bf969f-f429-4d7f-8f4e-654e8eac5c05,0.7432,CRITICAL,Control
852cad8d-cf24-4f80-9632-69f81b0cc8c7,0.7379,CRITICAL,Control
21f64bdb-5a36-4b31-97f9-ab296cf9722b,0.7432,CRITICAL,Control
d2f1ba62-0cb4-4b98-a31c-477c2d262911,0.7326,CRITICAL,Control
1f384028-4f5c-4398-9db3-e5354f12bde6,0.7326,CRITICAL,Control
fb24a1e5-ff3a-45a6-9e81-ba8bbf8a54cb,0.7432,CRITICAL,Control
e1253a2b-b8a3-4000-8ccc-f392da9f3f6f,0.7432,CRITICAL,Control
3e216fa9-8049-42e6-bca8-493a944b4546,0.7379,CRITICAL,Control
5e5b646b-9f02-4688-b6cf-d0e761541f14,0.7432,CRITICAL,Control
19e63639-6dc5-422c-98a7-0fdc6e2ff917,0.7432,CRITICAL,Control
58b92d29-a621-48e0-bf44-d7a6795ed573,0.7432,CRITICAL,Control
75691178-a93c-4c3d-a9cd-25a72533ebf5,0.7432,CRITICAL,Control
957ae8fb-e66c-4a04-9909-716a4f7cd235,0.7379,CRITICAL,Control
0574bda8-571c-4673-aec5-7a03ab13dbe7,0.7432,CRITICAL,Control
5a31eed3-a6cf-4eb5-befe-ca34adf86390,0.7432,CRITICAL,Control
e719128c-ee24-4b57-9764-ce6aab90e969,0.7289,CRITICAL,Control
2c6f5b18-f8e2-45d5-86e6-894499a08b7e,0.7379,CRITICAL,Control
20106d73-0f18-47f5-856f-0896deb5a97d,0.7335,CRITICAL,Control
a239fdc4-9770-4a0a-94ef-e664a47b6681,0.7432,CRITICAL,Control
285e40ad-9cc2-4116-9eae-4090515294a1,0.7371,CRITICAL,Control
993a31df-8d40-4051-9a5a-3bc2e5c15983,0.7432,CRITICAL,Control
60d14cbd-c157-4efe-af4a-440b1ee994a8,0.7379,CRITICAL,Control
98761442-8213-4c74-b3f6-2b7daa936fab,0.7432,CRITICAL,Control
3890f217-7d16-4650-bfe7-faea10bb7be5,0.7432,CRITICAL,Control
c74cb5be-d12a-488e-91d4-5a14d365437f,0.7432,CRITICAL,Control
738ec80b-b61f-441a-8602-1fdb749fe652,0.7379,CRITICAL,Control
76aa9954-8181-43dc-a7ac-08938f3e8c2b,0.7432,CRITICAL,Control
f450a71c-31fc-4a37-8c5e-57c6f48ac69b,0.7432,CRITICAL,Control
0965f3eb-1c6f-4217-9d2e-3af57fe771f5,0.7379,CRITICAL,Control
14aa058f-0d33-4019-8886-22b7fe224e7a,0.7432,CRITICAL,Control
e7e1f98f-58d9-4260-bd60-b4e88d055c46,0.7432,CRITICAL,Control
5309e67e-4b0e-40c2-b460-1924af610f21,0.7432,CRITICAL,Control
1c7041dd-964c-4c2d-a227-6a4c2e1c788e,0.7432,CRITICAL,Control
7e857f75-f641-46f6-a87d-319093b485a9,0.7379,CRITICAL,Control
ef52c48d-e824-4a23-bcc2-69053c28af0e,0.7379,CRITICAL,Control
1b95d842-8833-46d4-8a2f-fc6270d33642,0.7432,CRITICAL,Control
e3586cb0-35bf-46d0-95d8-456260b54304,0.7379,CRITICAL,Control
4eb28ee9-97af-4507-b1e5-446671770faf,0.7152,CRITICAL,Control
c6d6b33b-bd19-44b0-97ec-1f4825e715c3,0.7432,CRITICAL,Control
2b822386-21c5-4952-b3a9-30359e44b19c,0.7432,CRITICAL,Control
8238cfd3-fe83-48d9-9433-ed6f025bcd9f,0.7379,CRITICAL,Control
1c2a95cc-5747-47c7-85f0-263f841cf49f,0.7432,CRITICAL,Control
ebd2130e-03a5-4a87-923f-f014efc108f2,0.7432,CRITICAL,Control
d81b1841-7793-4bc4-9323-c1394aa4da53,0.7379,CRITICAL,Control
2dece303-3ae3-48a6-b2b5-e9f49fb03ecf,0.7432,CRITICAL,Control
19f5b822-2c86-44b2-bfd0-573d4111a4aa,0.7432,CRITICAL,Control
884b2475-3bc1-444c-8665-bc61a63e0a19,0.7432,CRITICAL,Control
f6a15fdd-b202-47b1-a204-c2c0515cc598,0.7432,CRITICAL,Control
4d4d5b6c-dd52-4794-a1d8-0e25718c1b3d,0.7379,CRITICAL,Control
bd661a7a-0dba-429b-9a8b-679c91838755,0.7379,CRITICAL,Control
b1c5b395-2240-4fed-9ede-3aadd9c75f46,0.7379,CRITICAL,Control
30269ee3-74d9-4318-b526-a1e99efac502,0.7432,CRITICAL,Control
40e91b51-52b1-4801-af37-779f29d27ef7,0.7432,CRITICAL,Control
224b41c6-0310-42b6-8a4f-7b3b1cfa9886,0.7379,CRITICAL,Control
71616027-3bb6-496f-bd6b-710285788161,0.7379,CRITICAL,Control
ebd68dad-4c33-4e66-88d5-20d1732c6a0a,0.7432,CRITICAL,Control
11a6c712-9f33-4aa0-b3cb-13579e8544c1,0.7379,CRITICAL,Control
fbe25139-eb7b-4e42-82c4-a0770c5f05af,0.7379,CRITICAL,Control
a8a5ffdb-3cea-49be-a73b-2cd9868707c0,0.7379,CRITICAL,Control
32690f05-d675-426b-b242-fe7ebbfb0cf1,0.7432,CRITICAL,Control
54348626-0c7f-4d15-8079-6a215d97e001,0.7432,CRITICAL,Control
19788022-5cde-4f7a-bbf5-2c6d893563ff,0.7379,CRITICAL,Control
414a311b-c1f2-44b3-9367-de2b2fe92d85,0.7432,CRITICAL,Control
d4412dbb-06ec-4efc-a041-a92ea404597c,0.7379,CRITICAL,Control
8116fe7e-748c-47ff-8b6e-bae1bf6f75ac,0.7379,CRITICAL,Control
e6ee2da5-b2b6-4c55-84d6-d06c659f41f0,0.7432,CRITICAL,Control
94df2e09-0f55-41d9-89fd-01c70ffcff6b,0.7379,CRITICAL,Control
4354e032-6c68-49bb-88be-7eab4890500c,0.7432,CRITICAL,Control
8b972294-8d39-4f1c-a17d-a1f46fe08dbc,0.7379,CRITICAL,Control
f4e24115-4298-4408-a0fa-485151a7f74c,0.7379,CRITICAL,Control
5cb35c7a-48e0-45bb-8b1c-2d517611e478,0.7379,CRITICAL,Control
e1b62a07-91d7-4dc2-83a5-75b606161322,0.7432,CRITICAL,Control
fabe99e1-4898-42a3-8c9e-fe0a848a1db1,0.7432,CRITICAL,Control
73349679-f298-43b8-a127-74b2410cf1a4,0.7432,CRITICAL,Control
5aa61187-26ac-4eab-be8b-70ee1112306a,0.7432,CRITICAL,Control
13a4b156-bc9c-4a4d-a1c6-cdb7fa359c4b,0.7379,CRITICAL,Control
5dd02eb6-2cf8-462c-9563-f6d617ad08e5,0.7432,CRITICAL,Control
4873954d-bdd3-4164-8a58-3e89ef879b82,0.7161,CRITICAL,Control
64012a16-aed8-4e8a-a908-414a7fa9a9d4,0.7379,CRITICAL,Control
4ad4a646-7f72-4544-93d4-99574e87be7e,0.7432,CRITICAL,Control
88b7ca5b-7109-4dff-99d8-670a121cd509,0.7379,CRITICAL,Control
87733d60-6e06-43f3-b215-df8eb6763191,0.7379,CRITICAL,Control
33b2d1f8-2a42-4c2a-a383-e541c44da892,0.7371,CRITICAL,Control
801a3e1d-9256-423c-ad76-83bc220c0905,0.7379,CRITICAL,Control
9ccb629c-04b2-46ea-a922-3b5ea7811d12,0.7379,CRITICAL,Control
34807a2f-c08b-42cf-b124-2516fe4eb6f8,0.7379,CRITICAL,Control
9b3893bb-b9ad-4195-b95d-04d4ed506b27,0.7432,CRITICAL,Control
de76a4fe-f3d6-4534-9aec-1d88cec977b7,0.7432,CRITICAL,Control
94997f56-fcd5-4ed3-962f-a076e8eb0b8b,0.7432,CRITICAL,Control
b9032da5-de81-405e-afed-49c3ccb23983,0.7379,CRITICAL,Control
e3d098a4-4dff-437d-b716-cca6ac13dcba,0.7379,CRITICAL,Control
28446eb9-88a9-44cd-b40f-2acac07b2c1a,0.7379,CRITICAL,Control
dd4de9be-e869-4a61-9f69-2f41263d7f61,0.7379,CRITICAL,Control
f035b9df-f816-4f41-9f1e-2679d73b32f6,0.7432,CRITICAL,Control
84d23e4d-ec68-4374-bd64-ec9708618567,0.7432,CRITICAL,Control
04580a22-7061-47a3-9314-20732fc90de9,0.7216,CRITICAL,Control
90daa25a-ddf8-47e1-9429-f8aae8d4f3bb,0.7432,CRITICAL,Control
7253276f-caea-4edc-a2a5-71da7bbad185,0.7379,CRITICAL,Control
df03b92a-d5b0-4c13-9de3-7b139372a053,0.7432,CRITICAL,Control
c018f3d1-15b5-4088-8c13-2d06f0df9f55,0.7379,CRITICAL,Control
c642c101-bf58-429f-8acf-2f53e55f3b49,0.7432,CRITICAL,Control
9c6818cc-4300-4668-ac33-68d611640430,0.7379,CRITICAL,Control
4376d23e-72e6-4071-aaf4-5cdffbc3ecf4,0.7379,CRITICAL,Control
1bd603e8-e6fd-4252-b57a-f567b8ff1572,0.7432,CRITICAL,Control
54aabeac-5674-4c94-b618-51e3fd1554d2,0.7379,CRITICAL,Control
2dd867a1-fbb2-4d3d-b70f-7905e21175e4,0.7432,CRITICAL,Control
8140de5c-7efe-463a-aa33-1e72ef60429d,0.7432,CRITICAL,Control
9302d278-9d4d-4dbe-8c01-c1dfd3a9ed79,0.7432,CRITICAL,Control
b654df1f-3106-458e-89fd-38b0c22a7b68,0.7379,CRITICAL,Control
2a4b8000-a4d2-407e-820d-e2f48477e7be,0.7432,CRITICAL,Control
2c4885c8-fdee-4353-8a27-105d9eebdb01,0.7432,CRITICAL,Control
2c86f9ca-d992-456f-993e-10108a46e54f,0.7379,CRITICAL,Control
b96fca16-a7b7-4fcf-aadb-dce9f29ddf42,0.7432,CRITICAL,Control
e4ad6908-99fb-4786-9e11-d00b3433b9ee,0.7379,CRITICAL,Control
baee5f2b-4c6e-44f7-a0a8-9234a3f09d0f,0.7432,CRITICAL,Control
cc81b634-2543-4454-812a-8befc75670df,0.7379,CRITICAL,Control
4acde6cb-3863-4e66-882b-5df22fddda04,0.7379,CRITICAL,Control
abce5cb6-d872-4a6c-b92f-18bad13637c9,0.7379,CRITICAL,Control
de14f087-7764-45cf-8d3d-67e147737209,0.7379,CRITICAL,Control
06cb3786-8477-47b7-b781-b89570826690,0.7432,CRITICAL,Control
95ef6f98-285b-42ba-a1f3-4f9a053484c3,0.7432,CRITICAL,Control
333c4614-92ab-4bf2-90fc-18673a3b2a4b,0.7379,CRITICAL,Control
54258a0c-17fe-484c-952a-c4ac7e2d1f26,0.7432,CRITICAL,Control
fb2cf468-7af3-49a9-ad2c-4f558c39a04e,0.7379,CRITICAL,Control
95ff1708-52b0-40c9-b990-75b48c532339,0.7432,CRITICAL,Control
af22d61f-e774-46a9-b2cb-1241b6d8b649,0.7379,CRITICAL,Control
e9c96faf-8b6e-44ca-98a5-af75aa2f2f58,0.7432,CRITICAL,Control
70419eab-0195-4d7b-9449-cb73fbc0ec08,0.7379,CRITICAL,Control
3fbfbe48-ebba-427e-bae2-f10899046bd6,0.7432,CRITICAL,Control
159ce3d8-7d9c-406e-8053-b5738bbc16a3,0.7161,CRITICAL,Control
c4fbc91d-c7dd-4f39-9975-093b501e6c90,0.7379,CRITICAL,Control
a9a71de5-8aa8-44f2-8090-364e8d6a5356,0.7432,CRITICAL,Control
64963891-7097-4cd0-b567-8ceec4d0c9ef,0.7432,CRITICAL,Control
fc216176-a073-4ba9-b30b-3679142e73d3,0.7379,CRITICAL,Control
0dd9a9d0-b0bb-41c9-bd08-df9cf69be889,0.7379,CRITICAL,Control
f8469b49-3761-467a-bc12-26183e70a054,0.7379,CRITICAL,Control
f18e2a51-7d6e-4721-b3dd-c923cc090de9,0.7379,CRITICAL,Control
b07878f8-ef55-4f82-ad04-f14781983e51,0.7379,CRITICAL,Control
e473ea03-f15c-4d4f-a7df-ef086c4a7bb9,0.7432,CRITICAL,Control
3b95359a-705b-4438-8557-6541d1175dc0,0.7379,CRITICAL,Control
e0743e38-269a-49dc-80ce-671670fa2d14,0.7379,CRITICAL,Control
f75b536d-3f72-43a9-b8eb-fce3bc6cb7e3,0.7379,CRITICAL,Control
d9031ad8-cc11-481b-966d-7c616ca06100,0.7432,CRITICAL,Control
d8d58d01-e6d4-4f11-8d8e-13e904529978,0.7432,CRITICAL,Control
e42bcb58-8a7a-4bdf-a65b-3cf4e0cb3720,0.7432,CRITICAL,Control
4e65ddd0-0ee5-4dc9-89d1-76ef5ca130a9,0.7379,CRITICAL,Control
52c10ace-504d-4133-a9e6-1a26a8d4164f,0.7432,CRITICAL,Control
91e2f83a-5e66-47f1-82b1-3d64bd574229,0.7423,CRITICAL,Control
b21d9ad2-0d92-473b-a717-40b436511529,0.7379,CRITICAL,Control
3b6b521a-efa2-4a1e-85a1-2f3ae57a611c,0.7432,CRITICAL,Control
e783a5b2-9f47-4e67-8c73-3de8978f4d6d,0.7379,CRITICAL,Control
f4b31f3f-c11a-47c1-8348-d8669ef9be54,0.7379,CRITICAL,Control
f175cdd6-101e-450c-986d-08f12c2c2bea,0.7432,CRITICAL,Control
bed5919b-2fa0-4ddc-96a5-0f6ee6e035c9,0.7432,CRITICAL,Control
d3833723-1d2f-466b-8ffb-9f0d165460b9,0.7432,CRITICAL,Control
67a2994f-859b-43be-8d5e-cb4926c9b913,0.7379,CRITICAL,Control
4f6c9b78-4edf-47f5-b74b-6b9c47cf277b,0.7379,CRITICAL,Control
9f175dba-6507-41cb-a832-21c6001cb951,0.7379,CRITICAL,Control
c6ade045-41a3-437a-850b-d9caaf02bbe8,0.7432,CRITICAL,Control
01071528-0ec0-4110-a86e-065d2267444d,0.7432,CRITICAL,Control
f251d1fc-3702-4827-9dfd-dca8106f1cb9,0.7379,CRITICAL,Control
ebc7c24f-9ffa-4188-bb67-b5ae9a8fb2d5,0.7432,CRITICAL,Control
16265c63-8739-4074-a6e1-242df573addc,0.7379,CRITICAL,Control
5d7549ec-e6cc-458d-9a12-817211262c98,0.7432,CRITICAL,Control
ed268b2b-c86e-48b5-9a51-394d26a7406a,0.7379,CRITICAL,Control
281d294f-4b0c-41f0-a5be-0abec5696a67,0.7371,CRITICAL,Control
0cf0213f-caf6-44fb-8acb-04570d928d67,0.7432,CRITICAL,Control
bdb6dae8-fe5e-4318-a699-5e420dc25c2d,0.7379,CRITICAL,Control
9e90a6f8-04bb-498d-a38e-8e93312cfa64,0.7432,CRITICAL,Control
150e2f0b-e83b-4eaa-b949-b786e4ebd473,0.7379,CRITICAL,Control
1c805ad7-eb43-454b-a286-8cec3798479b,0.7432,CRITICAL,Control
c4b9f491-23a5-4fb0-8447-588e8b98d22d,0.7432,CRITICAL,Control
9adf90b1-77d0-4983-a40f-4e4b3954a6eb,0.7432,CRITICAL,Control
26bba851-e287-4678-9163-d440208ce935,0.7379,CRITICAL,Control
51b2b3cb-e6cd-4904-9d82-656f566e556d,0.7432,CRITICAL,Control
785a7452-66fe-4aee-a1de-c62c44653487,0.7432,CRITICAL,Control
22c5a034-a156-4297-abe8-761f4755daf9,0.7432,CRITICAL,Control
5a52b473-5d34-4609-b88d-236242c2783c,0.7432,CRITICAL,Control
bfa1184d-e076-45ba-9ddc-5bb29af9bf28,0.7379,CRITICAL,Control
ff5bc835-7d05-4dbd-88d9-7422c8cff0bd,0.7352,CRITICAL,Control
a368754f-1b66-4519-8d2a-62d1b0a25333,0.7379,CRITICAL,Control
ecfda5f4-7551-4d12-9649-04aa520f9884,0.7379,CRITICAL,Control
aebafe89-954b-4565-a75a-f689a8342e9a,0.7379,CRITICAL,Control
c2b2e18c-3f72-4a49-bea9-90dea0489e7e,0.7432,CRITICAL,Control
9a93db08-bab8-4a0e-bb7f-135d3ea9e3a9,0.7432,CRITICAL,Control
f44bc207-649a-401e-9816-c18deab37fbe,0.7432,CRITICAL,Control
064c894c-b7af-494f-87a5-e58d04be6b03,0.7432,CRITICAL,Control
be3615fa-4ec7-4e8e-b450-b8521adb1597,0.7432,CRITICAL,Control
294f134d-e098-4837-8284-553991d2124c,0.7432,CRITICAL,Control
3fce53aa-8d4f-484c-b6f1-19dbd5c53866,0.7379,CRITICAL,Control
57915b38-9c70-4994-9fee-97d342e3569b,0.7379,CRITICAL,Control
7ef40549-b073-484a-85cc-fd468fc24bc2,0.7432,CRITICAL,Control
02b52bcc-b182-4d8e-98c5-de5c201f4e1a,0.7432,CRITICAL,Control
1e460b94-eb28-47b2-990f-45cc833bc9d2,0.7379,CRITICAL,Control
fd5235bd-02a7-4bc3-a961-8bc85099d0fa,0.7007,CRITICAL,Control
ee32540c-d6a9-4233-bd0d-6fa478837a13,0.7432,CRITICAL,Control
bd05e266-6b69-4a05-ba89-34854c004232,0.7379,CRITICAL,Control
c8b16565-992a-4819-b528-c9659a55149e,0.7379,CRITICAL,Control
0b760eb9-15e0-437d-9819-112f7044c73c,0.7432,CRITICAL,Control
614eb0aa-98c0-4255-a5ba-9109aaf78a4f,0.7379,CRITICAL,Control
b0ef6c44-d49f-40ad-b37c-ae1411d93091,0.7432,CRITICAL,Control
5f653ff1-3b1b-4c7b-8d07-5f11a1e256b1,0.7379,CRITICAL,Control
718ca67a-a42b-4959-aeb7-7187f10b3eca,0.7432,CRITICAL,Control
c1efa2e0-cbc1-4b73-8f6e-1cb3a0fd45fd,0.7432,CRITICAL,Control
ddc0faaa-7881-4ef4-bb2b-9d800cd74745,0.7379,CRITICAL,Control
911073c7-743f-4461-98d4-f5f7d1cf2c65,0.7161,CRITICAL,Control
7d5579ad-d9ce-4b13-888d-0a8347a23ac6,0.7432,CRITICAL,Control
50e768bd-80d3-402a-9cba-9c5f285c4cb5,0.7432,CRITICAL,Control
2d34695b-85c7-4aa3-a2ac-3cf8a3f58287,0.7161,CRITICAL,Control
0a93e76d-2538-4fe6-ad37-e455a073b13c,0.7161,CRITICAL,Control
b7bd0289-4a62-4227-bbfd-1a26f3e0a0ff,0.7379,CRITICAL,Control
8061b672-9152-4ad0-a29c-58bb3cecfd8d,0.7379,CRITICAL,Control
47d733c4-29ca-4010-9eea-f05d0d5c4a0a,0.7379,CRITICAL,Control
6fd837ad-2ccc-4804-846f-40fd33c6beac,0.7432,CRITICAL,Control
7eb18220-a67f-45ef-a074-d594952a9c4e,0.7379,CRITICAL,Control
55557d81-1e7d-4183-b379-56a3eae48d8f,0.7379,CRITICAL,Control
7cee810a-89d0-4f4f-8556-aea903a7a298,0.7379,CRITICAL,Control
c787f32d-330d-466e-88f3-47bd11170fc9,0.7379,CRITICAL,Control
0d58fd98-56da-4637-8232-e9ac885dcafa,0.7379,CRITICAL,Control
22b28b6d-ea60-4083-8758-de9020199fa1,0.7432,CRITICAL,Control
d043792a-b416-4176-a536-d304b9fee27c,0.7379,CRITICAL,Control
d1631386-e330-4e64-ba5a-ec615695e0ea,0.7343,CRITICAL,Control
a8bfe276-e17d-463b-b028-83682610e40b,0.7432,CRITICAL,Control
05743287-cd92-4574-9fb0-c5a55344e8a4,0.7379,CRITICAL,Control
d817195b-93b4-4b60-8805-829d6ea049cc,0.7379,CRITICAL,Control
8c73c57a-6e1d-4626-afd2-999d02d3c5fd,0.7432,CRITICAL,Control
8151e974-b2da-4b79-99d2-31cc407a5ac7,0.7379,CRITICAL,Control
606d46b3-17ad-4bf0-b3df-b710cb06f0b4,0.7379,CRITICAL,Control
08737e33-d0fc-4df7-a7ce-4100b32791fd,0.7432,CRITICAL,Control
08dae5d7-f201-4d54-bc69-48cd3b295060,0.7432,CRITICAL,Control
c15bfc19-1a9f-42ff-9808-5a633f7ea235,0.7432,CRITICAL,Control
95eb2442-6b49-4cef-8ab2-328ce2d487d6,0.7371,CRITICAL,Control
a0c90250-163b-42e5-b004-133cd7fc7eb4,0.7371,CRITICAL,Control
3a8d8847-50f2-4150-a9f7-152d15e40536,0.7379,CRITICAL,Control
d3dbf53a-37b9-4755-b950-b0dc5c99cab0,0.7432,CRITICAL,Control
6c0d35f2-5799-40be-b69b-4e9987534457,0.7379,CRITICAL,Control
e4e93eef-9a3a-4469-8737-dd7ef00082b5,0.7432,CRITICAL,Control
af85f79f-bed8-4335-8d54-16e0ff67694e,0.7379,CRITICAL,Control
4dc83ea4-b9c8-4639-ba91-1a3a471b5c91,0.7432,CRITICAL,Control
6e153415-647e-443d-8f66-e40e9f8ea7e5,0.7379,CRITICAL,Control
875069c3-6566-4bf6-b282-b24315ae9396,0.7344,CRITICAL,Control
29b0f943-01ef-4b8e-bf5f-e7c87ee39c3d,0.7432,CRITICAL,Control
b7837bb2-fbf4-4faf-86da-0f81d96b757b,0.7432,CRITICAL,Control
a65c33f1-5709-4133-b102-2e5568fee8c1,0.7432,CRITICAL,Control
927025a1-83a8-435c-b047-32b21e84c89e,0.7379,CRITICAL,Control
bdb2692b-b676-4d94-92df-20ba6812c59d,0.7379,CRITICAL,Control
d267ea88-e39b-4aa3-ac81-5b996654c77d,0.7432,CRITICAL,Control
a5b78e0d-1c3d-4c26-b125-22ceda81c250,0.7432,CRITICAL,Control
4c1dba86-e7a4-4066-9e11-4e639508b5f3,0.7379,CRITICAL,Control
bc811462-01c2-479b-b6d0-9c74795d07aa,0.7432,CRITICAL,Control
34d8e8dd-3a82-4e28-9cf4-57c85b788b9b,0.7379,CRITICAL,Control
eb4f0c33-25fb-410c-b6fe-9d2c5c930a49,0.7432,CRITICAL,Control
31e0b697-bab6-4bb5-b22e-6b0b9650e6a0,0.7432,CRITICAL,Control
06404f10-762a-49b4-a8bc-1dd77ee7160e,0.7432,CRITICAL,Control
61fab415-a4b0-45bb-bc8b-d5e400f2de27,0.7432,CRITICAL,Control
af41d6aa-5b30-4c07-a455-a886fe742288,0.7432,CRITICAL,Control
23177dde-d568-42f6-bae2-de0db7f15191,0.7161,CRITICAL,Control
4b1d3b1c-afa3-470e-9bf3-b358f50f925a,0.7216,CRITICAL,Control
facc78b1-9c2a-4f81-910d-21f4c0e24afc,0.7432,CRITICAL,Control
735a7771-32b3-425d-af65-9ec2fd5b914c,0.7379,CRITICAL,Control
2b5203dc-bb7f-4efd-b62f-fa8632e6cce0,0.7379,CRITICAL,Control
5c37c59a-0693-490d-b4a9-95382e5c340b,0.7379,CRITICAL,Control
33f330ac-cf82-41fd-a3ce-9108f618e282,0.7379,CRITICAL,Control
2cce004b-386f-4c36-8e71-76d145092ba1,0.7379,CRITICAL,Control
18845c17-40b2-4461-813b-e5507b0b3172,0.7379,CRITICAL,Control
0ef81c15-2179-4af8-af4a-b99c93464023,0.7379,CRITICAL,Control
b62a180c-f796-4355-b1e1-d1277d6a234e,0.7432,CRITICAL,Control
3a924c32-a5bb-4c8f-a900-3b5f615733c6,0.7161,CRITICAL,Control
12b5bee2-4ad4-4c00-81ba-e7074e8a352a,0.7379,CRITICAL,Control
bf6e6a8b-8dac-4522-96ae-4aab65c7b91b,0.7432,CRITICAL,Control
5d9c23da-3f10-4f96-99de-669ab3587514,0.7432,CRITICAL,Control
ed4b2064-941e-4ec8-afe8-3fc26944b7a6,0.7432,CRITICAL,Control
2b0efbdc-e4e6-4b53-a338-64868e2a602b,0.7379,CRITICAL,Control
5c7b08f4-5621-4991-9001-a2a4d5cfefab,0.7432,CRITICAL,Control
8155b886-8114-475a-897d-e9dcb372d473,0.7379,CRITICAL,Control
aaf57f7b-deeb-4b47-b708-21389fee372d,0.7432,CRITICAL,Control
37923e21-a5b3-4893-b1cf-589198c4a2c1,0.7216,CRITICAL,Control
53644382-280d-4e7b-825a-babb0d0fc31e,0.7192,CRITICAL,Control
3bd48e13-7574-420f-84a6-7f85c58ca50f,0.7379,CRITICAL,Control
55e55968-a8a8-4d0b-89f5-a0bb557608df,0.7379,CRITICAL,Control
0e593c17-8f36-4a73-a740-19cbf41eff6a,0.7379,CRITICAL,Control
b99b4bb3-4ad4-4f94-866b-cd47d6856009,0.7379,CRITICAL,Control
d5d8e82e-42e8-42a4-aab3-c2eba461dbd3,0.7432,CRITICAL,Control
180cedc0-4dc2-455b-a2cb-5df7eabecaa6,0.7432,CRITICAL,Control
a2bee9f9-1d42-491c-a8cc-1abe97d90f7a,0.7379,CRITICAL,Control
f0b4c88e-f1dd-4ae4-b6ae-a60405ce5e66,0.7379,CRITICAL,Control
b392cfc5-9162-4ffb-a284-9c65bc451767,0.7379,CRITICAL,Control
ace364d5-6bf8-48c8-8286-d83525e1cd55,0.7344,CRITICAL,Control
40f2f97e-9822-4dfe-8fc0-18d40548ea54,0.7432,CRITICAL,Control
503d4392-8e2b-4ea9-8d06-f8fcae0fcf0a,0.7379,CRITICAL,Control
9ef0595a-2d44-4997-8c79-8ded3bacfb38,0.7432,CRITICAL,Control
9fa83923-16dd-4384-9006-7b40a6ac8a6b,0.7379,CRITICAL,Control
4f6e10c1-e110-4ca0-ae3c-b51c9ff41bcc,0.7379,CRITICAL,Control
55ae7285-fe0e-4ed3-aafb-9aee8d9a7faf,0.7379,CRITICAL,Control
99e90564-a0b2-4bd6-ac3d-978c54cb65c6,0.7379,CRITICAL,Control
f563d206-229a-4720-a1e8-c16c5ccff8d7,0.7432,CRITICAL,Control
c8af0e88-1377-41bb-8c8c-18c01f1ad40e,0.7379,CRITICAL,Control
379683fb-1019-4246-ae31-6d4ee86d5062,0.7432,CRITICAL,Control
f213ae00-bb4e-48c1-b035-8db835eb06df,0.7379,CRITICAL,Control
9c0635c1-ebeb-416a-a054-ff9a4498c200,0.7432,CRITICAL,Control
64c6a5b8-8949-44a8-9823-83f728b6adc1,0.7432,CRITICAL,Control
1c6c8dbd-0a75-4687-a009-5fd91607a98c,0.7432,CRITICAL,Control
403fe943-4b07-4b28-9321-1200f75d4563,0.7432,CRITICAL,Control
82d59645-4733-47bf-9e17-9b5ddbb90c46,0.7379,CRITICAL,Control
7b7d955d-7aef-4bea-98a7-b94188aff329,0.7432,CRITICAL,Control
aaea1c9e-88b6-4ced-be82-01efd28947a8,0.7432,CRITICAL,Control
ae3d4d1e-5dc1-4654-932e-dfc6a3ffa856,0.7161,CRITICAL,Control
6792588d-cde7-4308-88cc-fb1acb103b35,0.7432,CRITICAL,Control
cb119cb9-b2a1-4c2f-89b7-f76ad5dfc311,0.7371,CRITICAL,Control
cee47269-0266-4093-bec1-c2744617b3c4,0.7379,CRITICAL,Control
fed09aed-e1f5-41d8-8eed-ada790a20468,0.7379,CRITICAL,Control
7299961a-c13f-4b27-ab8b-6efa85ed95d8,0.7379,CRITICAL,Control
b54ee341-4e04-4a5a-8b6b-f8598683391c,0.7432,CRITICAL,Control
9720a0bf-f468-47b2-83c4-affbd526f8a4,0.7432,CRITICAL,Control
54c6f272-9495-44da-a85f-50fc65e67b75,0.7432,CRITICAL,Control
174416a6-f068-420b-9415-b03e780de50d,0.7432,CRITICAL,Control
af11a126-8aad-4f6d-9681-6ae03dc62d62,0.7432,CRITICAL,Control
1acad6b4-29f9-444c-999c-7a1457e470e9,0.7432,CRITICAL,Control
047b62b8-a4f1-4966-bcf5-c31d6b9cb548,0.7432,CRITICAL,Control
6972028a-e7ba-4252-a081-6763e956b23f,0.7432,CRITICAL,Control
910f72da-28fc-4d6d-91e1-5aebab05a3cb,0.7379,CRITICAL,Control
fa5d20ed-e80e-4ca3-b191-f5308d587464,0.7414,CRITICAL,Control
17784a8d-a20c-4135-ad9e-c1141c4bf80a,0.7379,CRITICAL,Control
22880fd9-364c-4412-b0ea-4ea95da3e72a,0.7379,CRITICAL,Control
9b0b3c4e-b0bc-4641-87d5-d81c6ac4f463,0.7432,CRITICAL,Control
532b4cd2-d6f1-4273-89fc-bbcbece5173f,0.7379,CRITICAL,Control
9b581f93-f893-4a18-aea9-7439980b09c3,0.7379,CRITICAL,Control
eb9a25bc-70c7-4b07-bb99-0a23d294f917,0.7432,CRITICAL,Control
3b3855ce-3150-45fe-92ea-f7b977c12363,0.7379,CRITICAL,Control
b03ef8f5-798f-463f-87f5-f7a9bddad37a,0.7379,CRITICAL,Control
863c83c3-82a0-4179-9441-fdd0b317f0bc,0.7432,CRITICAL,Control
1663be78-ef61-47cf-9144-faabc6a27798,0.7432,CRITICAL,Control
73b35777-3b80-49f0-b749-a5ad37c688bb,0.7379,CRITICAL,Control
9b45ad97-c0f7-468d-9b6d-6e194b49e39c,0.7432,CRITICAL,Control
b175c1e3-8678-4c0c-9337-2a80b588819a,0.7379,CRITICAL,Control
d84d5a12-1235-4cb4-b003-319a5ee0c29d,0.7432,CRITICAL,Control
7f365201-1001-474d-92a0-b0c8fb74c850,0.7371,CRITICAL,Control
b7dd9e21-d1f8-4939-8bb9-8a0e54fc7084,0.7432,CRITICAL,Control
19a01a31-ac34-4d93-9fb1-4e9d65337e74,0.7379,CRITICAL,Control
0bd7665c-ff37-4993-bb6d-527751bbe2ff,0.7379,CRITICAL,Control
94131475-700f-46cc-9258-25d7d8afd2bd,0.7432,CRITICAL,Control
2567fde3-e8df-4f9e-b275-727b7d0d384d,0.7371,CRITICAL,Control
d4f15bc5-f00e-4b66-a046-12a259f2a510,0.7379,CRITICAL,Control
e1bc6cd6-b783-48e1-a054-6ed17481f175,0.7379,CRITICAL,Control
1ece3824-9b1a-4bcd-b668-f3795faebf88,0.7379,CRITICAL,Control
460e3051-9e6f-4251-8dd0-3f992f3d721d,0.7432,CRITICAL,Control
6b6ce609-5f5f-4134-951c-0157c4230118,0.7379,CRITICAL,Control
a008a9ab-5118-4a35-bbf0-b668788209c2,0.7379,CRITICAL,Control
82a0f728-c853-44dc-b069-d7b5c28956b4,0.7379,CRITICAL,Control
b519fb86-59bc-4eab-8f9d-e7178d2d1ab6,0.7432,CRITICAL,Control
1ecca4dd-122e-45d9-95cb-8d4d249453b6,0.7432,CRITICAL,Control
d328ef8c-0bbf-4d63-853e-64b9054d4b90,0.7379,CRITICAL,Control
3796bdde-2650-4381-a7f1-acf9c0bf05ca,0.7379,CRITICAL,Control
feffc489-d9d1-40cb-bf0c-8d6309b521ae,0.7379,CRITICAL,Control
9b9cdac9-3496-4dd6-aefb-477cb58f3516,0.7379,CRITICAL,Control
b27a28c6-bc86-4b1b-b882-45c2b9352d79,0.7379,CRITICAL,Control
1c179245-1f95-412e-9dd2-470814b4f26a,0.7432,CRITICAL,Control
b0ed5e74-3301-4031-9511-39f956673f5f,0.7379,CRITICAL,Control
abb31bfa-cb9f-4272-a470-d9e2a8f51d3a,0.7379,CRITICAL,Control
c1007803-a429-4f35-bb9a-4b03f69e0bee,0.7432,CRITICAL,Control
a4692e1f-ffd4-4c87-9621-78ef676e02a4,0.7432,CRITICAL,Control
223bf8c8-21fc-4f3d-ada7-dd46a9094ff1,0.7379,CRITICAL,Control
3e8a04ca-7894-4082-a6fc-8b23d8d682ed,0.7432,CRITICAL,Control
24330676-e350-4aa8-8e1d-3b3bfb3bfd26,0.7432,CRITICAL,Control
047f63b2-e649-4118-8c8e-85b2aa961351,0.7379,CRITICAL,Control
1b0e7421-7ac5-43b7-9ce0-5105b7508827,0.7379,CRITICAL,Control
eab4d4cf-08af-4b63-bffb-f6188a79c692,0.7432,CRITICAL,Control
aa83050d-fee0-407b-b5af-f445c93a4180,0.7432,CRITICAL,Control
bf34ed89-87e4-40d5-9712-ca57b228dd26,0.7432,CRITICAL,Control
1b77629c-78e9-4a9b-b45b-2370f3fb05cb,0.7388,CRITICAL,Control
9c37281f-d379-4f39-88f7-4daab5c2758e,0.7432,CRITICAL,Control
6d54cda6-87e9-4359-ac53-92962cd9efce,0.7362,CRITICAL,Control
ba624126-7eb7-489f-9abf-cad6b677947f,0.7432,CRITICAL,Control
94bf7487-5e8a-4b9a-8d37-f0de9a9ddf4f,0.7432,CRITICAL,Control
9ce4f43e-559b-4185-a094-fe5a1198c558,0.7379,CRITICAL,Control
b88484f7-39b0-40d9-8118-cee5b65b8e7f,0.7161,CRITICAL,Control
86564574-65c3-4c6a-9d4f-4538a4bfb16e,0.7432,CRITICAL,Control
f9c717a3-0c74-4a5b-a604-934ad595d5f1,0.7379,CRITICAL,Control
cd72da26-c3e7-4262-9e76-bc52d54c9527,0.7342,CRITICAL,Control
66ba476c-1258-43a1-9379-0905c5e00581,0.7432,CRITICAL,Control
0724c43c-2785-4b46-bf12-84e5567a7c42,0.7379,CRITICAL,Control
9f21afec-96b8-4eab-9849-6fe8292184fc,0.7432,CRITICAL,Control
ce95514c-9317-4756-b2e5-2d9b374d9832,0.7379,CRITICAL,Control
d3619d59-3d44-458d-9c46-72de8b59d2c8,0.7432,CRITICAL,Control
1041d59f-f9d0-49c9-a810-1b9294a6fe01,0.7432,CRITICAL,Control
f7a2112f-a458-40c7-b35f-38aea795b6d9,0.7432,CRITICAL,Control
5c2eeeb5-d868-44dd-9881-d333aa87c327,0.7379,CRITICAL,Control
cb898dee-ae8c-47b3-9340-c6f13d00962d,0.7379,CRITICAL,Control
c2ea328e-b497-41b5-a451-cc9cab921701,0.7379,CRITICAL,Control
ccb79a2c-ba08-404c-abc1-9b7d6b19ca30,0.7379,CRITICAL,Control
d60e11c3-3b27-4444-a7ec-3bc936b8119c,0.7432,CRITICAL,Control
1e5f677e-20af-45a8-bd2f-9a612cdfda81,0.7432,CRITICAL,Control
692b3780-3ff8-4a40-8ed0-d1b37d0d75c9,0.7379,CRITICAL,Control
64dccb4c-589f-47ad-b801-e24de555f0f4,0.7379,CRITICAL,Control
972a206e-06fe-4eeb-8758-407311c77aae,0.7379,CRITICAL,Control
086587ef-25c5-42cf-a3db-374645dc226e,0.7379,CRITICAL,Control
bcbaad26-f7ae-4408-8574-ab30f41fdd78,0.7432,CRITICAL,Control
2dc2f708-09ce-4a9c-935c-8b5cbbace200,0.7432,CRITICAL,Control
c7e17033-4136-406a-8904-1d5d970e078a,0.7379,CRITICAL,Control
fe8d0279-0718-4928-ba78-55b07ce8b80c,0.7432,CRITICAL,Control
beb8f9ab-386a-465a-866c-927f9762d323,0.7432,CRITICAL,Control
85c7856e-6c2c-4c64-9fef-c23c14672528,0.7432,CRITICAL,Control
e906d8e1-d511-4da0-966c-a39fc2702fec,0.7432,CRITICAL,Control
f4697570-5e49-4c59-9f25-15cf73a9ff06,0.7432,CRITICAL,Control
14a3c98b-1fc7-4d4f-8e2e-49fa6f65105b,0.7379,CRITICAL,Control
dd4cfb20-7973-4b63-b1fe-616d26098a7d,0.7432,CRITICAL,Control
1cbdaf8e-d8d2-44bc-a3f0-be272e0ef092,0.7379,CRITICAL,Control
a5e889ae-0238-413f-8424-d5ed75de1d6a,0.7432,CRITICAL,Control
25b1477f-a581-4d34-86f9-23c2b597e1c7,0.7216,CRITICAL,Control
ea304331-366b-43b6-840d-4684a4de4170,0.7432,CRITICAL,Control
2e9102c5-b2ea-4a83-8bbf-2ee72eb77726,0.7432,CRITICAL,Control
b8636731-35a5-49e9-a6d4-fb0f78f1a4f2,0.7379,CRITICAL,Control
d4ff9e5f-b64a-4230-861a-3469a358a749,0.7432,CRITICAL,Control
9cbc53f9-6d88-486d-8702-fa14d3623ee7,0.7432,CRITICAL,Control
b009ac58-6a48-4260-b74f-d89349ba6c74,0.7432,CRITICAL,Control
deaf2e23-06fd-4321-a66b-789c9c20ce7e,0.7379,CRITICAL,Control
67c2341c-a7ec-4885-8967-b3458b43f4bb,0.7432,CRITICAL,Control
c7789a2d-5f11-41bd-b835-d564e4b8fa41,0.7379,CRITICAL,Control
9d693dc0-2ee4-4503-bec4-ab4c8540c970,0.7379,CRITICAL,Control
0e94ed42-183f-4a5b-96ce-ea9827983bfa,0.7432,CRITICAL,Control
6cf4e449-93af-4849-8a22-4a3204fa39cf,0.7432,CRITICAL,Control
0da9fea5-a5ac-4652-baa5-2ffc0600052e,0.7379,CRITICAL,Control
28eb1d16-80a6-4a8e-8d33-c1af1739cb1e,0.7379,CRITICAL,Control
3b15dfb5-6c61-4114-8c26-7373244622e5,0.7432,CRITICAL,Control
46137ffd-5e8c-42f5-9bfc-2d4d7ff5325d,0.7432,CRITICAL,Control
8bf0feee-74e0-4a34-ad1d-a48a24bf46e7,0.7432,CRITICAL,Control
31938dbf-486d-4b7b-802e-3b9f8de1b01f,0.7432,CRITICAL,Control
5b55100c-0cd7-4719-bf0a-93819aed62b6,0.7379,CRITICAL,Control
4ccf0784-43b1-49e7-addc-f0257f9bed34,0.7379,CRITICAL,Control
5b8996d2-e955-4246-84f1-947881e7c50c,0.7432,CRITICAL,Control
8648bf3c-0257-42c2-aad5-e580ad31497a,0.7432,CRITICAL,Control
d73fc566-a614-4451-bb64-d0fbd78ba06f,0.7432,CRITICAL,Control
bfbbfb28-24b4-43f5-a9ad-21f07338f3a5,0.7379,CRITICAL,Control
81a0060a-6ee9-49b2-81ae-4250ee482c1d,0.7414,CRITICAL,Control
f59dfa9c-c61a-451a-b5cf-c57dab0f7d64,0.7432,CRITICAL,Control
983580a7-a7c4-4a6a-980c-084c2782686e,0.7432,CRITICAL,Control
bdb79915-d5af-4c83-b9e8-905953ead746,0.7432,CRITICAL,Control
319da367-e617-4dce-885c-61acee44d169,0.7432,CRITICAL,Control
3d1501d6-8968-4e48-9bfc-2d3c34b21ccd,0.7216,CRITICAL,Control
0730fd11-a88b-47f1-b457-ab3fdba45534,0.7432,CRITICAL,Control
130b4ef4-6836-4229-805d-96b9c3730d63,0.7432,CRITICAL,Control
94fd650e-d4a9-4545-82ee-1462676ebfde,0.7379,CRITICAL,Control
553ae821-8ebe-448e-8f98-f9bee9184bd0,0.7432,CRITICAL,Control
d1429507-af47-4575-abdf-e51872eb4c8b,0.7432,CRITICAL,Control
48f87966-0dd5-4921-b832-ca8d745ad467,0.7432,CRITICAL,Control
f38985a9-21be-495f-a509-a4a0c156cc27,0.7379,CRITICAL,Control
070bbb4f-1e65-4a6e-8b44-c7dea7f15428,0.7432,CRITICAL,Control
59d83a80-baf8-4984-ad4f-15b2f957055b,0.7379,CRITICAL,Control
498c46c8-7868-4ae2-80cc-d3af756531ec,0.7432,CRITICAL,Control
7204d95a-337c-4f95-ad62-bcf0c84240bf,0.7335,CRITICAL,Control
e3d58564-6ca6-4013-8ca9-23000a31eda8,0.7432,CRITICAL,Control
4409a5b3-0bee-402c-9d0e-6e36dd8e92b0,0.7379,CRITICAL,Control
237aac20-0cb6-4aec-a614-cd14dbe94aac,0.7432,CRITICAL,Control
7fcb1845-af6b-4d74-a7e5-27c596630f8b,0.7379,CRITICAL,Control
d80aae21-7a5b-4368-93da-6e361048dfec,0.7432,CRITICAL,Control
e53c21b4-cd4b-42f0-81fe-b1c5eb17862d,0.7379,CRITICAL,Control
a272c924-61e0-4ee1-94a8-de178cb71016,0.7379,CRITICAL,Control
ea31e722-672d-4ed2-a036-c4ca944feae6,0.7379,CRITICAL,Control
236cf218-c50b-4e08-9382-711fb2836d28,0.7289,CRITICAL,Control
289415ef-e5ac-44c8-a3fb-6ffb2c77ece7,0.7379,CRITICAL,Control
6aa39ddb-95a2-4879-8a10-00e00ca9e8d5,0.7432,CRITICAL,Control
cb4b10ab-c366-4a6f-80de-da68e1a60056,0.7432,CRITICAL,Control
2f6fd24c-6ff3-41ff-9c79-aac77bf0a5e9,0.7379,CRITICAL,Control
8958b329-359b-4c1b-814e-2808fdd692dc,0.7379,CRITICAL,Control
8b323b7e-222b-48ef-9074-d7221a5d8e25,0.7379,CRITICAL,Control
b904941f-aec9-4454-b56e-5e6c532a1c9a,0.7414,CRITICAL,Control
bc036507-1707-486d-be0b-ae813d1f12d3,0.7432,CRITICAL,Control
939d52db-e619-4509-90e2-d1f5458e8b5d,0.7432,CRITICAL,Control
336918a4-47be-49bc-a458-e59cdc02c803,0.7379,CRITICAL,Control
e7a87710-c5f1-4f25-afd2-17f08945b86a,0.7344,CRITICAL,Control
227d4423-61ca-4a0b-9e57-6808973af10f,0.7432,CRITICAL,Control
6ddf67b5-23cb-4314-a0c5-972f3682bc43,0.7432,CRITICAL,Control
fb005c92-861c-4b60-85fa-4aa1010a3682,0.7379,CRITICAL,Control
1b00c690-f8d0-4a0b-a378-de44d7a34b4c,0.7432,CRITICAL,Control
ec030ba1-7e33-4616-a8f8-f666d614538b,0.7432,CRITICAL,Control
060d10d8-40ec-49f1-afda-0170c04f34cb,0.7379,CRITICAL,Control
87cb655c-7059-4472-ba1e-9cd60fbe7b55,0.7379,CRITICAL,Control
2c7df517-ad41-46fb-83c0-27ceff729dac,0.7379,CRITICAL,Control
01dcf5fc-aa9b-4496-94d5-34327adfe18a,0.7432,CRITICAL,Control
e99d68d6-6908-4986-9552-6c84927977c2,0.7379,CRITICAL,Control
3057f665-1770-43e6-bf1d-ef14adc789ce,0.7432,CRITICAL,Control
0a8698b9-7546-4ace-bc53-8ff186b2b20e,0.7432,CRITICAL,Control
da021766-f1ee-4c40-aed9-b4f621d598aa,0.7379,CRITICAL,Control
d09357f5-676f-4f09-85a8-62e5e20a6d90,0.7379,CRITICAL,Control
7074a114-8894-4a4d-8512-e52ad777d89f,0.7432,CRITICAL,Control
53658025-466e-4049-9ce1-f16d968b2794,0.7432,CRITICAL,Control
a10cfe26-4e3f-4f2f-bbb7-a0e3864882c9,0.7379,CRITICAL,Control
39351d15-1405-40d6-ad19-13dd8e34d943,0.7379,CRITICAL,Control
84b08991-a6a1-4d1f-b572-a8cc0ebff2be,0.7432,CRITICAL,Control
2aa6f2c5-8fb4-4794-ab70-08250c3a0257,0.7379,CRITICAL,Control
13760301-9c5d-477c-b7fd-44241c6dc4f4,0.7379,CRITICAL,Control
c66cdaf6-328d-4f0c-bb3e-3676ad8a4ea8,0.7379,CRITICAL,Control
ca85783a-b0bd-4c12-ac42-3405bc9a40ee,0.7432,CRITICAL,Control
b1cd4d00-f2b1-4ee6-9489-bc2788419213,0.7432,CRITICAL,Control
0c41e97f-11f9-4c69-82af-0f03dfc1c4c5,0.7379,CRITICAL,Control
725ef788-cbbc-45a9-a64c-7d89a0ee5ebf,0.7371,CRITICAL,Control
d602bffe-99b6-4bae-bf8e-92e484b94473,0.7432,CRITICAL,Control
37c03da2-bd62-4e83-8051-97c69e968ad7,0.7379,CRITICAL,Control
ffc07e9b-d62d-487f-9708-ee82e3d76f54,0.7216,CRITICAL,Control
ea1de0a4-bc0d-4a44-b5bf-6d94d29f5508,0.7379,CRITICAL,Control
e11c67f4-0ac1-4b09-a107-e4d687880be6,0.7432,CRITICAL,Control
708f7c39-e050-4e38-b861-63ef2492a417,0.7344,CRITICAL,Control
215c952a-f675-4f87-b0dd-ce9a61fc3fdb,0.7379,CRITICAL,Control
1ea56320-a0c7-4d87-a098-15eddea2acfe,0.7379,CRITICAL,Control
60e30db4-a0d7-45d9-97a2-40c8d748c489,0.7432,CRITICAL,Control
cfeef3f2-749e-4c58-a4ac-e2fc0e73bff2,0.7432,CRITICAL,Control
8b93df55-48b5-450e-96fd-48786c5d49c0,0.7379,CRITICAL,Control
3ae028b8-c00b-4489-9cb6-a4588612f6a4,0.7362,CRITICAL,Control
cd21c26c-a1bf-4da8-a3c6-8d035296ab2e,0.7432,CRITICAL,Control
47b3ac5e-2291-4b78-8229-b554d774746a,0.7379,CRITICAL,Control
936d318f-0a0a-4bdc-92ab-bd08388d882f,0.7432,CRITICAL,Control
d9350c96-3256-434b-8101-8a09dd5de923,0.7432,CRITICAL,Control
25311887-8367-4462-8fd1-badce5f57e93,0.7432,CRITICAL,Control
6fc02975-8fd5-43a7-acab-c987c256cd29,0.7432,CRITICAL,Control
f98fa169-da01-45b4-8936-0a5afde1ac58,0.7432,CRITICAL,Control
12b0b0de-43a5-4597-95ab-69912839719d,0.7432,CRITICAL,Control
1d2f3129-97bd-4083-ac9d-c23ef0f9b432,0.7379,CRITICAL,Control
555a1def-afd2-4ca3-b2ca-bdf830ceee1d,0.7379,CRITICAL,Control
29664821-0493-46e7-98ce-4af62c9e9c9c,0.7432,CRITICAL,Control
2690156a-c6b4-41ee-acd3-0816cd5dde65,0.7432,CRITICAL,Control
7bdd2eb8-c80e-4ae2-a33e-82efd48720d3,0.7432,CRITICAL,Control
94f86abc-8d36-490e-9eac-f2b6877b8482,0.7379,CRITICAL,Control
c0d5f668-1bb4-46e1-9eef-1a6a0124a17b,0.7432,CRITICAL,Control
c8088e78-d6e7-42eb-8c98-ba9ebd846283,0.7432,CRITICAL,Control
6abcdb75-ac25-4291-b700-3b3509cd5e6c,0.7379,CRITICAL,Control
4e1a0b7a-fa1a-4465-b13a-f6693be60ca0,0.7432,CRITICAL,Control
b3acb551-82c4-4cbc-9805-76022b2056ed,0.7432,CRITICAL,Control
b4f4c051-3bce-4bbb-a2fa-f8e56745fe34,0.7432,CRITICAL,Control
f0d7ef94-b0d6-4769-8f07-ae67b20be184,0.7432,CRITICAL,Control
43caac96-c4f7-4a11-bef0-646b4e084cba,0.7432,CRITICAL,Control
527d5fb3-3f7b-49f7-93c3-66db52beefc5,0.7379,CRITICAL,Control
3e6f5f30-53a6-4a77-8fb8-a4eaf7392e8a,0.7432,CRITICAL,Control
d1818d5c-681e-4605-9203-39af38f3ecda,0.7432,CRITICAL,Control
8bd2c501-3883-460d-a5f2-840013cdfd36,0.7379,CRITICAL,Control
71dcf1e6-1c7a-44cc-b32b-7c57cf622857,0.7161,CRITICAL,Control
88b4b899-d173-45bc-8fb3-3e6e7acee748,0.7379,CRITICAL,Control
00ea8f33-cd14-4719-a0e6-637feda68d2b,0.7379,CRITICAL,Control
743ffe2b-a1ab-4cd9-b118-7d95cdd0843a,0.7379,CRITICAL,Control
3c162748-d9d5-48ea-bb9f-b8b8b28fa2bb,0.7379,CRITICAL,Control
dcdc979c-610c-4510-b934-2ec166c9b780,0.7379,CRITICAL,Control
4f0d0e8c-8294-4c11-ab76-4f7df622c4f7,0.7379,CRITICAL,Control
4e1ca91a-d9d0-4b8f-97cf-6a1b0f8b130c,0.7379,CRITICAL,Control
9d174e30-73cb-4f57-a814-e7140c893dd6,0.7379,CRITICAL,Control
d60df6fb-e6e4-423b-bd2f-7a553a41eb97,0.7432,CRITICAL,Control
e21ba63f-b7ae-4caf-8636-7c69098cf996,0.7432,CRITICAL,Control
e78c27a4-4a24-47bf-861b-3076868eef3d,0.7161,CRITICAL,Control
0ff8ffb5-9bd3-4470-aab7-7e46991fc223,0.7379,CRITICAL,Control
3991195b-29ab-48b6-a530-3c73739ae179,0.7432,CRITICAL,Control
aedb09c5-cea9-4155-94f5-3f431251c284,0.7432,CRITICAL,Control
edc28ce3-4c5e-443c-8290-7ea41c47d518,0.7432,CRITICAL,Control
77725995-aaee-4b9f-90e1-685b239cbe8a,0.7379,CRITICAL,Control
f8c075d1-70cf-449e-8338-020e110252cd,0.7379,CRITICAL,Control
40d6a0c4-535b-4b98-940e-66d1b9babfca,0.7432,CRITICAL,Control
50241420-5d8b-44c9-824f-3c5061943b83,0.7432,CRITICAL,Control
9c8adb70-4543-4994-ba5a-47d0a7ad0b2e,0.7388,CRITICAL,Control
caf32277-85ab-4ff8-833a-ba51999c2501,0.7432,CRITICAL,Control
e4ca47a0-535e-4990-ae14-84f6b557ccba,0.7379,CRITICAL,Control
05c05482-c23d-47e5-a891-9df4ccc821ed,0.7335,CRITICAL,Control
415ca555-eb4f-4170-be1d-6b8c66320fc8,0.7379,CRITICAL,Control
ae43a3f7-eb5b-47b1-9e28-377ac3d799c1,0.7432,CRITICAL,Control
cc757d09-d3dd-46a9-860d-23464c7d57f3,0.7432,CRITICAL,Control
9dd2be5c-3d0c-42ee-b05a-49d99d444575,0.7432,CRITICAL,Control
d2d16a98-1b85-4df3-9c55-6ccfa58b2860,0.7432,CRITICAL,Control
6c5a725e-c461-4ef7-9213-2b20f53a440d,0.7432,CRITICAL,Control
09c22f03-d289-44d8-ac45-51d086e0bd69,0.7379,CRITICAL,Control
e31064b8-fc02-47af-bb4d-acf40474a5a2,0.7379,CRITICAL,Control
5f475125-a9ad-4106-b24c-231148d60364,0.7432,CRITICAL,Control
5b2ceed4-543a-47d7-abd7-ed09de4f8ccf,0.7432,CRITICAL,Control
b7a81050-57f1-422b-8470-9e0b94fd981e,0.7432,CRITICAL,Control
4b678a5a-541d-466a-8a7b-94d5ab91c966,0.7379,CRITICAL,Control
f44b6abb-8fe3-4e94-a043-894bfc63e826,0.7432,CRITICAL,Control
3474cbf4-1d5a-4e47-a0cb-ac27469eaac8,0.7379,CRITICAL,Control
ecfbd431-78cd-4fcc-82d2-c069a66c89e7,0.7379,CRITICAL,Control
eb4eb66f-ba2f-426f-94d4-0059fb2c586a,0.7432,CRITICAL,Control
f16de8eb-1bde-460c-80fd-c71c5bfab512,0.7432,CRITICAL,Control
4ba53cf8-15d6-4e12-bf5e-543712865724,0.7432,CRITICAL,Control
4de329f6-92e5-47fd-b6f7-09da91de9a87,0.7379,CRITICAL,Control
a605c454-5fa3-4b4e-9567-3dc76907dadf,0.7432,CRITICAL,Control
8b3e7d4f-d4f9-4c56-9066-541913e9c6c0,0.7432,CRITICAL,Control
fa2eb50c-5c13-43d4-a32f-9c96e5c92752,0.7432,CRITICAL,Control
a8b87062-9197-48a4-a818-8fe490db9375,0.7432,CRITICAL,Control
2164166f-e026-440a-8a20-87e0f9af7f61,0.7379,CRITICAL,Control
f5f49380-dd4f-4439-ac52-b399d78e7f1d,0.7379,CRITICAL,Control
8f586e29-b477-4a78-986d-c4511ef42403,0.7432,CRITICAL,Control
eb33e19f-0e26-47fa-9206-5fc7fbb9175b,0.7432,CRITICAL,Control
549b8b25-8f4f-438f-b168-431b15cd2a17,0.7432,CRITICAL,Control
1194587f-014e-495e-82f8-9ed17ea5e452,0.7161,CRITICAL,Control
258757b1-2922-4545-b2d6-d673e01fa43a,0.7379,CRITICAL,Control
99a382e7-b963-4f59-a6cf-0e42f86efae4,0.7379,CRITICAL,Control
1754e542-fc7a-4faf-acaf-4bd4cfa2b972,0.7379,CRITICAL,Control
e228e74d-7121-48aa-9569-01d378f5da7a,0.7379,CRITICAL,Control
ff6385e9-1112-4967-8e1f-37a6911c010f,0.7432,CRITICAL,Control
8cebe502-4704-47a3-aecc-e8bf02545221,0.7379,CRITICAL,Control
e53f74bd-633f-433c-8c5e-13b70c3b9e73,0.7379,CRITICAL,Control
c4fd8ec4-b643-4281-8b62-ad227aeef3eb,0.7432,CRITICAL,Control
e9f61204-0fdd-4275-8e80-f7d75b70441a,0.7432,CRITICAL,Control
83d99bf4-7730-44e7-8ad4-232d28466da7,0.7432,CRITICAL,Control
898a3775-7f9b-477f-a360-6451744ebf31,0.7379,CRITICAL,Control
0fe1fc44-fd12-4fd5-83cc-0a29fd5e3a7f,0.7344,CRITICAL,Control
0a671912-c5fd-4da9-bcf0-593a00f69214,0.7379,CRITICAL,Control
64e0391b-e679-4e2f-a74a-7881090c8163,0.7379,CRITICAL,Control
0247b9bc-3e26-4d0c-88ee-e496345a04a0,0.7379,CRITICAL,Control
2e3aad00-e1a1-406b-a182-94c252c23a70,0.7161,CRITICAL,Control
5d703e4e-83f1-4b0d-b924-521ea20857ff,0.7379,CRITICAL,Control
da2eb509-fb67-41a5-a291-9c2e3bc4111e,0.7432,CRITICAL,Control
a6025a9e-ee41-407c-810c-f179c08e6c31,0.7432,CRITICAL,Control
2fd014f6-2732-426b-b034-d2b0b79736e5,0.7432,CRITICAL,Control
6265de4a-048d-4e59-b934-67e4ae307a79,0.7432,CRITICAL,Control
bcc84217-bef1-40ec-a8f0-f61d0cfc3439,0.7379,CRITICAL,Control
d55cff36-551d-4ec3-80d6-06e5984904f2,0.7432,CRITICAL,Control
0c2ce137-64dd-46cf-a30d-9b9912a2025d,0.7142,CRITICAL,Control
ee7a5310-d140-4cc2-a514-86c080d78598,0.7432,CRITICAL,Control
c4ec2973-4faf-43e5-8168-d1c89869daa0,0.7432,CRITICAL,Control
964c4302-556a-46e2-addb-37997f556311,0.7379,CRITICAL,Control
0c9faa6f-9da9-4336-8dec-fcbc2dcdeafe,0.7371,CRITICAL,Control
c021dd4d-51fe-4936-8d82-952227a18730,0.7432,CRITICAL,Control
c6f5e0e4-46ca-4222-b5e3-fa4205cd2988,0.7379,CRITICAL,Control
24a9d6e8-6d62-4014-84af-b3017b8b12ae,0.7379,CRITICAL,Control
fe1ddda0-4262-4d78-990c-5689936e2af7,0.7379,CRITICAL,Control
5185a3d7-4fbb-4f7f-a801-9ca509fa9d06,0.7379,CRITICAL,Control
9995c14f-d533-43b8-884f-68ad404bbec6,0.7432,CRITICAL,Control
35c39719-19db-4447-92a4-b53e592abedc,0.7432,CRITICAL,Control
86003edc-503d-41f3-bcba-de5fc1acd98b,0.7432,CRITICAL,Control
d42f4e6d-138c-4000-8ae1-1bdc54788042,0.7432,CRITICAL,Control
66a7645a-5123-4499-87bb-34518dfc1309,0.7432,CRITICAL,Control
f91fdc11-b10f-4e4c-9f76-0eb21c8694c5,0.7432,CRITICAL,Control
a864ec6c-8a7e-4074-b9f3-5cbe33ac8c54,0.7432,CRITICAL,Control
24e4c8e5-bd1a-448e-9c12-38269dea0a3e,0.7432,CRITICAL,Control
0ed0ac6c-8811-4894-941e-59485da87669,0.7432,CRITICAL,Control
8b914b8b-fa37-4578-adaf-b94bd80ab26b,0.7379,CRITICAL,Control
1cf30334-2040-4670-b03a-38ba5d253e29,0.7432,CRITICAL,Control
602a3674-ffb4-4f16-aa46-4a7cb1e03581,0.7432,CRITICAL,Control
dd12220f-273b-4d0c-a106-9e2b29b6a236,0.7432,CRITICAL,Control
609d0ccf-5546-4369-ac9b-2f56532bd11a,0.7432,CRITICAL,Control
5f78de67-dcea-486f-b6c3-b202fc973e19,0.7432,CRITICAL,Control
000a8b4d-e561-41c9-bb56-d79caa8fee99,0.7379,CRITICAL,Control
58f543db-e6a6-4d49-918d-4ecad062c2c3,0.7379,CRITICAL,Control
777e20e0-ecb2-4eaf-927d-7b84d7d400de,0.7432,CRITICAL,Control
b4f1b8c9-f9f3-4434-a32f-53b93b0bf724,0.7379,CRITICAL,Control
5677b917-663a-4ecb-9645-5f9908306bd7,0.7379,CRITICAL,Control
58421ec0-f970-41d2-9aea-5b5301f28026,0.7379,CRITICAL,Control
d9403538-e832-419b-b99e-e0a86903c6ca,0.7432,CRITICAL,Control
f48e014e-3ec6-4631-b59e-9db2d930e4d0,0.7379,CRITICAL,Control
b70e97be-4873-46e2-816f-79d86f60e1fb,0.7432,CRITICAL,Control
f5633eca-4294-43a8-88d2-adb420b32a8c,0.7379,CRITICAL,Control
0c04e486-5287-423b-91b1-4939c836dbe5,0.7432,CRITICAL,Control
9bbc1d3f-8660-4891-9e6d-ec0ac525a94f,0.7432,CRITICAL,Control
f584ef06-94af-4418-8403-c75225ef07bf,0.7432,CRITICAL,Control
1aec7b7e-7858-48d0-bda0-51bb881d2ead,0.7432,CRITICAL,Control
d79fb58a-3981-476b-8a5d-ea2f6566ad50,0.7379,CRITICAL,Control
f1fac1d3-b75b-4d58-b90e-147c7e275664,0.7432,CRITICAL,Control
aab22c4c-889a-4ff9-9018-895cc1157a5c,0.7298,CRITICAL,Control
9b652d71-a887-435c-9bd4-a7f77c792e51,0.7379,CRITICAL,Control
dec34bb5-5110-47c6-b7a7-11a1099b7aed,0.7161,CRITICAL,Control
34db5810-d3cd-4e31-8cc4-093802667dc3,0.7379,CRITICAL,Control
6e6a6605-dbdf-4f61-ab1b-53ec66fadfbc,0.7379,CRITICAL,Control
80250d11-186f-447c-8393-89800ff47ba6,0.7432,CRITICAL,Control
094ca160-e6ea-49b8-87aa-1e3a8c27d04c,0.7379,CRITICAL,Control
ceb3f078-79e9-44f7-a0ab-b1368003565a,0.7379,CRITICAL,Control
2d65afff-2315-4295-8648-1a3ee13b272b,0.7432,CRITICAL,Control
e6f6de83-32e1-4efe-9787-3d9d02771bcd,0.7432,CRITICAL,Control
4f2f17c4-0a26-4504-af4e-a3de272f0450,0.7432,CRITICAL,Control
7b4978f6-e35f-4687-b6b0-2c961b2424ce,0.7432,CRITICAL,Control
9ccd5fac-e5a2-4763-a10a-950cf73bf14a,0.7432,CRITICAL,Control
e3d07f9a-8e33-4eb1-bd29-19ba5afa105a,0.7432,CRITICAL,Control
e6534ed0-9cc3-46e2-b519-1699390963d4,0.7379,CRITICAL,Control
9a3a2e3f-0047-42c9-ae52-51e7509ce94a,0.7379,CRITICAL,Control
1edb02fe-7c12-4210-b958-90b1d9a52fb1,0.7432,CRITICAL,Control
ffdf53f4-4027-473b-9845-738e38e30750,0.7379,CRITICAL,Control
5fc7539d-7f5d-481c-8e00-ab843f0cd3ae,0.7379,CRITICAL,Control
084e451d-42c3-4168-b757-3a843862d618,0.7379,CRITICAL,Control
105b64bd-d11c-4dfd-9686-1d086056750f,0.7379,CRITICAL,Control
8d33e73c-b8f9-4db8-a80c-cda8de5a31b2,0.7379,CRITICAL,Control
4007c1ca-f49d-466c-8000-4b74ebf9d2b4,0.7379,CRITICAL,Control
f2040030-6bd4-474b-9939-506dca4975bf,0.7379,CRITICAL,Control
fb7db5af-7ca8-4de6-8735-0625bbfedb22,0.7432,CRITICAL,Control
0b660c97-86be-4dad-96ad-6c9fb215cfd0,0.7432,CRITICAL,Control
1e1856f8-9371-4aed-acb2-8927b4ee1cd3,0.7432,CRITICAL,Control
2c3e5583-71ee-4396-b33e-b96d264d5f18,0.7432,CRITICAL,Control
8ab8a145-4075-4859-aed5-40beca3eaa84,0.7432,CRITICAL,Control
8f4eb609-c53a-4838-bec4-e0d3bb58208b,0.7432,CRITICAL,Control
4e101106-0be9-4c4f-bff7-116630633207,0.7432,CRITICAL,Control
26c0183c-ccc1-4696-8b23-b6996af102ae,0.7379,CRITICAL,Control
af9ae97f-ad6b-428d-911c-69d97550921c,0.7379,CRITICAL,Control
ce4e805f-30ff-46d4-a5f0-111c454d10e8,0.7432,CRITICAL,Control
1cc97877-03a7-4c2e-ba31-1293e2f8fb22,0.7432,CRITICAL,Control
fd399a96-b6bd-4f94-8f41-ba07493a2a89,0.7432,CRITICAL,Control
374ce510-0689-458e-b57a-fa61878be012,0.7432,CRITICAL,Control
37e7e771-2614-4288-9dde-e7cc61f4fe61,0.7379,CRITICAL,Control
590a7da8-69eb-41eb-b0f9-4e081419af07,0.7432,CRITICAL,Control
a41f07e0-3ee9-4d5c-bdb8-16d8525b3fef,0.7379,CRITICAL,Control
76fd9cb7-815f-4f84-8d7d-db58949afe03,0.7432,CRITICAL,Control
099a4b2f-b977-4e61-a2ce-9eafd361c95d,0.7379,CRITICAL,Control
43412ed5-973c-49c5-a9e2-325d25ff5c02,0.7432,CRITICAL,Control
4247bc94-e349-4cd7-8256-cb9af055a4bd,0.7379,CRITICAL,Control
4b1321bc-3d77-4635-9f7a-908ec5e5c4c2,0.7432,CRITICAL,Control
5c76c729-3aa9-46ce-ba25-936dd31ec7b1,0.7423,CRITICAL,Control
a732eaca-abe0-4e20-a2e6-fc8df131a370,0.7379,CRITICAL,Control
d78211cd-3bca-429d-bb16-480065403523,0.7379,CRITICAL,Control
83d8e596-1bf6-48b8-aeef-309355f11877,0.7432,CRITICAL,Control
33703fae-a852-4e47-942a-de82e27e04d6,0.7379,CRITICAL,Control
72c48534-309f-454e-b6e9-f9e03beb80bf,0.7432,CRITICAL,Control
9353b7b7-49cf-460c-a380-7145717c9a1d,0.7379,CRITICAL,Control
7e2a3851-eca0-4318-8cd9-d3ee65e5f83c,0.7432,CRITICAL,Control
80ace730-80ad-4a2d-b547-39ab1759ec0a,0.7432,CRITICAL,Control
22284751-64ba-4008-8bc9-42de32c39271,0.7379,CRITICAL,Control
9417b638-6b8c-45c7-9b2f-f1b61da5def5,0.7379,CRITICAL,Control
3d30c445-59b8-4dea-a666-247f5d97af12,0.7432,CRITICAL,Control
b766732f-cdec-4d60-916c-f2484c93cccf,0.7432,CRITICAL,Control
cba1a46e-31f0-4326-aeb5-d4fcc30882c9,0.7379,CRITICAL,Control
230bab97-9e88-41c2-8f5f-4393a6effa2f,0.7432,CRITICAL,Control
d097f940-1abf-48a0-98d1-fdc11d45b01d,0.7432,CRITICAL,Control
660a5411-8b50-4a97-a043-9001d52f89ad,0.7432,CRITICAL,Control
e5371901-6d43-4891-a3f6-5c21dde878ff,0.7371,CRITICAL,Control
eaa4c3d6-ed05-4277-8a64-0dac5cc5e2c5,0.7379,CRITICAL,Control
7407ee33-11e1-4f9e-bd05-1c9fca797453,0.7379,CRITICAL,Control
1e0d8709-2ec9-4e28-acc0-b37992fa66d5,0.7379,CRITICAL,Control
e3389cfe-57cb-4abf-9ead-fbd5a2dd2218,0.7432,CRITICAL,Control
c6999715-3791-4da9-b8e6-4035a0c84cc6,0.7379,CRITICAL,Control
a7f33f4e-4507-418e-b264-d4bf76c3e89a,0.7379,CRITICAL,Control
6c21f41d-b463-4ead-9309-4b1c11ce7eb0,0.7379,CRITICAL,Control
f08f26b4-b67f-44ef-aae2-b08e2d21f08e,0.7379,CRITICAL,Control
5ce385ca-b69d-4258-8f0b-be5926665431,0.7379,CRITICAL,Control
ce45ca04-41ec-4350-b11a-942a274fbffb,0.7432,CRITICAL,Control
3c85948c-3c9d-4616-b5d0-7a559df5ad33,0.7379,CRITICAL,Control
e672c45a-3f28-48de-8320-66b2269f7f93,0.7432,CRITICAL,Control
78bec732-f31d-4007-81f7-85a7b80342ae,0.7432,CRITICAL,Control
bba76fda-ee19-440e-9797-1bf75ac14aca,0.7432,CRITICAL,Control
5cb1429e-a7d8-47d2-b087-187fe4237778,0.7432,CRITICAL,Control
7272c403-9780-4f46-9ed3-295b21c181d1,0.7379,CRITICAL,Control
78df40b2-5eea-4721-a71d-f8a3ff46d7b9,0.7432,CRITICAL,Control
cd31114c-6a67-47cd-9463-05c2c91c2f1e,0.7379,CRITICAL,Control
10a33153-685c-4eaf-97b9-7589eea723a0,0.7379,CRITICAL,Control
fa8d2e2f-c5eb-4983-b9ed-23845a4b8e26,0.7379,CRITICAL,Control
db3fa297-b14a-47c3-b524-74d7718ec594,0.7432,CRITICAL,Control
abd9f153-5efb-47ba-af3b-108a53f8932b,0.7379,CRITICAL,Control
902ef48d-ce61-4c2e-9cfe-775205fe605c,0.7379,CRITICAL,Control
52b4ec7d-79ca-4913-891b-b5cd0fe1fdf3,0.7432,CRITICAL,Control
8d4177db-2e49-4652-a051-1bd0ca81e819,0.7362,CRITICAL,Control
db315171-4e96-4ff2-9695-af1a55248ad0,0.7432,CRITICAL,Control
db933c93-d8a9-40eb-9620-cb6da9e24279,0.7379,CRITICAL,Control
9d548f7a-f359-4afb-8cd4-89e6b3cd822e,0.7432,CRITICAL,Control
0040e638-4265-4d3d-9bbc-f93bc36f1336,0.7379,CRITICAL,Control
16b67f8c-bca8-488b-a30f-9c2ff974a4ed,0.7379,CRITICAL,Control
ea6d8f0a-a87f-4e46-a050-0accb8663367,0.7432,CRITICAL,Control
f745ce86-e6ea-440a-a0b4-c521567a9e36,0.7432,CRITICAL,Control
09315973-7375-4a0b-a8f8-2dc37249d78c,0.7379,CRITICAL,Control
bb8ef45e-c818-46ab-8e28-ee552116fffe,0.7432,CRITICAL,Control
08e4f261-d78a-4422-80c6-75fd1daf9750,0.7379,CRITICAL,Control
7879abf9-eb23-4876-8b71-b6d213837aa6,0.7379,CRITICAL,Control
c0814906-b9ea-4f73-b611-ec18e7d904d5,0.7432,CRITICAL,Control
04e50dc9-5187-4e46-a28b-69892e79cea2,0.7432,CRITICAL,Control
c350627b-0cee-49a4-8bf2-560226d58151,0.7432,CRITICAL,Control
c9a18f03-52b5-4cb6-b7cb-aa2ed8b93552,0.7432,CRITICAL,Control
428332c3-7e96-47fa-917d-acb7d4281ea0,0.7379,CRITICAL,Control
52d04b99-f8fb-481c-a2a7-c042903f51ce,0.7379,CRITICAL,Control
e8fa5a99-e5e9-442e-9a4c-ee83e9473e10,0.7379,CRITICAL,Control
d5773c09-ed48-4d97-918f-c173ad784b72,0.7379,CRITICAL,Control
1b6ab888-9b08-4cc9-95b5-bbad4f7f3886,0.7371,CRITICAL,Control
4726bdf3-da71-406d-b1b8-cf881b436de8,0.7371,CRITICAL,Control
8c8c4f53-c4ed-47eb-b87c-4c03bb7326dd,0.7432,CRITICAL,Control
cac262c9-6c87-4b26-a954-14eac9f6dfe9,0.7432,CRITICAL,Control
041af44e-4259-4deb-9525-9778ef6971cf,0.7432,CRITICAL,Control
1141a37f-6f4f-44ea-8fa9-8c2e9aa28f8f,0.7432,CRITICAL,Control
b9b9fc97-e44f-4b7d-9b5c-1da85dae88c4,0.7379,CRITICAL,Control
609d0b72-c87f-4466-a154-1815a452acf3,0.7161,CRITICAL,Control
34a0beff-e5f1-48cb-b96d-9535bf0c4cd5,0.7379,CRITICAL,Control
0400b91e-dd0d-4f85-885d-2baac3b15605,0.7379,CRITICAL,Control
aa966e5d-4939-413e-b592-bb35f8ea3b98,0.7432,CRITICAL,Control
09fa1994-9168-4308-91e4-a2fed6a36fd8,0.7432,CRITICAL,Control
a2455a60-0bde-4d37-b9ce-49fc450607f1,0.7379,CRITICAL,Control
fc3ae1b5-b8ce-4a9d-90d6-bf1f93b227df,0.7379,CRITICAL,Control
18ae4f00-639f-4f4e-a451-5f5aedbd4fab,0.7388,CRITICAL,Control
4f7c142c-d6cb-40c1-ac70-22d955b6063e,0.7371,CRITICAL,Control
aa2392e2-8026-4867-8783-0825c08eefbd,0.7379,CRITICAL,Control
0d785f09-fe09-49ca-8c0b-c916ff2bcd18,0.7379,CRITICAL,Control
a1f7ed85-148d-4591-a652-15e15d769290,0.7432,CRITICAL,Control
dfd36ccc-f305-4a3b-8140-a9d86d2edddb,0.7432,CRITICAL,Control
0cd02f48-110b-4b5e-8caa-57b85e42f014,0.7379,CRITICAL,Control
155b2d2f-fd37-4b4f-80fb-2d4d267f8757,0.7379,CRITICAL,Control
4315bc93-4a5e-4c4c-aa9b-760394d01990,0.7379,CRITICAL,Control
4dd4756e-914e-470e-b555-483c118ecc95,0.7432,CRITICAL,Control
204565cb-cf75-47b0-abec-7071a5fae53a,0.7379,CRITICAL,Control
a9728e06-b413-4c28-a908-dada936db614,0.7379,CRITICAL,Control
30c512d8-980b-4194-abfb-d69fa621c330,0.7379,CRITICAL,Control
c9c1eb4e-24bd-4d84-90fd-c41ab3675b8a,0.7379,CRITICAL,Control
bcdb8f0f-c71d-4b67-adaf-fd8faa5b3430,0.7432,CRITICAL,Control
084d555f-b441-4c57-8e18-bcbbcfab5014,0.7432,CRITICAL,Control
e866d476-0088-4f7e-88a3-777c916f3ef6,0.7432,CRITICAL,Control
71bffff6-fe06-4dd1-9ec1-1c060c4ab6e0,0.7379,CRITICAL,Control
f4cb81d7-f876-4f13-9873-7f991c9de748,0.7371,CRITICAL,Control
ae0b198f-9f39-4fcf-bdce-8e56489009f2,0.7379,CRITICAL,Control
bed255e0-a247-4047-aee9-4f47641a88f0,0.7379,CRITICAL,Control
44658f25-0ffa-4450-9163-49471bebbdde,0.7432,CRITICAL,Control
16ae4fda-690f-4404-a0ef-a2bb3b35dda3,0.7432,CRITICAL,Control
934eefe4-b9d1-46dd-b133-d4395bcebf56,0.7432,CRITICAL,Control
0a476e07-cdc7-4069-b601-44120de3eb10,0.7379,CRITICAL,Control
4617180a-53fa-4f7c-8921-5dee40670ed9,0.7379,CRITICAL,Control
eaf0053d-de58-4a6e-b456-df1ff9f2d989,0.7432,CRITICAL,Control
0dee95b2-2832-4886-ab84-ced46a1bc138,0.7379,CRITICAL,Control
41bb2e15-681d-486f-926c-6c35b87dcc6b,0.7379,CRITICAL,Control
751bcf61-bfea-4fb4-aa1e-960f0c811741,0.7307,CRITICAL,Control
61aa63e1-64ee-429c-97e5-3568a5958314,0.7379,CRITICAL,Control
a9086996-e544-4e74-8584-174189e155e5,0.7432,CRITICAL,Control
1a70e5e7-f1ed-4a08-a886-967369bf0909,0.7432,CRITICAL,Control
9729cc0e-6944-415b-bc51-6e38e3532d5e,0.7432,CRITICAL,Control
a2d62ac0-2b65-44ea-bea9-0f180c972c81,0.7432,CRITICAL,Control
23c0cfd6-97ec-4447-bf98-7546098a758c,0.719,CRITICAL,Control
745239f2-b867-4a6e-9db9-2801d327bbb5,0.7432,CRITICAL,Control
22f6d6fe-5972-4a9d-b04e-75ae71dd8dec,0.7432,CRITICAL,Control
e126823d-4f95-477e-aa7e-25a6e65370bc,0.7432,CRITICAL,Control
4623fca7-22a9-492e-a44c-0bf567a64a53,0.7379,CRITICAL,Control
8af23920-2729-4087-bc9c-cf1e6236d4f9,0.7432,CRITICAL,Control
81f16e47-30f5-4d48-a058-d37f5b309c95,0.7379,CRITICAL,Control
2e130869-88fe-47ac-a229-77df83b90ba7,0.7379,CRITICAL,Control
580482cb-30a8-423a-843f-5ff5b0cdf6f8,0.7432,CRITICAL,Control
c5532c06-e196-4cc8-ac05-8d5cc74eb7c1,0.7432,CRITICAL,Control
df577b01-c90b-4e1e-8c6b-cdba9db3acf6,0.7379,CRITICAL,Control
8e682666-59e1-4495-b47b-e8edace0865c,0.7432,CRITICAL,Control
024c43a8-f7a7-4856-a432-c69011eaa750,0.7379,CRITICAL,Control
3e869252-4633-4abc-9a3f-3273c809cae6,0.7432,CRITICAL,Control
28a37f92-4c1b-4a12-8289-1351cec574a5,0.7432,CRITICAL,Control
3b15603e-f19f-45ed-8d00-37ae990157c4,0.7432,CRITICAL,Control
0dd2eaf8-8930-4894-884d-54a3e01f440d,0.7432,CRITICAL,Control
06ec619c-69d2-4ef8-95ec-f982e9f95700,0.7379,CRITICAL,Control
30795ef0-19a7-4d4c-a4a6-4c2ea4ccfd98,0.7379,CRITICAL,Control
43c427c6-7b7f-43a4-a060-42add96df210,0.7379,CRITICAL,Control
862df697-2784-42f0-b92d-218c9ce6c436,0.7432,CRITICAL,Control
cef770af-61b0-4993-8d35-0ad4aaa2c582,0.7371,CRITICAL,Control
9996aca7-ab9d-42d9-a6e8-2d31fc142afd,0.7379,CRITICAL,Control
89e176d6-3d20-4c2e-bb36-1c3372dee776,0.7379,CRITICAL,Control
df2539eb-33d6-4723-8967-85ad35939265,0.7432,CRITICAL,Control
0e8ec463-279e-4e3c-8903-47e3011ccf84,0.7379,CRITICAL,Control
abfe1e48-72c4-4a07-888f-6d35861e267e,0.7432,CRITICAL,Control
3ddf2a58-ec31-4107-9475-582924ceab89,0.7432,CRITICAL,Control
8f499a7a-289c-4e9d-a8bb-a9a2bbc1e649,0.7432,CRITICAL,Control
0c5a7088-2d8a-4951-b0b8-46180d66661f,0.7432,CRITICAL,Control
4596a8ec-74f8-4437-a855-8bcfa4634c53,0.7432,CRITICAL,Control
03d175ed-8d92-4281-810f-d05afaec6b92,0.7379,CRITICAL,Control
c259e4ff-6eb2-433b-92fd-c15547fa870c,0.7432,CRITICAL,Control
52359ba9-2994-4c22-9a22-44fc54a50df6,0.7379,CRITICAL,Control
d1cab392-7fa3-436f-9f62-c575f4a3bf54,0.7432,CRITICAL,Control
6d96a5b3-28ed-47b0-8663-7acad1cc013b,0.7432,CRITICAL,Control
9156b578-e566-41c2-9c32-208febcf48c0,0.7362,CRITICAL,Control
7bb15322-5765-448d-bcbe-de52c39035b0,0.7432,CRITICAL,Control
3a230160-745a-4809-9880-b3b5a862e86b,0.7379,CRITICAL,Control
eb600de7-b11c-4750-acbd-cbe065e6d819,0.7379,CRITICAL,Control
c73632f5-fd0c-4b6f-87ac-a17ba047bd16,0.7379,CRITICAL,Control
a015896c-831d-4e00-a2f9-6967c869ddf5,0.7335,CRITICAL,Control
6f5b01d7-8a9e-4200-854a-050b9311f973,0.7379,CRITICAL,Control
f9b1d157-4ca5-4c12-8945-571e717829cd,0.7371,CRITICAL,Control
086c1f2b-b193-417d-b50d-3c4ae67b4332,0.7379,CRITICAL,Control
ed580593-b709-4ec0-8ea4-88f7f6b5d2e3,0.7379,CRITICAL,Control
203d62b9-085b-4c95-a363-dd38d1a5ef7d,0.7353,CRITICAL,Control
b4cc2406-2e03-4a48-968a-73bac7a1a040,0.7432,CRITICAL,Control
17a8eef7-98e3-4c1a-b685-9996f66076e5,0.7379,CRITICAL,Control
3b8e5715-5f2b-49da-99ff-76f0df9681b6,0.7432,CRITICAL,Control
267bd334-05d5-4fd7-b9f8-5d53d5ce737f,0.7379,CRITICAL,Control
2568c6d3-953b-40de-8333-4f7af3b7df7c,0.7432,CRITICAL,Control
7e3e8909-bfbe-495d-9b7f-2b1fb6a9eb59,0.7432,CRITICAL,Control
50fa7f80-6bfe-4186-87ff-a446b495bd4e,0.7379,CRITICAL,Control
ebbff0a7-1548-40ad-b33e-b193d706488e,0.7379,CRITICAL,Control
b14ab95d-616c-4228-9c26-605fd7d87f1c,0.7432,CRITICAL,Control
b872209b-b6e6-47d1-8713-334546ef8e89,0.7432,CRITICAL,Control
58c1f0f5-34c5-468c-9c02-de213a72aad2,0.7432,CRITICAL,Control
07deadb3-f1af-4ffb-b17b-41a76a7d0111,0.7379,CRITICAL,Control
608b19c1-621c-47f7-a3a0-c0d7aff5c922,0.7379,CRITICAL,Control
84793995-4d14-481b-94a5-4fde84389f37,0.7432,CRITICAL,Control
4a8682ef-f991-4816-87aa-a9dce6707b93,0.7432,CRITICAL,Control
81737523-05b7-4997-9767-87900566bc20,0.7432,CRITICAL,Control
ae3fc7c6-e2b8-4993-b98d-e375c1be656c,0.7432,CRITICAL,Control
41a9b3bb-3601-4a73-af66-97fb87bb6358,0.7379,CRITICAL,Control
389134ee-0f41-4a85-b3c4-95967a8b4ea0,0.7379,CRITICAL,Control
03bc6a70-8b3c-4917-b958-b9d60c1a8a66,0.7432,CRITICAL,Control
8e22fe1d-3a9b-4749-8b6e-8f0faa0ce6a3,0.7379,CRITICAL,Control
f36639c6-6bbf-401d-b31b-d52da2c4400f,0.7432,CRITICAL,Control
5a779e17-54a8-418c-98d8-04468f98e03f,0.7379,CRITICAL,Control
110afa6c-91a7-4144-84c0-b4758b825892,0.7379,CRITICAL,Control
086b8a26-227d-495d-8bec-da1496b03d4e,0.7379,CRITICAL,Control
a8d808f8-8af9-43ae-b203-07204aad0e5a,0.7379,CRITICAL,Control
39e1f26e-eaba-40f3-8012-e9239c74658c,0.7432,CRITICAL,Control
275e1b53-5d55-473e-bbd6-7eef773f7d6d,0.7379,CRITICAL,Control
6a9b9197-17d7-4f01-8af3-acf72ce85735,0.7379,CRITICAL,Control
b410e91a-deb0-4a57-a1c2-12685efdacb0,0.7371,CRITICAL,Control
772bae44-02a1-4c44-ab68-7ee0a96e75ab,0.7379,CRITICAL,Control
ce51c336-5cca-444e-a5d7-7fe2f920d00b,0.7379,CRITICAL,Control
8db8b622-7d27-4d55-a48f-8585825b69ae,0.7371,CRITICAL,Control
18d702c5-9816-4d6b-8efe-3efb3e9a1e28,0.7379,CRITICAL,Control
e3c35ad3-4da2-4d5c-99a1-ef7375b4def3,0.7432,CRITICAL,Control
d57d91fe-e228-4105-8716-d63186262525,0.7216,CRITICAL,Control
8c118e1d-b02e-474f-ad7a-e7cb6eda6570,0.7432,CRITICAL,Control
5cf67b98-a12f-4356-bddb-5120d9aec025,0.7432,CRITICAL,Control
8c8725af-c056-4165-bc96-49c03435a1f8,0.7379,CRITICAL,Control
b30e4f5a-1333-4ad7-8679-1b96c270b5d8,0.7379,CRITICAL,Control
b693d16c-4f70-4f36-9f90-b22c026377ec,0.7379,CRITICAL,Control
ff6c31ac-35ac-45e3-a07b-3a49ac13375e,0.7432,CRITICAL,Control
7cf5a79f-4065-4de7-a5a6-07f99a02440e,0.7379,CRITICAL,Control
02feaacc-77be-4db5-ba89-9f34cb106665,0.7379,CRITICAL,Control
cb0e0ba9-d55a-4901-971d-3c7bfc352dcb,0.7432,CRITICAL,Control
f523dc25-b694-45c5-89ab-43f0da05ef5b,0.7379,CRITICAL,Control
80878b35-1195-4754-9104-42e46a39f19d,0.7379,CRITICAL,Control
faf68e41-005b-4a15-a13d-24f54c8e85b7,0.7379,CRITICAL,Control
169fa802-dc54-4b76-bf7a-379c86d8734e,0.7432,CRITICAL,Control
84dd2a53-db68-4bdc-83db-5dad419fb072,0.7432,CRITICAL,Control
7309a8cb-952c-4536-95b9-510862b2ed21,0.7379,CRITICAL,Control
226d0d73-391e-4263-b751-ef7750f730cb,0.7432,CRITICAL,Control
54fa3eb3-0633-48a1-8334-01680970db86,0.7432,CRITICAL,Control
04c8ed4e-7483-4668-ad45-896283995088,0.7379,CRITICAL,Control
dbb5ea25-d9c0-40fa-99c7-9dfde1cc8249,0.7432,CRITICAL,Control
8522363b-fc46-4daf-98e4-85e74ff0ddb9,0.7432,CRITICAL,Control
35025f05-9c63-46b3-b889-0ae2e8efff81,0.7432,CRITICAL,Control
f1c3aeb2-630b-44bb-87b0-5990b1792809,0.7423,CRITICAL,Control
d10d0dad-f440-4092-a7d3-eebca1f12199,0.7432,CRITICAL,Control
f7b37627-4e35-4a8a-ad82-6a460fe135f0,0.7379,CRITICAL,Control
2d0a54c3-392e-4c8d-ab3e-d9c119fd2f4a,0.7432,CRITICAL,Control
1f761d7f-3d3b-4784-8cdc-563c2581b020,0.7379,CRITICAL,Control
b09f6b2e-b346-4e9b-a224-931657a738ae,0.7307,CRITICAL,Control
54112119-d95b-4962-9f69-e5f0b89a1b2e,0.7432,CRITICAL,Control
52e957b4-b401-4028-9a20-4b08436f06f5,0.7379,CRITICAL,Control
e3360d30-960a-48de-8070-3a668cab9d44,0.7379,CRITICAL,Control
505bf922-48ce-4670-9c41-19f45e3a4414,0.7379,CRITICAL,Control
91f8370e-8360-45fd-af93-94f0e3127312,0.7432,CRITICAL,Control
64254cd8-56fe-451a-8c1d-60961c7c5ff1,0.7379,CRITICAL,Control
593daeb8-347d-4933-b998-0c87951f27df,0.7379,CRITICAL,Control
4ae80b4a-e809-468f-a8c5-dc450dcc703a,0.7432,CRITICAL,Control
8890fee0-db0f-4c1e-9d88-49cc9fa3a05d,0.7379,CRITICAL,Control
afa3d029-86d5-405a-9e4b-aee1642dec1b,0.7432,CRITICAL,Control
b6ca90ce-329d-4a8c-8831-a1be910e6d11,0.7379,CRITICAL,Control
cf384147-8a5d-4ff2-ad2a-ebf9e3d36178,0.7371,CRITICAL,Control
a14b4526-5c22-4b4a-a5a0-5c479dab4640,0.7432,CRITICAL,Control
2817f657-54bb-44fe-960c-07212c8ad437,0.7432,CRITICAL,Control
ee627004-4876-49c7-86ad-30575873b2de,0.7161,CRITICAL,Control
81b09ecb-1242-48b8-87ce-e8a138c948b6,0.7379,CRITICAL,Control
3d9db9a7-5187-4f6a-bfb7-0dc86fb4a3e0,0.7432,CRITICAL,Control
690aeb20-a270-481c-b968-0afeb0dd536e,0.7379,CRITICAL,Control
c4b196b3-ebd1-4af4-8d73-40424070a95f,0.7379,CRITICAL,Control
75d5a659-4bfa-456f-8315-833d6d9b4e08,0.7379,CRITICAL,Control
9ee5bbf5-2b1b-4ab9-bfd5-d84dbc3db127,0.7379,CRITICAL,Control
d2050414-4812-458c-b5b2-0a553ff1ce8e,0.7432,CRITICAL,Control
37539351-4e7d-4472-9290-66ab86d3a860,0.7379,CRITICAL,Control
90cceb99-588a-4a72-b0c7-42fb16e318f6,0.7432,CRITICAL,Control
3200d39e-987b-44a3-bca9-a7cfa8984307,0.7379,CRITICAL,Control
3e79bc78-37ff-4311-8139-c511f3cc1401,0.7432,CRITICAL,Control
cccb19e4-bad4-4447-a496-3da49c09242d,0.7379,CRITICAL,Control
b1c1084e-fa65-443f-896d-150b97242d66,0.7432,CRITICAL,Control
d688b045-fa61-4184-90cc-3d110157238d,0.7379,CRITICAL,Control
d2468fe2-ff62-4945-ade2-91d6b426eb43,0.7432,CRITICAL,Control
a035d048-1d14-47f2-abeb-d71f3e68c8af,0.7379,CRITICAL,Control
1ddc6b99-a6bf-4286-99c0-89a6a5a55e11,0.7432,CRITICAL,Control
cabefe51-142d-4525-8ec2-a2539acdaeac,0.7432,CRITICAL,Control
79d1a4c9-9165-4d49-905f-59141e5a6b96,0.7432,CRITICAL,Control
76313adf-9ebf-46b9-b1c4-405224113acb,0.7432,CRITICAL,Control
e9c8564d-3362-48d6-982f-bc6e5f9666be,0.7432,CRITICAL,Control
b8abe184-6386-46fa-9310-9c500e3a975f,0.7432,CRITICAL,Control
f624e5ff-3c58-41ab-9092-5d66787f151c,0.7432,CRITICAL,Control
fcbd07e4-d404-4b46-8978-ec2585d31778,0.7379,CRITICAL,Control
b6bd9f23-40f6-493e-90d9-5b8556b40762,0.7379,CRITICAL,Control
81185f2d-412f-4d7b-b6dd-7c92a2c846ec,0.7432,CRITICAL,Control
ded36b82-d466-4841-9ee7-96bb9e538e4c,0.7432,CRITICAL,Control
47b40cd2-1d16-4afd-9ca7-ecd7369160ea,0.7379,CRITICAL,Control
25b9ea69-121b-455f-bb51-b0576523de64,0.7432,CRITICAL,Control
548dd067-7ac6-4bac-9aa5-5e79009f9a41,0.7432,CRITICAL,Control
b6ecaf84-bbe2-4ee1-a6e6-d9e883ce9b79,0.7432,CRITICAL,Control
57039ab6-cb10-4cd2-9691-df91a483f570,0.7371,CRITICAL,Control
e67e70ae-904a-4a05-8861-d9cbc27a7701,0.7432,CRITICAL,Control
aed64452-16ff-4e84-be98-e510c5ab26f3,0.7379,CRITICAL,Control
fbde5ed4-3501-4f95-8c50-44c1b2c5b2c4,0.7432,CRITICAL,Control
76495c3d-4c47-4dca-8956-426ece73be48,0.7379,CRITICAL,Control
63ca71b4-2a9b-46a0-a749-b165a973ee84,0.7432,CRITICAL,Control
309d5632-0946-448a-9699-77e7f1d9f588,0.7432,CRITICAL,Control
82d7d4a1-be11-4717-8f2f-6f6d9a002fd0,0.7432,CRITICAL,Control
6126a93b-8331-4749-805e-f7e732f89f5b,0.7379,CRITICAL,Control
09d3dfc4-cfaf-4e45-80f1-6c45722223d2,0.7379,CRITICAL,Control
607c37b1-f635-405d-b5e5-132cfcc99789,0.7379,CRITICAL,Control
69ed2770-1778-493b-892c-2ebc829ae7aa,0.7423,CRITICAL,Control
7a4c6b0e-fe0e-4746-b77a-efc0b39bfaf4,0.7432,CRITICAL,Control
ce4c586e-0e5b-46e1-b44b-2206d9ff1139,0.7432,CRITICAL,Control
347365da-4788-42c6-a3de-99c5f689ffb3,0.7379,CRITICAL,Control
3da0732b-1510-4a8c-a439-d8f91bcdbb76,0.7379,CRITICAL,Control
146730ce-73a0-49f1-86a1-4ee0e48b5281,0.7432,CRITICAL,Control
938fd119-5d22-4e5d-99bf-21aa1eb9e88c,0.7379,CRITICAL,Control
ec20a0b7-93e4-40c2-bda7-dfefaf6a59e0,0.7432,CRITICAL,Control
0df1901a-43f8-469e-994b-fb0d372795c4,0.7379,CRITICAL,Control
5a7f9aa5-098a-4ecf-ae57-d1327f7789d6,0.7371,CRITICAL,Control
a3d70da0-5789-41aa-a67d-86ff19a59a3c,0.7379,CRITICAL,Control
c8eae73b-41ef-44e8-8810-bd18963f11a3,0.7432,CRITICAL,Control
3adff7f9-918e-4033-a1dd-5a10c3af1f90,0.7432,CRITICAL,Control
9dea12a8-ffb3-4b84-9450-86eb735428d2,0.7432,CRITICAL,Control
3e82bbe2-ac60-4d05-9e45-1fb41e20faec,0.7432,CRITICAL,Control
390e1a09-eeb0-42b5-908a-c9ef9cde40a0,0.7432,CRITICAL,Control
0938f801-8892-41dd-a945-c8373cd8fd78,0.7379,CRITICAL,Control
0bdef3ed-ce29-4d23-9639-737558a793f6,0.7432,CRITICAL,Control
46c338b1-f086-4c51-9e95-192848692745,0.7432,CRITICAL,Control
b9dbe17b-de88-4124-9db8-8a6dacf43df3,0.7432,CRITICAL,Control
0b5b0ff0-81e4-486e-b0c6-ec0f2ed3eff1,0.7432,CRITICAL,Control
e69066e0-86bf-4ed6-b550-67da8877d7a2,0.7432,CRITICAL,Control
4727dbde-9063-4901-be1c-45c167502cdc,0.7432,CRITICAL,Control
e1314b55-d610-484a-a139-761236fe2723,0.7379,CRITICAL,Control
745fd4e0-778d-4890-9c0a-9b0398a74b5f,0.7379,CRITICAL,Control
15653335-03ae-4311-ac09-6edaa05114ce,0.7379,CRITICAL,Control
99e96e4e-34ac-4459-ac52-f16928e45393,0.7432,CRITICAL,Control
c1e900a1-1af5-43cb-9b55-d28b38aa9671,0.7432,CRITICAL,Control
121a7a8f-285c-4fdb-878e-c41eff98478b,0.7379,CRITICAL,Control
6b90cd6b-33b3-4705-bbeb-4fb1cd56b16c,0.7432,CRITICAL,Control
dff7ae2b-d994-42fa-b8bd-cc5c0fe1bea1,0.7379,CRITICAL,Control
de43c2e0-8d63-47e2-b39e-3e8485eeef86,0.7432,CRITICAL,Control
e1f2280b-8f95-413b-8fb2-24efb0c52b19,0.7379,CRITICAL,Control
b3f522f1-8cbc-4474-b2ef-4d9bb8cfa255,0.7379,CRITICAL,Control
7d8bddde-be3c-4899-885d-e653deaeac97,0.7379,CRITICAL,Control
4f6b71f2-226b-4527-82e5-d8cae703daf8,0.7105,CRITICAL,Control
0dcc3420-88b3-4505-b48a-dcd7f3071865,0.7432,CRITICAL,Control
58bc73ec-9ff9-421c-a5c3-19da9849e422,0.7379,CRITICAL,Control
2a90c343-48bd-415b-87f8-f31e2cc22b41,0.7432,CRITICAL,Control
e816664f-031e-4ef8-9275-2c9d21cf41a6,0.7432,CRITICAL,Control
703e09f5-dca7-43e8-b887-7721b34d5fcb,0.7432,CRITICAL,Control
5aa08504-25ea-48b3-af71-d225766679b7,0.7379,CRITICAL,Control
ef761a9c-0b28-4972-a0f4-e7d27feee374,0.7432,CRITICAL,Control
3b514d0d-2efb-41ee-bd17-c0c41bdc4f9b,0.7379,CRITICAL,Control
3b08d171-03ff-44b6-82f2-1cc6601ba18a,0.7432,CRITICAL,Control
df50d811-ac47-47ff-98d5-dc1a32877be9,0.7353,CRITICAL,Control
94290fb3-bb6d-4612-9d94-9601f686e083,0.7379,CRITICAL,Control
0d13dd76-c967-44fb-920a-431a863fdc52,0.7432,CRITICAL,Control
aad06bea-570e-47bb-9b56-0c9e58a3a874,0.7379,CRITICAL,Control
103ae32f-26a5-4ef6-a3ab-81e51ce2ac48,0.7432,CRITICAL,Control
d55e2c55-be9d-4a2c-a865-4c325f6d0c87,0.7379,CRITICAL,Control
8a367e41-72a8-4023-a457-7634840fa007,0.7432,CRITICAL,Control
52c5f9d7-ce11-4165-8233-ce52d06bd2e0,0.7432,CRITICAL,Control
7def9fd0-2d1e-4901-87ba-46fac9ed9b12,0.7379,CRITICAL,Control
32e3e762-e865-491f-bbaa-3e47d7e9863a,0.7379,CRITICAL,Control
12441fb3-2d3c-4c02-a261-9b997b164ac3,0.7379,CRITICAL,Control
ff5f432f-ad45-44f8-8649-6d02260400f2,0.7379,CRITICAL,Control
48d746a1-6d85-42a4-8eee-1bba0acf2ef4,0.7379,CRITICAL,Control
712d64e6-27bb-4f2b-bf7f-31de18cedeac,0.7379,CRITICAL,Control
f2d6ac80-a9ed-472c-a983-38157a1fa1ce,0.7161,CRITICAL,Control
26b571c7-a610-461f-adac-d581b94904da,0.7379,CRITICAL,Control
263e7cc7-f6a8-4920-8cb8-0111bfb5b482,0.7432,CRITICAL,Control
751099f1-8b3e-44f7-9675-3661b6f9097e,0.7379,CRITICAL,Control
1c6c9689-a6be-40d5-b96c-9cefac370b6d,0.7432,CRITICAL,Control
b8b553e7-3d39-4d3e-8bcc-dc7062720dbe,0.7371,CRITICAL,Control
4aeca453-ca23-46c7-a024-a13c0473b9f6,0.7379,CRITICAL,Control
f63c4b38-06a6-4ce8-9c04-3326645a550b,0.7432,CRITICAL,Control
8b37a388-1e8b-4871-b2c2-6b7e9d3a190d,0.7432,CRITICAL,Control
3093fd07-5f35-4692-bea9-c10cd318c35b,0.7379,CRITICAL,Control
e9231dd1-2db0-4839-ad9f-6c0c0b02590d,0.7432,CRITICAL,Control
612cd910-8132-4152-9975-de9ec0d2c4bb,0.7379,CRITICAL,Control
7fcc3137-73e5-4e54-92ea-d0daa47c9ac9,0.7379,CRITICAL,Control
bec4ad61-f493-41e9-884b-711763afc7dd,0.7379,CRITICAL,Control
bb376171-8482-4207-9f94-8a9a067543c0,0.7379,CRITICAL,Control
baa33ede-980c-4c4e-83f3-64f5b1b6f68d,0.7432,CRITICAL,Control
83924412-63fe-42ae-96a0-fdaf988237f4,0.7432,CRITICAL,Control
9b866947-1325-4641-8f58-66468b825baa,0.7432,CRITICAL,Control
e75a40df-94d6-4c88-88f0-48dd2f393475,0.7379,CRITICAL,Control
2c5baba4-9ba6-4b5e-bdfd-95a7b270c9cd,0.7379,CRITICAL,Control
586594a5-3247-401d-baaf-84b2299ac998,0.7432,CRITICAL,Control
64ea7442-6917-4c68-9c51-7075b4719f55,0.7379,CRITICAL,Control
93bc508a-bcd0-4180-9fc3-0f5d867283e3,0.7379,CRITICAL,Control
0e30d157-466f-4f77-ad53-3bf72a361942,0.7432,CRITICAL,Control
f8799d75-de5a-4095-8f3c-f1571904b81d,0.7379,CRITICAL,Control
159da3ae-2e4f-40f7-83ff-3a0d5e4f168c,0.7379,CRITICAL,Control
318ca62d-39b7-4f76-afc6-133d5ad39ea9,0.7414,CRITICAL,Control
e24f3212-45fb-469d-a063-77d95688b1e8,0.7432,CRITICAL,Control
b2e29e96-a0d7-4896-876c-2a0b5fb6b72d,0.7432,CRITICAL,Control
b3c87f7d-85d0-4744-8a94-458351dfe6c4,0.7371,CRITICAL,Control
13cc4f2c-a6bc-4623-b807-b200ea59a2d2,0.7432,CRITICAL,Control
39bb8ee9-69fa-4ce0-adb5-81f34a8cdef3,0.7432,CRITICAL,Control
a872cfd3-c2f1-40f3-b22a-046f4f10600e,0.7432,CRITICAL,Control
33ce00fa-54d4-4109-a43d-3fb5a2fd4f83,0.7371,CRITICAL,Control
0e6e8701-8c61-44ed-8325-34aa9c50e230,0.7432,CRITICAL,Control
bd933617-0ab7-453e-aabe-fc155c11d4c8,0.7379,CRITICAL,Control
bc21153e-5fb9-4253-b3d3-8c7f35c58b88,0.7432,CRITICAL,Control
0d31af63-e285-4912-8f74-498732b96f8f,0.7379,CRITICAL,Control
6340419a-3b24-4315-8fb2-4b1d10c8ebba,0.7379,CRITICAL,Control
b2ce87b1-c191-4361-b97d-b553de693690,0.7379,CRITICAL,Control
5991a6ac-a471-4dc7-9cb5-4c3ed3dcb9bd,0.7432,CRITICAL,Control
b5f81664-a12a-437e-8352-b064a5d95732,0.7379,CRITICAL,Control
1f11d290-792d-477c-9000-be84bbd08e6a,0.7432,CRITICAL,Control
f359f7d9-ae90-4346-8f07-d491fa110515,0.7379,CRITICAL,Control
cd6e4a05-425b-426e-94d7-ebd0138498b3,0.7379,CRITICAL,Control
9c3a2242-87a4-481e-b4eb-24800c1f5fcf,0.7371,CRITICAL,Control
87583921-922b-4a91-a016-9f2797035b74,0.7432,CRITICAL,Control
628d89ec-7d74-4d57-9b63-19c775e7124c,0.7432,CRITICAL,Control
d1f73f0f-4062-4855-a7f7-2709cd1a4f1d,0.7432,CRITICAL,Control
363b1f14-05b5-4120-be27-461b54ae03ec,0.7379,CRITICAL,Control
41c2d11d-30ca-4315-af81-e9c3a2929666,0.7432,CRITICAL,Control
48b945b3-9a39-4031-86b1-3cc03ed0ce94,0.7379,CRITICAL,Control
396eb776-500f-4d6c-9f0a-6d72f35e4a43,0.7432,CRITICAL,Control
87df649e-55e8-4711-a4db-75a9f363d890,0.7379,CRITICAL,Control
900dc24d-7a25-4cc1-aca4-b4fdc3af73f3,0.7379,CRITICAL,Control
52f93ec2-5945-421c-906a-52a4b43615de,0.7432,CRITICAL,Control
5a33602b-0a37-46e8-99ad-51f78852f427,0.7388,CRITICAL,Control
aee9ed5a-b2f8-4f53-83e7-291af2690a70,0.7432,CRITICAL,Control
0e806caf-1739-4d85-b868-1752aa54aa07,0.7432,CRITICAL,Control
32a96e18-104d-4b1d-be4d-5f6d5f4606e6,0.7432,CRITICAL,Control
68ec953e-8aaf-4be4-b177-a3233ce073ce,0.7307,CRITICAL,Control
8e093d22-11d8-426b-aa88-673c9856a91f,0.7432,CRITICAL,Control
84655e80-9f00-49ef-8a14-efd7044a9d6a,0.7379,CRITICAL,Control
30bc9c4c-fcf6-4284-8cfd-829d15927be9,0.7432,CRITICAL,Control
90960d9e-a9be-43b2-a67f-98cf3f740e1f,0.7423,CRITICAL,Control
a538bfde-8d7d-4f37-9fde-73301a680d98,0.7371,CRITICAL,Control
b6e81986-44dc-4776-a5da-9edecace0b32,0.7379,CRITICAL,Control
2a52c7fd-784f-43dc-829e-0e44aa147723,0.7379,CRITICAL,Control
132fcdcc-41ab-450f-ba36-41e4c081dfe0,0.7379,CRITICAL,Control
70749e1c-e88e-477e-8999-03c2dacedf41,0.7432,CRITICAL,Control
c79e7da0-adda-453b-a74c-46b5eafa1f83,0.7379,CRITICAL,Control
9cf969f4-b16f-4930-9e19-4f8de1df3c94,0.7379,CRITICAL,Control
83b47c17-d28c-4417-95b3-2122386efefe,0.7379,CRITICAL,Control
15d8cc0f-2346-4628-93bc-f559216abec8,0.7432,CRITICAL,Control
2c7cfb61-84ff-4e69-bc7e-b01d664425e4,0.7379,CRITICAL,Control
65b75955-2c30-466c-a42c-4ca166783128,0.7379,CRITICAL,Control
733dcfd3-9794-4ac1-919a-69817217dff4,0.7432,CRITICAL,Control
34ade2d6-03c2-469b-8efd-5b89d1a7d2b5,0.7432,CRITICAL,Control
158bc73d-6e5e-4cad-8730-6b6f731898f8,0.7353,CRITICAL,Control
37699335-4885-4b1e-8699-5bb2da65fa9e,0.7432,CRITICAL,Control
82b683c4-28da-4646-ae31-4187ab4c373c,0.7432,CRITICAL,Control
68c42a17-b6fc-4524-b05c-2cba5bd4d0f1,0.7379,CRITICAL,Control
8d19a626-793b-4bb6-a858-74cb4fe524c5,0.7432,CRITICAL,Control
33061c57-60a8-48fa-9a5e-dc65eb63e2ac,0.7432,CRITICAL,Control
e8b5cddd-559c-4e83-aaa2-c79ac46e2d5a,0.7362,CRITICAL,Control
75706f2b-28a8-40d6-a652-2effc9ad9419,0.7379,CRITICAL,Control
13ad918f-b767-4374-88ff-db237aad7196,0.7432,CRITICAL,Control
bca5d0ad-8188-47eb-9787-0a16dac3c903,0.7379,CRITICAL,Control
35842593-b31c-408a-98ce-32211229611e,0.7379,CRITICAL,Control
b1ca5997-dc62-407c-b887-f9bac46ee9f3,0.7379,CRITICAL,Control
b1bfee31-420c-40f4-8e67-c9d7e871129e,0.7388,CRITICAL,Control
f1f9c74d-8d50-40d0-b0e4-10655de7787d,0.7379,CRITICAL,Control
b4b49d3c-80c5-4960-a132-7a90da93e75d,0.7379,CRITICAL,Control
be516b81-cd11-4903-8ee6-0eb86431e26e,0.7379,CRITICAL,Control
0670a1c8-47ff-4d78-a611-cd7a9e640118,0.7432,CRITICAL,Control
3a91696a-fa6c-412f-a8e4-a229b682e239,0.7379,CRITICAL,Control
8a7ac546-2589-4b78-be9c-0e648e723a03,0.7432,CRITICAL,Control
a4fe3bdd-f26c-48eb-ab86-28544f31ef98,0.7379,CRITICAL,Control
9383f989-634e-4432-a611-5d97a80fc563,0.7432,CRITICAL,Control
e87a717a-ddf6-4c57-860e-eeffa7b753c3,0.7379,CRITICAL,Control
8317cb2a-27bd-4549-bf27-ee4cb1f6a71c,0.7432,CRITICAL,Control
0253a651-0da1-4e9f-9e7b-62780d4a43fd,0.7379,CRITICAL,Control
b147962a-a16a-46a9-aaad-b949c0ba2704,0.7379,CRITICAL,Control
7c3fc7d3-416d-4d98-aa66-bb36bde465d2,0.7379,CRITICAL,Control
3e4f9711-eb50-40c4-a833-90eea573195a,0.7432,CRITICAL,Control
1ba09a41-1074-43d5-a7b6-d2d8d68af79e,0.7423,CRITICAL,Control
2d04c336-99fd-47a0-94f3-3833ec9273f5,0.7216,CRITICAL,Control
cb8312d0-6732-4ce4-a623-92bdbe4516ea,0.7432,CRITICAL,Control
b4fca347-6109-4b52-8a6b-614eaae5ca42,0.7379,CRITICAL,Control
2f9f9004-cdce-4594-904c-b8ff2ae2f5fd,0.7379,CRITICAL,Control
58e40aec-f9a7-48a8-94c8-53d833c23da3,0.7432,CRITICAL,Control
517ba08a-aa42-4ea2-ad5f-52407bd14e53,0.7379,CRITICAL,Control
0c7bf31d-8d38-426e-a6d9-64668195d136,0.7432,CRITICAL,Control
38793de9-59c3-469d-96ae-7a28c347fb01,0.7432,CRITICAL,Control
686938cb-40ab-4710-a531-e09b5b18909b,0.7432,CRITICAL,Control
503309d1-1479-4223-a89a-561ce7f5228f,0.7432,CRITICAL,Control
f18903e9-eb64-4a11-9596-fec56903eda4,0.7432,CRITICAL,Control
6a7f6b32-7844-42dd-9b35-70ebbb754497,0.728,CRITICAL,Control
e156187b-49cd-4e2c-92cd-b44675e85d16,0.7432,CRITICAL,Control
4e498c9c-fad1-4ce2-b955-7514e93363ca,0.7379,CRITICAL,Control
d2aafb7b-4edc-4e14-ac44-ea74b60cff86,0.7379,CRITICAL,Control
4fdbd8b4-24da-40a7-9934-0793f092f8d0,0.7379,CRITICAL,Control
502cb737-fd27-4c93-854f-46be19595ecc,0.7379,CRITICAL,Control
6543813a-2edc-4bc0-845c-7217ccf9d653,0.7379,CRITICAL,Control
0b45b413-b276-491f-871b-c080808293d7,0.7432,CRITICAL,Control
97cfbf6c-cfed-43c5-82e9-9f7c12d8fa7f,0.7432,CRITICAL,Control
9cca552a-b6ae-45f5-9398-23d0886c09cd,0.7432,CRITICAL,Control
d95bc570-7d7e-4193-b13d-5f4de56ddbb7,0.7362,CRITICAL,Control
69fe14c5-a2ef-4b42-9dda-30a1e9e4313a,0.7432,CRITICAL,Control
d7b88ace-3f23-40a4-9e8e-e2829db61433,0.7379,CRITICAL,Control
ff21d842-842b-49de-942f-ee837f212627,0.7432,CRITICAL,Control
7556253c-2133-462b-bc1f-a0659669d08c,0.7432,CRITICAL,Control
6d241ca9-bd5d-4656-9260-868bb9711aec,0.7379,CRITICAL,Control
d0c72002-c6de-4b53-804b-b43f29f7902f,0.7379,CRITICAL,Control
0eac87cb-ebaf-4bb7-a923-9c29aac1b2c3,0.7379,CRITICAL,Control
3dbfe2bd-e0bf-464e-959a-b9507140cc1f,0.7432,CRITICAL,Control
069fe0b3-0e5e-49fa-a7d8-b29bb353451e,0.7432,CRITICAL,Control
c21e3538-1898-4ead-8ee0-1da0a04c12f1,0.7371,CRITICAL,Control
0771dea7-8884-4cb0-adc4-d9729f2afb69,0.7379,CRITICAL,Control
6eb42cf0-3471-4259-9d95-f7c37bad55b2,0.7379,CRITICAL,Control
7a0dbccb-1717-4aed-8931-f6dd66682225,0.7432,CRITICAL,Control
3f8e6b9b-9cac-4653-94c4-edc4d95b760b,0.7344,CRITICAL,Control
1e064c29-22db-4659-9422-d476f5d04874,0.7432,CRITICAL,Control
29c4d806-867c-4629-905f-41cf0c5153cb,0.7432,CRITICAL,Control
7b255a51-8aef-4a3e-9d89-29d3dcc3020b,0.7432,CRITICAL,Control
0d156c9b-24a9-46fe-9232-dc163570d5df,0.7432,CRITICAL,Control
56412344-9925-420d-867d-4bf6d809401c,0.7379,CRITICAL,Control
d6bb99d1-c3ea-4868-bb8d-bd6d3e49ba4c,0.7379,CRITICAL,Control
16204543-d513-4834-a99f-f2302f2c3225,0.7432,CRITICAL,Control
98a36b15-7c88-4606-99fb-bdd818d68d58,0.7432,CRITICAL,Control
b37ae15a-02ac-4091-a3bd-62c6c45327f8,0.7432,CRITICAL,Control
fb20eb07-9e41-4e16-ae68-d816327cfa4f,0.7432,CRITICAL,Control
c27a361e-c32d-4489-9d37-6b5eb73f644f,0.7371,CRITICAL,Control
1e0a6aff-a653-42e9-b813-6cea1ef29d0d,0.7432,CRITICAL,Control
3d3f9566-ad74-4578-8747-447f086e81f0,0.7432,CRITICAL,Control
4e8a323d-133a-47c9-8e16-f8d3c3a73efc,0.7379,CRITICAL,Control
1cf67ea3-253e-4612-a222-aef4f6a3093f,0.7432,CRITICAL,Control
c79518fc-1b67-4c40-90bb-2c5d30b5c375,0.7379,CRITICAL,Control
de237212-3e3b-4e16-a570-f0da81dac48d,0.7432,CRITICAL,Control
6025114c-4e72-4f51-8f6a-775048a0ef59,0.7432,CRITICAL,Control
0c1faa8e-e941-4a69-841a-553e06f5b318,0.7379,CRITICAL,Control
61ee05c1-b64c-435b-93fb-428b5bc11c73,0.7432,CRITICAL,Control
e82461ba-483b-4cab-b2c5-afedee156225,0.7432,CRITICAL,Control
65bedaba-1be9-4bf0-8ca9-0f842ca1f827,0.7432,CRITICAL,Control
077e132c-5471-45fb-9660-5bac5e86f6f4,0.7432,CRITICAL,Control
7c037065-45a0-4e18-8dbd-fef365e06d79,0.7432,CRITICAL,Control
c60ec0fa-fe41-46ff-b93f-b8e2a5186b08,0.7379,CRITICAL,Control
b781ca10-0064-44c9-a439-200569791ee8,0.7432,CRITICAL,Control
47aaebbd-9340-4ea2-a874-699ccad7ccd6,0.7432,CRITICAL,Control
a5409015-1553-46e2-89d7-a8f73f1ddf3a,0.7432,CRITICAL,Control
46c6706f-614f-4a13-8a20-e3f00e76a06d,0.7371,CRITICAL,Control
938c6293-2fac-4f1a-a2d5-c78c849e2200,0.7432,CRITICAL,Control
27a018e6-426e-41c8-8c62-c040266f059c,0.7379,CRITICAL,Control
80b01149-e0e9-4d40-9e92-9899bd5df0a5,0.7379,CRITICAL,Control
583e9dfe-8a8d-4b96-ba48-b336976cd99c,0.7432,CRITICAL,Control
d4334ff1-953f-41db-8f97-74c216fc1b13,0.7432,CRITICAL,Control
a79a64f5-7344-431a-bd96-c394b8c2403c,0.7432,CRITICAL,Control
6b0d2642-cce5-4ae6-92a3-71f565be9320,0.7379,CRITICAL,Control
e8e6254b-d62f-4428-820e-ca712a0399f2,0.7379,CRITICAL,Control
a9c19417-ffb7-4aea-b019-5ffd5a8a4662,0.7379,CRITICAL,Control
c0b17d3b-d0d8-4e65-95a2-4d191be0dc3a,0.7432,CRITICAL,Control
1f503f0f-0aff-4d5e-bf77-94bd4bad9334,0.7432,CRITICAL,Control
6e2002c5-c12d-4465-990e-7eec7bea7747,0.7432,CRITICAL,Control
f54f4c14-c11d-4133-9203-20523335f051,0.7432,CRITICAL,Control
3e90dd29-107a-4be3-a093-8f1b0141f98e,0.7432,CRITICAL,Control
3d1b5f8f-7a3f-455a-ba7f-5d0fba339ea5,0.7379,CRITICAL,Control
2b902840-88a2-4dae-b126-666a1cc2442e,0.7371,CRITICAL,Control
f44dd229-5229-488e-ba8e-b1185beb3831,0.7432,CRITICAL,Control
be72ff6c-9e17-4b92-ba86-937f5d0e0e09,0.7432,CRITICAL,Control
72a8f043-fb3d-4af3-b5d6-feda0adbc85a,0.7432,CRITICAL,Control
2fe3cfb0-bdd8-42f8-9c22-3343abcdd195,0.7432,CRITICAL,Control
9b33b8a1-13b3-4ace-ab44-0358aaf46462,0.7432,CRITICAL,Control
a52237dd-6e7b-4f12-bc1c-3f8ab0ff114c,0.7379,CRITICAL,Control
7aecedcb-6c90-489b-af6b-4f2b0a08ccad,0.7423,CRITICAL,Control
b74a454a-e7a0-4285-8bd0-1d228effa468,0.7432,CRITICAL,Control
334e5a26-fe46-4baa-ad38-84cbdaf84db2,0.7432,CRITICAL,Control
4a70f48e-489f-4613-94a3-9e4cbf6ce2dc,0.7379,CRITICAL,Control
b53d0ed0-7375-4ab2-b80e-5319579b6f6d,0.7379,CRITICAL,Control
600af4ed-706d-4d8d-aa7b-02dce976f949,0.7379,CRITICAL,Control
c0070015-e1b8-4769-8625-a73eeeac723c,0.7432,CRITICAL,Control
d4ddd861-7955-4084-b112-94da6b2f8f2b,0.7379,CRITICAL,Control
51a94b70-53f7-491a-a684-b1bca3c9e87c,0.7432,CRITICAL,Control
633f8147-8e90-44e1-ade3-27eaf17d7bb6,0.7432,CRITICAL,Control
43f0bc55-3ee0-4da4-af96-4d1b377596e6,0.7379,CRITICAL,Control
f88b66e8-747b-403a-bdd1-898c3beea911,0.7432,CRITICAL,Control
8b7f1155-9a73-475e-9a06-a378cce00e9f,0.7379,CRITICAL,Control
94d5cdc4-394b-427b-bca0-b68dedbc82fe,0.7379,CRITICAL,Control
6a067c13-ebd0-4378-8e63-1d3761c5efee,0.7432,CRITICAL,Control
f74f82b3-d70a-47e8-972a-eb0bbeb326b2,0.7432,CRITICAL,Control
61a7b14c-f5b0-403b-bcd5-0f5f9d00bd41,0.7432,CRITICAL,Control
8b7d8d96-1d73-47c0-8fa9-0129839abda8,0.7379,CRITICAL,Control
9825ab66-e1bf-43d6-ad53-f905bc2e95bd,0.7432,CRITICAL,Control
0bedc378-8131-42b1-844a-4a8ad264e559,0.7432,CRITICAL,Control
bcf47a79-78f0-4175-9dc0-c48737e57437,0.7432,CRITICAL,Control
d159338f-50df-455d-a4e7-e3f2fd15a833,0.7432,CRITICAL,Control
26edacfd-c743-48bd-a3d3-755562d0e6d0,0.7432,CRITICAL,Control
30185180-f461-408a-a929-eab020f57f2a,0.7432,CRITICAL,Control
dd59b453-e43c-4cac-9280-392f550f3914,0.7379,CRITICAL,Control
576373cb-bf22-4d38-b8d6-5ebbc0fbdcae,0.7432,CRITICAL,Control
dac083b9-ff7f-451a-bf15-5dda14ff3e5f,0.7371,CRITICAL,Control
1e5dd2c0-5454-4968-b93c-42617f70a928,0.7432,CRITICAL,Control
bbd59ca4-d8d3-4985-88cb-fda460af6d0e,0.7432,CRITICAL,Control
4f97f10a-96d5-490b-8c57-b0443bda77b7,0.7432,CRITICAL,Control
f1446e68-4aaa-4f7f-b2a9-2e62e6e3f604,0.7432,CRITICAL,Control
e6c92069-b7cc-4f25-b101-c18ae2802dc1,0.7432,CRITICAL,Control
1b7271b4-1bea-4dd2-a770-8d83a76f332a,0.7432,CRITICAL,Control
57df46ef-80f0-41d4-8741-390643b44419,0.7432,CRITICAL,Control
0a5ddade-3e80-47dc-ab22-e68bf60ce727,0.7432,CRITICAL,Control
3c0d5e19-0ead-4db3-892d-95a220a456c0,0.7432,CRITICAL,Control
2724ed88-e4db-4694-9a2e-9234f935fea6,0.7432,CRITICAL,Control
25c6f8a2-04ac-4c52-9464-f51bb56fc650,0.7432,CRITICAL,Control
f4d7a3d1-e8dc-4371-9901-be6b2036d94a,0.7379,CRITICAL,Control
830087d7-a807-4b97-ae6e-f33a27b565ca,0.7432,CRITICAL,Control
d599116d-aa6f-4df1-be9f-edc3f5f74713,0.7379,CRITICAL,Control
83fe8fc1-e3b5-47f1-82ab-49af76076718,0.7379,CRITICAL,Control
b5d9ed23-6884-4b1e-9d06-15034d7489aa,0.7432,CRITICAL,Control
7acb7579-eb42-4186-a98b-83a807047387,0.7432,CRITICAL,Control
8210dccd-2377-46ec-9e55-7e4421e7e0f9,0.7432,CRITICAL,Control
b880baa5-d9bb-44e2-8968-d7dce921cbf3,0.7432,CRITICAL,Control
9cbf6b3a-baf6-4c6c-a849-64bcb7507d33,0.7432,CRITICAL,Control
d97200d2-6c05-4af3-be28-f8dc8aaf181d,0.7432,CRITICAL,Control
e4b546d9-ebf1-427b-bd7b-d1b77942808a,0.7432,CRITICAL,Control
9acbf12e-9d03-479c-a090-1abcbc772284,0.7432,CRITICAL,Control
e96fa202-03a2-4da4-be54-d0b5e8ce0742,0.7432,CRITICAL,Control
157f9109-5151-4e88-a246-4607d3b8f4a0,0.7379,CRITICAL,Control
f3392665-d6f9-4d94-9a4f-d6a99eaeb8dc,0.7379,CRITICAL,Control
a9e4d333-e348-463b-a14a-0efe8418f661,0.7432,CRITICAL,Control
995487ab-73ce-41a9-878a-a5b791d7b3fa,0.7379,CRITICAL,Control
264ca068-5706-42ee-a1df-3d4d116302db,0.7371,CRITICAL,Control
8ffca4ab-2e3f-4f33-8d92-97005a7e7100,0.738,CRITICAL,Control
1b766551-33df-45d3-ab5a-506f80dbc6c0,0.7432,CRITICAL,Control
e182c70e-e79d-450d-aec3-8e92921a0e5a,0.7379,CRITICAL,Control
58ede76a-14aa-4c97-a380-c556fb79f019,0.7379,CRITICAL,Control
e5e3aaaa-3f9c-4887-9e5c-9486c9fc2fa7,0.7432,CRITICAL,Control
39916a14-7535-4e6f-9e8e-0662aeda96ea,0.7432,CRITICAL,Control
d8b934ba-d9a2-4930-9769-b9fc26ee887a,0.7371,CRITICAL,Control
f9e4bb06-5572-448c-8857-1360c2176f62,0.7432,CRITICAL,Control
1608f838-d437-4e8b-b74b-b131da1e2760,0.7379,CRITICAL,Control
c23f6681-6c21-4d26-a05b-fe57464d42bb,0.7379,CRITICAL,Control
516d2f88-cb86-45cd-965c-6ac1587f566a,0.7379,CRITICAL,Control
7f6ffbc2-9e47-47ce-b2ca-f60a74c7ea72,0.7379,CRITICAL,Control
5a8dcc79-a093-4312-9365-e59b5bdbd14c,0.7432,CRITICAL,Control
205e06b2-a045-4090-ba4c-9cca464947d5,0.7432,CRITICAL,Control
c025cbe6-13a8-481e-943d-65466db70ce6,0.7432,CRITICAL,Control
bfdb60b0-ad04-4a55-9711-4fcb05e0682c,0.7379,CRITICAL,Control
8a209473-9a9c-4bea-b1cd-3f5871d6ed85,0.7432,CRITICAL,Control
7188caab-16b9-4ffc-a20f-e8a03ffb63ba,0.7432,CRITICAL,Control
81308f02-bb3e-4819-8844-28c6bf66ec2e,0.7379,CRITICAL,Control
9612087d-ef35-4a7d-9fa4-f53f098237f4,0.7432,CRITICAL,Control
834428fa-c400-4732-aa4e-6ef119f7f4cb,0.7379,CRITICAL,Control
1737ea0b-2ac1-4641-b732-e966a22c5dd7,0.7379,CRITICAL,Control
fe35aaf9-730d-4db6-b21f-2e1759732d60,0.7432,CRITICAL,Control
0da5df74-33a7-4f6e-8770-9989cc5889b3,0.7432,CRITICAL,Control
0b44ce5c-6ad8-4f4e-ab45-3a3ac43d4664,0.7432,CRITICAL,Control
4840bbc1-9232-4dac-9e59-2af8b7659cbc,0.7379,CRITICAL,Control
193ed3c5-0bd2-472a-9e6e-a568193de2e9,0.7432,CRITICAL,Control
a20174e3-d751-447f-ad8c-1700ab5ffc02,0.7432,CRITICAL,Control
7a2caa72-e6ae-468f-9e8f-fb4539ebf132,0.7379,CRITICAL,Control
40ea50d2-0893-4753-8129-a0b15170b7db,0.7432,CRITICAL,Control
533dae4e-2d0e-443d-b1d5-2e664a6a2a3d,0.7432,CRITICAL,Control
ca6d6dbb-f42a-447a-8cc5-682b594af947,0.7379,CRITICAL,Control
6532bd53-14cb-4878-a153-f2505a0c57c6,0.7379,CRITICAL,Control
1b83f74b-9091-4f10-b9df-97e795fe1d6a,0.7379,CRITICAL,Control
e2bf41b5-3cae-46f0-b948-9992f7ca2d19,0.7379,CRITICAL,Control
c01e40db-5e6b-448a-be68-c5938a66586f,0.7432,CRITICAL,Control
fadaaa8f-69b3-469b-926a-3c2895f530cb,0.7379,CRITICAL,Control
22f08875-8d5d-4086-aa0e-cf59163cc7df,0.7379,CRITICAL,Control
13eed03b-a55d-45f3-8736-1a119df817de,0.7371,CRITICAL,Control
e226b257-b51c-4afc-abaf-5a247e93fa41,0.7379,CRITICAL,Control
80a63517-3507-4102-b302-1b0cdcdfb9f5,0.7379,CRITICAL,Control
4c88352c-06f6-49a8-8dc8-332f954175bc,0.7432,CRITICAL,Control
b485915c-3b81-42d0-b085-ff0d5f08fef3,0.7432,CRITICAL,Control
b7c942a1-d810-495a-ae4f-955eae30e33e,0.7432,CRITICAL,Control
5531c0bf-c6f6-40de-8873-0fe07ed88d9c,0.7432,CRITICAL,Control
874c3468-b20a-47da-9778-1d7139eef206,0.7379,CRITICAL,Control
74db349b-f46a-4add-8058-457c4fdf66fb,0.7432,CRITICAL,Control
45e54388-364d-46cc-a9b9-2b8282bb45db,0.7432,CRITICAL,Control
1fbe2b1a-64d4-4676-8ab3-f6d4b1bff80e,0.7432,CRITICAL,Control
41403e84-84a4-4326-b39e-82700182e349,0.7379,CRITICAL,Control
bcd1217f-0e53-4874-a274-5cf47a1d270b,0.7379,CRITICAL,Control
84044935-a93a-47d6-8aec-4986db5d28a7,0.7379,CRITICAL,Control
face8dd3-aad0-49c9-9e21-f1a3b548699d,0.7289,CRITICAL,Control
d263b829-fa32-4ffb-b8aa-974910fbfb96,0.7432,CRITICAL,Control
61aea275-c31d-4a1f-b889-ef50cb9c4026,0.7379,CRITICAL,Control
c32f71e8-936a-4299-a2dd-59885d948a79,0.7432,CRITICAL,Control
edfdec9f-a3de-423a-869b-ed3812653ee3,0.7432,CRITICAL,Control
fbec8a2d-a2a5-46c6-ada4-5794cf3591e8,0.7379,CRITICAL,Control
2cfcd8ad-bc8f-44e8-9a48-1a0c3939db19,0.7379,CRITICAL,Control
c844ea60-164d-408a-86dd-4d66f0c0c489,0.7379,CRITICAL,Control
a251ce01-b469-47d5-9e16-cf4dd3cc9227,0.7379,CRITICAL,Control
2bc5970a-c738-4043-92e4-f052a39e4158,0.7432,CRITICAL,Control
8a5f34d5-90ce-46a3-9232-fb78e2e3d227,0.7379,CRITICAL,Control
9d0a7736-0cc2-4994-ac95-7619acaba315,0.7432,CRITICAL,Control
dc7321d4-7398-4d50-9cb8-534f18691d7c,0.7371,CRITICAL,Control
f529e73e-8309-4bfe-8d66-30948a836d90,0.7432,CRITICAL,Control
ad9790ef-4bc6-4955-9e1d-e12dceb3e25c,0.7432,CRITICAL,Control
319b5ca1-288d-42ab-a9c9-a634f3687ce8,0.7379,CRITICAL,Control
ea215968-46a1-4bc5-b5ad-49fcdd6c0b58,0.7432,CRITICAL,Control
44ed2816-6418-406d-bb53-99d175f581dd,0.7379,CRITICAL,Control
0d64553b-c2c1-4f72-a05e-f8ce9e899f2b,0.7379,CRITICAL,Control
8b992095-04d9-49e8-98e6-5055d000b9bb,0.7379,CRITICAL,Control
ba2f4aee-88f4-4431-abfc-f90eddc14edc,0.7353,CRITICAL,Control
3c67b0e3-d0dd-41d7-ad5b-564ff389c047,0.7432,CRITICAL,Control
bdf99600-8969-49ed-9af3-dc7acabc8b27,0.7379,CRITICAL,Control
7541786f-1e0c-46d5-90fe-1c63b2b4977a,0.7432,CRITICAL,Control
9c2e4ccf-5677-4e59-a8eb-be3b91b7522c,0.7432,CRITICAL,Control
7b66bb8d-d0fa-4612-9f65-995bb4dab227,0.7379,CRITICAL,Control
0034cd5a-3f9c-4b44-9ddd-1818377d7951,0.7432,CRITICAL,Control
0a920dab-58c2-4cce-b6c4-8edb14e464e7,0.7161,CRITICAL,Control
e89049ed-1f5d-4d94-917f-51d82d5f3143,0.7432,CRITICAL,Control
4b7aa52c-91ca-4a88-850b-be5a778187d8,0.7379,CRITICAL,Control
c0f86801-4529-4cdd-87f2-5cd6f06b9bd5,0.7379,CRITICAL,Control
320775aa-0113-4f19-8e2a-db365d6f539b,0.7432,CRITICAL,Control
de1cdb1b-a268-4c5b-bc5c-3342f030701f,0.7379,CRITICAL,Control
5c4988ca-dfce-47e6-81ac-1132a7d62d21,0.7432,CRITICAL,Control
56c4a0be-85af-47b6-8c58-aa81621a0580,0.7379,CRITICAL,Control
0d3bd973-7477-4066-853a-cfbe958a5140,0.7432,CRITICAL,Control
688fde64-854d-41bb-b333-680251fd8b8b,0.7432,CRITICAL,Control
95990a31-ba0c-494c-9934-e2ff3760a0be,0.7379,CRITICAL,Control
c3df5a26-91be-4ad7-96b0-f0927c0957d9,0.7432,CRITICAL,Control
08880913-cd7a-4b0a-99f7-d01243586d69,0.7432,CRITICAL,Control
e393a0a8-7ac7-443c-9349-753ebac91c30,0.7262,CRITICAL,Control
be6eea61-245c-424c-8d61-91b516f17445,0.7379,CRITICAL,Control
a17bbba5-32db-48f0-b9e6-e4ba3f774be2,0.7379,CRITICAL,Control
96065c80-fa90-4d43-b75e-7b75d7325570,0.7379,CRITICAL,Control
e72d7a67-8b0c-4ac1-ba7e-3e0f6a42a0c9,0.7432,CRITICAL,Control
9abfe3e6-ac09-4982-8647-6e5003987b5e,0.7432,CRITICAL,Control
e08772c3-0583-4d61-b608-5899d7de6dda,0.7161,CRITICAL,Control
47c12c59-fe5a-4c65-b572-aef3ece3897e,0.7432,CRITICAL,Control
38d3d561-359c-40cf-acb6-adb9923d5cc7,0.7432,CRITICAL,Control
2cdc1dd1-e2ba-4b7d-be73-b971e04dc344,0.7379,CRITICAL,Control
be29b7af-32ae-4cf7-9282-2fb72cac40e6,0.7379,CRITICAL,Control
aa5d16ea-a5c3-48b0-8029-24cd47730d48,0.7379,CRITICAL,Control
0ebb373b-47be-45ba-96c4-f3a12cd0b0aa,0.7432,CRITICAL,Control
efdb1559-a5b2-4c78-ade2-71eafb5b3ee7,0.7379,CRITICAL,Control
e8c0bb35-9070-4cd0-8f17-cf0fde02e0f5,0.7379,CRITICAL,Control
8424e2b9-0e82-48d7-9123-c1210bc2bc2f,0.7432,CRITICAL,Control
6345aa8a-53ab-4823-9b12-21169305d108,0.7379,CRITICAL,Control
089932c2-9522-4f05-b6c6-3fab4bc6344a,0.7379,CRITICAL,Control
9b060c52-ab74-4872-a475-76357e5ff145,0.7379,CRITICAL,Control
ea3ef88a-8dbf-432a-9901-7692fa00ad89,0.7379,CRITICAL,Control
43e861c0-0ca6-467e-9a9d-d5af303db26c,0.7216,CRITICAL,Control
878b9761-3f49-4648-b5a8-022a3562a6cc,0.7379,CRITICAL,Control
7fb70e3a-77b2-47ec-a75d-ce7ef0734c64,0.7379,CRITICAL,Control
978513a0-3f9f-477c-8e20-093701bdd4de,0.7379,CRITICAL,Control
ce2341ce-6e5a-4c7f-900f-e537f5bc7725,0.7379,CRITICAL,Control
4fd08bc3-071b-4697-9b81-1257726f0395,0.7432,CRITICAL,Control
d69fe95a-464f-4667-8f3b-2901dbcf7752,0.7188,CRITICAL,Control
cb1673c8-fd2e-49ae-a4ba-36619b4fef4e,0.7379,CRITICAL,Control
72311a9f-ba91-4e16-a184-3eb17540165c,0.7379,CRITICAL,Control
a7935173-7bf6-4a89-a7b1-ca94039a5f6e,0.7432,CRITICAL,Control
db224f13-c546-4994-9a78-31030c77f617,0.7379,CRITICAL,Control
f66d7113-8129-4261-841a-db5e02f11605,0.7432,CRITICAL,Control
f8c940c0-7e7c-46da-bf4f-558b462ffcc8,0.7432,CRITICAL,Control
4e59c5d6-9094-4b34-b421-d5f26b02101a,0.7432,CRITICAL,Control
9826f986-8cd5-4448-85b0-7bca40c01c13,0.7379,CRITICAL,Control
8dd56261-99d3-4227-9714-8a5544fccdad,0.7432,CRITICAL,Control
c1e1f1da-eae1-4d95-8acc-95cdf97c4aaa,0.7379,CRITICAL,Control
81843476-3641-467c-9c28-79ca4dc29788,0.7379,CRITICAL,Control
8665460a-d32d-4d79-bb4d-f4c5832647ab,0.7432,CRITICAL,Control
bd49d293-e61c-4711-84e7-f5068b3279d7,0.7432,CRITICAL,Control
a4183b13-5e2c-4729-a1fa-7c7775959a71,0.7432,CRITICAL,Control
a05532c8-0b2e-42c5-a09a-681f7c970f7a,0.7432,CRITICAL,Control
a2034fed-27c9-4f85-84b0-b01746089bdb,0.7216,CRITICAL,Control
aded7f35-b42c-4846-95a3-840c2e7cae6b,0.7432,CRITICAL,Control
29c6fde9-3772-4b7c-b4f5-29f850a10494,0.7371,CRITICAL,Control
7503e425-7481-4907-96f2-03da973086b0,0.7432,CRITICAL,Control
55d4a08d-5c5b-4558-a4dd-8a0edc6175fd,0.7432,CRITICAL,Control
9b86fac9-e28c-4664-95d2-44572d3b13ac,0.7432,CRITICAL,Control
03524b8f-da4b-4d90-9ab6-bf9deb8e96c5,0.7432,CRITICAL,Control
b72ded21-e91d-4b98-9235-ea1af15d4d1f,0.7379,CRITICAL,Control
a49ac8c3-8424-4209-9c6e-4c47cc69cd05,0.7432,CRITICAL,Control
efa2401c-f658-4513-aecd-fab84f46c8c8,0.7432,CRITICAL,Control
a6541b59-b3fc-46bb-b7e2-a1ad50ab835c,0.7326,CRITICAL,Control
cf25b216-3472-4654-8655-7e746f754e11,0.7432,CRITICAL,Control
26133a95-a5b1-4468-a356-abfacd62d301,0.7432,CRITICAL,Control
da263c99-a101-42c0-97db-9aba7ab06260,0.7379,CRITICAL,Control
8ceb4433-98ac-489e-9924-90c26e421777,0.7379,CRITICAL,Control
a8ebb9fc-e023-409f-9fad-64c0aec6b2ef,0.7379,CRITICAL,Control
e500c2c8-2fe7-486a-9d75-0c6c485d753a,0.7371,CRITICAL,Control
ecadc186-0495-4b68-8d20-66100b0aaf65,0.7432,CRITICAL,Control
88851181-0697-4c8b-a4c4-9ff6e41a2db5,0.7432,CRITICAL,Control
5cdb6d10-173a-430b-9adb-d30d085228e8,0.7432,CRITICAL,Control
cabe67b1-03e8-48d0-be17-3af73364e487,0.7379,CRITICAL,Control
564443ff-c0dd-43b4-831b-4fd31bbf0a41,0.7432,CRITICAL,Control
53161035-72fb-49d3-997d-06a1b83ef36a,0.7379,CRITICAL,Control
f1be176c-ba23-4e42-bb0b-d40e35bc746a,0.7379,CRITICAL,Control
631dcff7-08b1-49c1-b0a7-0024a141f68b,0.7432,CRITICAL,Control
581b378e-3c91-42d3-9450-629bd39a9b29,0.7432,CRITICAL,Control
6c537653-7c4b-4c8b-ab0b-e0234513de65,0.7379,CRITICAL,Control
c18e46c8-c1f5-44e5-b719-3222da7d31f1,0.7105,CRITICAL,Control
74d71980-2c06-4b8b-8d31-91c065f4e771,0.7379,CRITICAL,Control
aa6228e2-43c8-406e-a744-8c4b0aa89920,0.7379,CRITICAL,Control
9e00185e-871e-4bc7-ae91-fbf13a104835,0.7379,CRITICAL,Control
7ede70ba-461a-47c4-88a2-b1fcfc6a78a9,0.7432,CRITICAL,Control
51d35572-270e-4729-8654-4051ac55bbff,0.7432,CRITICAL,Control
5ffc04e3-d883-4a03-9df1-2caa3940aa06,0.7432,CRITICAL,Control
60909ee3-b3d5-4a49-be88-46e9b22269a3,0.7432,CRITICAL,Control
9222bbd6-43d6-40ae-bfce-7bb467cc78ef,0.7432,CRITICAL,Control
90365704-63c2-4799-969b-d77213424040,0.7432,CRITICAL,Control
0a57befb-6ccd-4718-99a0-e81f1e8f8606,0.7379,CRITICAL,Control
d8d4ba42-fe26-4bf5-aaa4-54a859ec6357,0.7371,CRITICAL,Control
4548afb6-bc03-4aa4-b8b8-1dbc5d19c135,0.7432,CRITICAL,Control
a9b80118-94be-49b4-b24b-f76b76bba3e8,0.7432,CRITICAL,Control
e6790ed9-e056-4b4d-82fe-20f636ecb873,0.7379,CRITICAL,Control
112f5696-a674-440d-b7b4-84560fbeb4c2,0.7432,CRITICAL,Control
36124c58-4adc-4ad7-b3c2-472c21e9d92e,0.7432,CRITICAL,Control
69499c36-c53b-4197-8068-0c2532e47e5e,0.7432,CRITICAL,Control
aa1778ff-47cb-48fa-b5a7-bc729f869d16,0.7379,CRITICAL,Control
5ad6c0d8-7b14-4611-8b6d-c0a284c23d31,0.7432,CRITICAL,Control
10bc5a99-7096-45f2-92fe-f48bbe0e4c81,0.7362,CRITICAL,Control
a54b9587-5ccf-4e2c-a0ad-c16409564f4f,0.7432,CRITICAL,Control
347e30bb-4e93-43a1-98e8-72f8d30a0466,0.7161,CRITICAL,Control
d78bfa77-2626-4e33-bc8f-5f17b64a1b32,0.7432,CRITICAL,Control
3a3f8816-b0d2-480a-924d-aff985d9fb65,0.7432,CRITICAL,Control
c6d2fc54-b5d1-4b19-a20d-c3949f6fdaac,0.7432,CRITICAL,Control
0886913c-37f9-4ab8-9970-18b5744aba7d,0.7379,CRITICAL,Control
148d8a3e-f830-4238-9a0e-088bc475e375,0.7379,CRITICAL,Control
11bb74c2-0ebe-4f2e-bf01-9f1fbcf89023,0.7432,CRITICAL,Control
0cba3aab-45e7-4621-a745-56f0ddf4d64e,0.7432,CRITICAL,Control
0de2005a-a7c3-40e0-91dd-bad2a814bb40,0.7432,CRITICAL,Control
d501f66d-e666-4200-bc87-206e9752d2c1,0.7379,CRITICAL,Control
a170a49f-e8b1-4d6d-a171-e6e5f418213f,0.7379,CRITICAL,Control
3765a547-4fd7-4c28-8188-314fdd051ee1,0.7432,CRITICAL,Control
77ea4be6-34da-40f9-89de-4b6a043759ba,0.7432,CRITICAL,Control
cc332797-3f9e-4caa-8d98-8bd0a663004e,0.7379,CRITICAL,Control
554c37e2-0605-452c-80f1-7f524a8a3bfb,0.7432,CRITICAL,Control
275f7aa8-eb9d-4b67-a49f-58f52c7b8550,0.7432,CRITICAL,Control
e77533da-3649-44c3-9063-52b32e6bf67c,0.7432,CRITICAL,Control
05fa824e-8cf2-4c58-a221-f5db53e9b65f,0.7379,CRITICAL,Control
e0159f62-a4c1-4d8c-9eb8-5669583b793a,0.7379,CRITICAL,Control
82735320-11d4-43ed-8705-e87fa8f028f0,0.7379,CRITICAL,Control
0d561ea8-9cd4-49e9-a782-801e681358c4,0.7379,CRITICAL,Control
578ef1ab-76bb-432a-a8cb-9fc8b53711f1,0.7379,CRITICAL,Control
a6e8335c-1deb-4fb0-a683-fc0499251f94,0.7432,CRITICAL,Control
31e2b7c6-5099-48cd-ae70-4c207900e2bb,0.7432,CRITICAL,Control
34126839-c4cd-497c-a585-0f8cc3bd6113,0.7432,CRITICAL,Control
694d9043-8a9a-442c-8577-12feb310bcef,0.7216,CRITICAL,Control
64265eaf-94a2-4ac5-ad39-2dd44e1b1192,0.7379,CRITICAL,Control
3d42eef3-1ef2-48df-bb79-5b80ce98d8da,0.7379,CRITICAL,Control
c4e3e132-6306-495d-a447-58174e387e7b,0.7379,CRITICAL,Control
cf5cf696-3138-4426-8d70-9c073c9f4d07,0.7379,CRITICAL,Control
c2282625-86cb-4270-9582-ae408a589265,0.7432,CRITICAL,Control
033778ce-5f88-4045-bc52-7e023bbff524,0.7432,CRITICAL,Control
62aaa215-b736-44de-87c4-b35409a28795,0.7379,CRITICAL,Control
1ae27153-26de-46d7-bde5-59fd1c28b5b8,0.7379,CRITICAL,Control
53738f32-8774-4e61-935f-0135be95e738,0.7432,CRITICAL,Control
e6b83769-fb50-490f-b197-38af66a95682,0.7432,CRITICAL,Control
baac29e9-a146-45b1-b4aa-3dc819541b83,0.7432,CRITICAL,Control
055b5a3b-234d-4ed4-9990-dc10823c5132,0.7432,CRITICAL,Control
dc35502d-fba3-450a-bb7d-283799b63776,0.7379,CRITICAL,Control
12a19511-c8ad-4e68-82a1-c84493943c6f,0.7432,CRITICAL,Control
5b609d5a-1fef-4cbd-9604-4ce5720ace14,0.7432,CRITICAL,Control
49f14c1f-0c5f-4c63-b4c5-b9e24fca90eb,0.7432,CRITICAL,Control
6e2d0b0b-130a-4bc0-b460-992069c593f2,0.7432,CRITICAL,Control
bcbdd3cd-2a16-42a4-afb6-ab9f7cf1314d,0.7432,CRITICAL,Control
77af02d4-c1fc-42f4-ad38-53e98264f85d,0.7379,CRITICAL,Control
6dfe91c3-7719-4066-aba1-faff4145fe46,0.7362,CRITICAL,Control
ade33c8b-52ff-4c6f-92f9-203f62c52438,0.7432,CRITICAL,Control
79b7ed72-e1d6-47eb-bf6c-1b82d83816a7,0.7432,CRITICAL,Control
ff7e2d25-e629-4913-a8d8-6cd94f2ce22b,0.7432,CRITICAL,Control
47b0bf26-9f59-4623-8316-3b46766d56ff,0.7432,CRITICAL,Control
ac10111a-7842-4b2f-8f41-e73d3bca6cc5,0.7432,CRITICAL,Control
51cc4869-d2c0-4ef6-83b2-df60135e573b,0.7379,CRITICAL,Control
e1eee78b-5019-4f54-a366-667435948265,0.7432,CRITICAL,Control
20ce1186-898c-4ba2-a500-029e91d221fe,0.7379,CRITICAL,Control
7e82a382-9cd3-43be-b701-e0089b37b4b3,0.7432,CRITICAL,Control
679cff9c-0695-4165-b722-275ea8e76ee3,0.7432,CRITICAL,Control
2e80dcf9-6898-4445-b8e7-ce22ea0cef6c,0.7432,CRITICAL,Control
05610f90-6234-477e-90b0-b75445cc90c0,0.7432,CRITICAL,Control
4764e111-ca17-4760-ae38-edaff1aa0098,0.7379,CRITICAL,Control
bd670515-f5fd-476f-b43f-03ceb4c7f0ce,0.7379,CRITICAL,Control
e9fb3795-1816-410e-8102-4a38167b88ac,0.7379,CRITICAL,Control
c9beaf86-8de7-448e-8c16-ca260e73758e,0.7379,CRITICAL,Control
64d2ead0-2470-45a3-9d6a-ab6f98cea403,0.7432,CRITICAL,Control
13750254-34ef-40f5-8ab4-2675f3dd572f,0.7379,CRITICAL,Control
ba6edda5-0864-456d-abb0-773241a7c1c1,0.7432,CRITICAL,Control
049e51c2-f1a1-407c-a833-796fb804c073,0.7371,CRITICAL,Control
db52f57c-4621-43e0-9c44-1592b8336310,0.7432,CRITICAL,Control
33e056ad-d70f-4462-90f5-8c452b577952,0.7432,CRITICAL,Control
9ee4a22f-0cc7-4423-ab04-23895c81fff6,0.7432,CRITICAL,Control
1cd43b9a-fcc7-4191-b923-6701d32cdd70,0.7432,CRITICAL,Control
b33b60f9-9a5a-4d61-b22d-ccdd25db8263,0.7379,CRITICAL,Control
03c2c455-a648-4ddd-b660-8a3228c5e9c4,0.7379,CRITICAL,Control
49a9fd9f-97c0-4ae3-89de-d0b0c89f54dc,0.7432,CRITICAL,Control
30b3004f-914b-470d-be9f-280346e50436,0.7432,CRITICAL,Control
3d85a853-c640-4467-8c22-ad87b57e13a1,0.7432,CRITICAL,Control
c3dd4a94-04f2-48f8-8c02-445afc7a4b80,0.7432,CRITICAL,Control
a9ec903b-71fc-4b87-be30-21580e7d91df,0.7379,CRITICAL,Control
ecb5b8c4-3c5a-44f2-bfcd-29588ea6759e,0.7432,CRITICAL,Control
07b2d4c3-ff46-4bb4-9c09-441b03a29a32,0.7379,CRITICAL,Control
30f7506d-aed7-4b35-9f52-1ba3dba94cb1,0.7161,CRITICAL,Control
9c18463a-2fe2-417d-a5fb-d44b1b32b67d,0.7379,CRITICAL,Control
d01f14ec-fa20-44bd-bb3e-a5fff166e5bf,0.7432,CRITICAL,Control
71110ace-24a3-4936-9acd-5318074fba69,0.7432,CRITICAL,Control
689c0172-a3df-412e-8181-445de3dab450,0.7379,CRITICAL,Control
d0a278eb-dc36-4499-8a96-ed5b07afd6b6,0.7379,CRITICAL,Control
362cf342-d657-47ae-b471-8335f74b52a9,0.7379,CRITICAL,Control
56ab9ecb-30a9-4455-afb9-edefd00a4ec6,0.7423,CRITICAL,Control
cfcd387f-cd6b-48cd-a60e-825e80d8c7e9,0.7379,CRITICAL,Control
dec2f217-0c19-43cb-9e52-3c3b401e74f2,0.7379,CRITICAL,Control
ed3f8a71-ba84-4983-b1e6-b309c481a573,0.7432,CRITICAL,Control
73e86201-1397-46cc-9a5b-ea512345c416,0.7379,CRITICAL,Control
eb9e8a7f-6c52-4702-833e-5ba1688c04dd,0.737,CRITICAL,Control
adc870ef-b2b4-4c40-9b77-ad1422c43d2c,0.7379,CRITICAL,Control
c26414ce-3d25-4e3a-b5de-9d3680e0739e,0.7379,CRITICAL,Control
51471c1a-3247-4464-81c0-82e6859cf2d0,0.7379,CRITICAL,Control
dabad4d3-d94a-4537-82d4-68f26cced816,0.7379,CRITICAL,Control
a1f6a04d-bd5b-4833-830b-769081f25c31,0.7432,CRITICAL,Control
44fa4f59-212f-444c-ba4d-aeb3cf802ad2,0.7432,CRITICAL,Control
349cdbab-bbfd-4357-8b1f-06bc5fc6bc65,0.7432,CRITICAL,Control
0ed6d1ac-3a24-4061-bd7e-0ab99116960d,0.7379,CRITICAL,Control
aade375d-10cc-44fc-b3f7-49f68f3e16a6,0.7379,CRITICAL,Control
fafa572b-7fdf-49f2-ba95-a55c321fecce,0.7432,CRITICAL,Control
67b1365e-df1c-4e5d-a379-4196187382e1,0.7432,CRITICAL,Control
c2790fca-b6b8-4d17-b6f0-fc0c98246dad,0.7432,CRITICAL,Control
0fecb24c-3e4d-4942-8675-142a177d7469,0.7379,CRITICAL,Control
40458cdd-7ad0-4dfc-9200-28aab4e5fb93,0.7432,CRITICAL,Control
f306bde3-6d22-4e5d-9aab-87aaef88fe76,0.7432,CRITICAL,Control
2144221e-3439-4d60-abdd-0feaac980ada,0.7343,CRITICAL,Control
d78d3d57-1391-46fc-b4b5-673a3d761279,0.7379,CRITICAL,Control
75a2f453-01ec-476f-832e-2c7f396d0827,0.7379,CRITICAL,Control
4deff5c4-ea52-4e5d-b01e-91a5be2bde14,0.7432,CRITICAL,Control
99fe37f9-2a94-46dc-92e1-2e18a9dcaa44,0.7432,CRITICAL,Control
f6dd42a2-0b86-432e-91c2-e41596a218fe,0.7379,CRITICAL,Control
2244e500-3a02-4aa7-ab74-1d28c7c2c2d2,0.7432,CRITICAL,Control
4140aedf-3e14-4b76-8c81-c31f9a1ceafc,0.7432,CRITICAL,Control
860f1d41-8365-4929-a52a-99fc413c552a,0.7379,CRITICAL,Control
ecd17006-f222-47b0-bf5f-4be8bbfcff14,0.7379,CRITICAL,Control
8585383d-2bf9-4bb5-bab3-be549ac8c3b2,0.7379,CRITICAL,Control
d99ed71e-e8d4-4b10-9cd9-1457f514f73e,0.7379,CRITICAL,Control
1ffbf59e-8a4d-46a9-8e71-5dee805929ec,0.7432,CRITICAL,Control
911f376f-2250-4286-ad7f-3666337c37ca,0.7432,CRITICAL,Control
1dbd6715-9b8a-495e-9696-8d8d9f8c5f36,0.7432,CRITICAL,Control
689ca23f-c79d-4da4-8d92-a2604550775d,0.7432,CRITICAL,Control
f17dbb54-8276-4a91-8c24-73be82551954,0.7379,CRITICAL,Control
82f58b11-509c-482e-a6ed-bee9f68c7b94,0.7432,CRITICAL,Control
45d5ff95-ed92-4542-8f2c-3bd79e9c8326,0.7371,CRITICAL,Control
be51a975-dcd4-4828-9641-4f6c0c19c4cb,0.7432,CRITICAL,Control
bd8b2aad-6b23-462d-9c1a-d7aa5c110b24,0.7379,CRITICAL,Control
2a51095c-4a5c-40d3-9ce2-6abc44d5baed,0.7432,CRITICAL,Control
84e1f0aa-4074-406c-abfa-96ab26fbdc36,0.7018,CRITICAL,Control
ea87c6ee-f7f5-44cc-a9b8-81a95db4d5d7,0.7379,CRITICAL,Control
23c403b9-4382-44eb-9361-4a798037c0be,0.7379,CRITICAL,Control
55ac9972-7165-4287-a5f3-d921f3118460,0.7225,CRITICAL,Control
162c3c07-4994-4176-baee-5600f921000f,0.7432,CRITICAL,Control
285d3f37-aea2-4950-abb3-10eb60c205b6,0.7379,CRITICAL,Control
289d0362-891c-4b47-a2ba-687864646cec,0.7379,CRITICAL,Control
b5fd8395-e81c-48c7-b431-a56342ffceed,0.7432,CRITICAL,Control
e2d0aae8-f215-4428-8ffe-007a46eb04ce,0.7379,CRITICAL,Control
95477ad9-cf0d-470a-9dcd-0b88d8a5f3d9,0.7379,CRITICAL,Control
babbae5a-dc38-4a9a-a71c-2a8a6245c29c,0.7379,CRITICAL,Control
21fa6ce5-4687-42fe-95fc-b5258bef142f,0.7432,CRITICAL,Control
7ee19902-f9ea-4125-a3b2-a33300a5903b,0.7379,CRITICAL,Control
49f8c23f-6fa8-42c3-9c61-db22ee389036,0.7379,CRITICAL,Control
25ef3209-65c4-4437-811b-c9fa850cf3bf,0.7432,CRITICAL,Control
85846b41-0b3e-4094-943b-43a780570be3,0.7432,CRITICAL,Control
2cdf5c51-a62c-4535-929e-42f27e59c256,0.7379,CRITICAL,Control
17958ac0-80b3-415e-995a-6a469635fca9,0.7379,CRITICAL,Control
d6a1a37c-41a3-4ad3-83ca-7bb6a7c9f731,0.7432,CRITICAL,Control
baa31f5b-c134-417c-84d7-d51c6bcd1eda,0.7432,CRITICAL,Control
d17ff1fe-c31d-4c83-8b52-07f48dc073b7,0.7432,CRITICAL,Control
bec5548d-6fa2-4b6d-93cb-45b8c1682326,0.7432,CRITICAL,Control
b966c78f-d995-494b-bcbb-ab3014bcccfb,0.7379,CRITICAL,Control
92baa157-f94f-42d4-b321-72578c680278,0.7379,CRITICAL,Control
726f9b6f-80d7-414b-a14c-aef81e25cdb8,0.7432,CRITICAL,Control
2f0dfdac-f36d-452d-bc4d-b029f632af3c,0.7379,CRITICAL,Control
7ac86b9f-dba3-4693-ad6c-48e60efa5cb8,0.7432,CRITICAL,Control
cd4c7f41-ebf8-44da-8fbf-a6d77e404a34,0.7379,CRITICAL,Control
437377e7-2032-47a7-a6bb-ea480a0d952b,0.7379,CRITICAL,Control
cbacff80-397b-4bbd-a25a-565ed4fec52b,0.7379,CRITICAL,Control
a4502246-193e-4299-9733-6ed6e3ba3a89,0.7379,CRITICAL,Control
89c19ace-27d4-4d82-8219-be98f0bbacef,0.7432,CRITICAL,Control
2494d772-0bbb-4f31-8587-44a709a2dea5,0.7379,CRITICAL,Control
06c6476c-69b6-429c-9b0b-478237979b15,0.7432,CRITICAL,Control
87b531dd-d5c8-48ac-8818-51c28d50a7c4,0.7432,CRITICAL,Control
60ce6987-d486-4d26-8fe8-1577fef4f0b0,0.7161,CRITICAL,Control
6a030bcd-4c9a-4ad1-ab45-9c34894b46b5,0.7379,CRITICAL,Control
711d8ff2-3726-4fd3-a260-7508bda4f1e9,0.7379,CRITICAL,Control
9980a5d0-8faa-4612-82dc-1b219fc382ae,0.7432,CRITICAL,Control
0fdb4ff6-c4cc-48f6-b92d-645b266a2d64,0.7432,CRITICAL,Control
dc12091a-e824-4f71-9b00-3285555f7cf7,0.7379,CRITICAL,Control
7be2b1df-9fab-4289-a5b9-e19779ce9e33,0.7379,CRITICAL,Control
