profile_id,churn_probability,risk_level,ab_test_group
c6ade045-41a3-437a-850b-d9caaf02bbe8,0.7336,CRITICAL,Control
e600011f-027a-4963-8516-b4ecdb7fa524,0.7198,CRITICAL,Control
1c60150f-0c34-41a1-811d-b2c6427ce55f,0.7198,CRITICAL,Control
0574bda8-571c-4673-aec5-7a03ab13dbe7,0.7336,CRITICAL,Control
abdca113-1612-4b77-904d-08d934d4fefd,0.7336,CRITICAL,Control
6e58d71a-51ba-4e09-843e-ae3c90f4b019,0.7336,CRITICAL,Control
97353825-ca1a-42be-85f8-d9ef315eb8a7,0.7198,CRITICAL,Control
1282d5dd-3ea2-4e6c-b89d-e836e21a80f0,0.7143,CRITICAL,Control
169fa802-dc54-4b76-bf7a-379c86d8734e,0.7336,CRITICAL,Control
493738e0-170e-4853-a849-48e5e15e12a7,0.7198,CRITICAL,Control
0965f3eb-1c6f-4217-9d2e-3af57fe771f5,0.7198,CRITICAL,Control
17777652-3563-4d77-a37b-0c222ce5b843,0.7336,CRITICAL,Control
bd933617-0ab7-453e-aabe-fc155c11d4c8,0.7198,CRITICAL,Control
275f7aa8-eb9d-4b67-a49f-58f52c7b8550,0.7336,CRITICAL,Control
7bcb2fe4-914d-4741-a767-ca8a330ea2bb,0.7336,CRITICAL,Control
c21e3538-1898-4ead-8ee0-1da0a04c12f1,0.7198,CRITICAL,Control
751099f1-8b3e-44f7-9675-3661b6f9097e,0.7198,CRITICAL,Control
ecfda5f4-7551-4d12-9649-04aa520f9884,0.7198,CRITICAL,Control
d337f7b0-e473-48ad-aaeb-61042841c2e4,0.7198,CRITICAL,Control
8238cfd3-fe83-48d9-9433-ed6f025bcd9f,0.7198,CRITICAL,Control
54745747-09c1-4b31-ab1e-97d6d4feb8da,0.7336,CRITICAL,Control
b0afe676-64d0-45fa-ae66-f407470b28ba,0.7198,CRITICAL,Control
163a209c-9ccd-4964-a778-943c442f4e93,0.7198,CRITICAL,Control
c522eb49-ad10-4de1-8808-df31ac9a465d,0.7198,CRITICAL,Control
0eb255b7-76e9-4645-8b20-5a8dd40ac64d,0.7198,CRITICAL,Control
5b2ceed4-543a-47d7-abd7-ed09de4f8ccf,0.7336,CRITICAL,Control
bba76fda-ee19-440e-9797-1bf75ac14aca,0.7336,CRITICAL,Control
705b9e43-2bc5-47bf-91b8-1788d4b012c1,0.7198,CRITICAL,Control
18845c17-40b2-4461-813b-e5507b0b3172,0.7198,CRITICAL,Control
90c22c3b-95b3-4494-9c92-a901130783d3,0.7198,CRITICAL,Control
54aabeac-5674-4c94-b618-51e3fd1554d2,0.7198,CRITICAL,Control
1754e542-fc7a-4faf-acaf-4bd4cfa2b972,0.7198,CRITICAL,Control
a008a9ab-5118-4a35-bbf0-b668788209c2,0.7198,CRITICAL,Control
f20a55f8-5ff5-4f35-b2ae-64384a8e8fef,0.7198,CRITICAL,Control
26edacfd-c743-48bd-a3d3-755562d0e6d0,0.7336,CRITICAL,Control
6f8baa6c-11a1-4d53-8231-01a6a8f91dee,0.7336,CRITICAL,Control
6cb1609b-f61c-4e15-8300-e0d24d8fefee,0.7198,CRITICAL,Control
a5dcaa6c-d303-4976-9382-f0f38e23b2aa,0.7336,CRITICAL,Control
6fd16f88-7969-401f-9f1d-456dbb88a1ce,0.7198,CRITICAL,Control
cd00aeb4-5ce1-47b6-b093-ef9c1fb2e3f9,0.7198,CRITICAL,Control
1876f736-34d1-485c-a014-a2106031d74c,0.7198,CRITICAL,Control
32690f05-d675-426b-b242-fe7ebbfb0cf1,0.7336,CRITICAL,Control
ade33c8b-52ff-4c6f-92f9-203f62c52438,0.7336,CRITICAL,Control
95800f68-abfc-4382-9eac-e9473ede951a,0.7336,CRITICAL,Control
af9ae97f-ad6b-428d-911c-69d97550921c,0.7198,CRITICAL,Control
35356f6b-f249-496a-84bf-fefb7b36d18e,0.7336,CRITICAL,Control
e5b02fc2-ad60-44c5-afbb-574296e70946,0.7198,CRITICAL,Control
5eadf249-9924-430f-b7c1-bea73508522c,0.7198,CRITICAL,Control
f13673f1-7d84-472d-bda1-36444fe36412,0.7198,CRITICAL,Control
633f8147-8e90-44e1-ade3-27eaf17d7bb6,0.7336,CRITICAL,Control
7a861ebd-cff4-45d6-9adf-e6725ebe5509,0.7198,CRITICAL,Control
c2878ec9-11be-41b3-bcd8-22356fb36416,0.7198,CRITICAL,Control
73b35777-3b80-49f0-b749-a5ad37c688bb,0.7198,CRITICAL,Control
0a2d1ce7-474f-436b-bf3c-f8b26e24c0dd,0.7336,CRITICAL,Control
e6f6de83-32e1-4efe-9787-3d9d02771bcd,0.7336,CRITICAL,Control
aa8955fc-27ba-4e41-9da6-f1642a60f664,0.7198,CRITICAL,Control
00fcb16e-c2fa-477b-902a-4805d6956e37,0.7198,CRITICAL,Control
cb0e0ba9-d55a-4901-971d-3c7bfc352dcb,0.7336,CRITICAL,Control
16204543-d513-4834-a99f-f2302f2c3225,0.7336,CRITICAL,Control
bea5a2cf-67e2-4d92-bccc-7295c954d6ea,0.7198,CRITICAL,Control
1505a6c6-a18b-492a-9c15-89208a34e3d2,0.7336,CRITICAL,Control
b7c2fa06-fb87-402d-bf5e-d0f66bcc7fd8,0.7336,CRITICAL,Control
4e59c5d6-9094-4b34-b421-d5f26b02101a,0.7336,CRITICAL,Control
8acc8d30-07c5-48bc-8166-1d4861220630,0.7336,CRITICAL,Control
ec39508c-83aa-4e2b-bd96-50551f008a1e,0.7198,CRITICAL,Control
7c76bb4a-8cd8-42bf-a031-ffaabcdfcaec,0.7143,CRITICAL,Control
70847583-75e6-48b9-b1bc-6a1beae2ad9d,0.7336,CRITICAL,Control
facaae67-f7e9-4f84-81de-3babe3f4395b,0.7198,CRITICAL,Control
1d392790-2fee-4479-8b35-393126a0a2fa,0.7143,CRITICAL,Control
e156187b-49cd-4e2c-92cd-b44675e85d16,0.7336,CRITICAL,Control
5ffe8366-7677-40f3-833f-0d41207188b7,0.7336,CRITICAL,Control
3b95359a-705b-4438-8557-6541d1175dc0,0.7198,CRITICAL,Control
842308bf-6d31-43f5-9afd-897c068f5c24,0.7139,CRITICAL,Control
8b3fbb8c-1a23-4e36-8a75-840436865047,0.7198,CRITICAL,Control
78bec732-f31d-4007-81f7-85a7b80342ae,0.7336,CRITICAL,Control
84f7d70e-cfd8-4765-859a-c080015a8201,0.7198,CRITICAL,Control
ca85786c-29b8-4877-a4ba-fd6c74199bb2,0.7198,CRITICAL,Control
73f76f82-34e4-4c6f-a685-1a8dc89676f4,0.7198,CRITICAL,Control
58dfde03-8d3e-4cbd-a619-d46775e85f41,0.7336,CRITICAL,Control
8be49018-3eac-454c-915b-84093174d97d,0.7198,CRITICAL,Control
2cc1f0b5-1dff-426e-badb-d777030ed0cf,0.7336,CRITICAL,Control
14091426-4cd9-470c-8d62-6e30cd961745,0.7336,CRITICAL,Control
ad9790ef-4bc6-4955-9e1d-e12dceb3e25c,0.7336,CRITICAL,Control
9d693dc0-2ee4-4503-bec4-ab4c8540c970,0.7198,CRITICAL,Control
45e54388-364d-46cc-a9b9-2b8282bb45db,0.7336,CRITICAL,Control
1acad6b4-29f9-444c-999c-7a1457e470e9,0.7336,CRITICAL,Control
91e2f83a-5e66-47f1-82b1-3d64bd574229,0.7336,CRITICAL,Control
1e460b94-eb28-47b2-990f-45cc833bc9d2,0.7198,CRITICAL,Control
617e4d36-d99d-43b1-9853-3b182cff9d51,0.7198,CRITICAL,Control
1911bdc2-e44f-4913-98e7-06fcd666fd78,0.7336,CRITICAL,Control
db3fa297-b14a-47c3-b524-74d7718ec594,0.7336,CRITICAL,Control
56412344-9925-420d-867d-4bf6d809401c,0.7198,CRITICAL,Control
158bc73d-6e5e-4cad-8730-6b6f731898f8,0.7168,CRITICAL,Control
3206be0e-2798-4316-8280-84420fb0263d,0.7198,CRITICAL,Control
9d74f8d3-c767-4b67-b67f-48a87af5ca7f,0.7198,CRITICAL,Control
38d3d561-359c-40cf-acb6-adb9923d5cc7,0.7336,CRITICAL,Control
7114d176-296c-4581-805c-183d907594a5,0.7336,CRITICAL,Control
be6eea61-245c-424c-8d61-91b516f17445,0.7198,CRITICAL,Control
555f2b41-f1eb-4e81-b208-7035a0f5abe4,0.7336,CRITICAL,Control
3e82bbe2-ac60-4d05-9e45-1fb41e20faec,0.7336,CRITICAL,Control
7f48f885-e7aa-41d6-ba54-e632b1e7ecee,0.7198,CRITICAL,Control
6ddf67b5-23cb-4314-a0c5-972f3682bc43,0.7336,CRITICAL,Control
0d561ea8-9cd4-49e9-a782-801e681358c4,0.7198,CRITICAL,Control
719a3314-5c3a-421c-8f21-85be06ba2de0,0.7198,CRITICAL,Control
112ff980-697d-431e-8c82-e6fdf819097d,0.7198,CRITICAL,Control
0e94ed42-183f-4a5b-96ce-ea9827983bfa,0.7336,CRITICAL,Control
8d13d994-beee-4dc8-a502-b3c24dc48e51,0.7198,CRITICAL,Control
e5b8bdd4-a39e-4f92-8bfc-696fbfac2d76,0.7336,CRITICAL,Control
4852aa01-60a9-46fe-80cc-6cc01fd50d3b,0.7198,CRITICAL,Control
e8f397f8-c2e0-4fa2-bec2-cc9f9462c5c6,0.7198,CRITICAL,Control
e3e4b0f7-f17d-46a0-9f37-ad735f888222,0.7336,CRITICAL,Control
56ab9ecb-30a9-4455-afb9-edefd00a4ec6,0.7326,CRITICAL,Control
70c01766-f04f-42ab-bb98-f0951546ae9d,0.7178,CRITICAL,Control
11a6c712-9f33-4aa0-b3cb-13579e8544c1,0.7198,CRITICAL,Control
0dee95b2-2832-4886-ab84-ced46a1bc138,0.7198,CRITICAL,Control
d57e6d34-aaef-49c4-b487-c5e8bd825ba4,0.7198,CRITICAL,Control
36c41b5e-13bc-47b9-b430-a792788ba701,0.7198,CRITICAL,Control
362fab84-8025-413a-9165-c2c0e6e29f7d,0.7198,CRITICAL,Control
7669886f-8f08-422c-8a55-adc287ec663a,0.7188,CRITICAL,Control
28278d0b-8275-4d19-8587-e50a0fe89d5e,0.7198,CRITICAL,Control
b6e81986-44dc-4776-a5da-9edecace0b32,0.7198,CRITICAL,Control
de758aba-63dc-4576-a301-3f058c2ad899,0.7198,CRITICAL,Control
1fbe2b1a-64d4-4676-8ab3-f6d4b1bff80e,0.7336,CRITICAL,Control
b927584f-3d31-46f2-958b-af4da6b97ba5,0.7198,CRITICAL,Control
5677b917-663a-4ecb-9645-5f9908306bd7,0.7198,CRITICAL,Control
36a984b1-fcbf-4ea7-b527-da48bcdc8e3c,0.7198,CRITICAL,Control
aa83050d-fee0-407b-b5af-f445c93a4180,0.7336,CRITICAL,Control
cc9292e9-f114-4da4-a706-00403634b66d,0.7198,CRITICAL,Control
a37b0cc8-8cb5-48e4-8636-d8801107b10f,0.7198,CRITICAL,Control
b03ef8f5-798f-463f-87f5-f7a9bddad37a,0.7198,CRITICAL,Control
0a671912-c5fd-4da9-bcf0-593a00f69214,0.7198,CRITICAL,Control
dcdc979c-610c-4510-b934-2ec166c9b780,0.7198,CRITICAL,Control
4617180a-53fa-4f7c-8921-5dee40670ed9,0.7198,CRITICAL,Control
96283585-1cda-47e3-8b9d-2e3c78f8d66f,0.7188,CRITICAL,Control
1e532f04-d08f-4bba-ac82-4499fc7993ff,0.7188,CRITICAL,Control
33529b97-6388-4e69-b9a2-51797dac58dd,0.7198,CRITICAL,Control
9d02d4cf-04ce-4155-b4d6-617db168d76c,0.7336,CRITICAL,Control
60c4debc-0de8-40e2-9362-eec95d254e7c,0.7336,CRITICAL,Control
b355a3d3-87f0-463e-83d8-5f9400bf1a33,0.7198,CRITICAL,Control
5a0eb62a-e254-41ab-bb9c-df7ee69c9e2b,0.7198,CRITICAL,Control
57c578ce-0026-4708-a9e1-b3493bb33d06,0.7336,CRITICAL,Control
43ed418c-c8cc-4d54-a258-0da14bb80876,0.7336,CRITICAL,Control
fed09aed-e1f5-41d8-8eed-ada790a20468,0.7198,CRITICAL,Control
dc7321d4-7398-4d50-9cb8-534f18691d7c,0.7198,CRITICAL,Control
46c6706f-614f-4a13-8a20-e3f00e76a06d,0.7198,CRITICAL,Control
32d238c2-bb51-4044-9747-717f22f35203,0.7198,CRITICAL,Control
da2eb509-fb67-41a5-a291-9c2e3bc4111e,0.7336,CRITICAL,Control
1eb39dd8-a82e-4ad3-b1fc-f7c4161e7bc9,0.7336,CRITICAL,Control
546b7415-8a4d-46c5-a6c0-626169e9d03e,0.7198,CRITICAL,Control
ee839331-3af1-4d13-a382-4bdbb67efe4a,0.7336,CRITICAL,Control
fb24a1e5-ff3a-45a6-9e81-ba8bbf8a54cb,0.7336,CRITICAL,Control
5d742f8e-3c36-4da3-9840-90279ccb68ec,0.7198,CRITICAL,Control
6a7f6b32-7844-42dd-9b35-70ebbb754497,0.7089,CRITICAL,Control
0730fd11-a88b-47f1-b457-ab3fdba45534,0.7336,CRITICAL,Control
da8b7686-e11c-4b82-a45d-9434de2ed268,0.7042,CRITICAL,Control
14c27834-58b3-4529-8c4c-ff621051b9db,0.7336,CRITICAL,Control
954072b2-36a5-4c11-9569-6c5305496c31,0.7336,CRITICAL,Control
4e98ad8c-f9c4-4368-b7fc-981335ba04c4,0.7198,CRITICAL,Control
2acc8bff-bb9a-45a5-b138-5fca5f8ce09e,0.7336,CRITICAL,Control
d278de76-af3d-4b55-aa09-cde0c56712a2,0.7198,CRITICAL,Control
b7837bb2-fbf4-4faf-86da-0f81d96b757b,0.7336,CRITICAL,Control
ddace2e7-7dae-4ac4-9929-bcab8c041b34,0.7336,CRITICAL,Control
7b66bb8d-d0fa-4612-9f65-995bb4dab227,0.7198,CRITICAL,Control
19e63639-6dc5-422c-98a7-0fdc6e2ff917,0.7336,CRITICAL,Control
58127c46-9603-4764-b985-ef8d57a79558,0.7198,CRITICAL,Control
f08f26b4-b67f-44ef-aae2-b08e2d21f08e,0.7198,CRITICAL,Control
8cb67661-6b15-4efb-8048-e98de299c2c5,0.7198,CRITICAL,Control
78246c3b-9b4c-4830-925e-9a8fa9132aad,0.7336,CRITICAL,Control
31e1c95b-e1a9-4625-aebf-0f31d4dd69ca,0.7198,CRITICAL,Control
9302d278-9d4d-4dbe-8c01-c1dfd3a9ed79,0.7336,CRITICAL,Control
37caa35e-e7b7-4eb5-a965-188f872c8bc1,0.7143,CRITICAL,Control
8210dccd-2377-46ec-9e55-7e4421e7e0f9,0.7336,CRITICAL,Control
74c9f585-367f-4f12-8892-229478c057da,0.7336,CRITICAL,Control
b655c412-bc16-4537-aef2-6488e67dfe3f,0.7198,CRITICAL,Control
13a4b156-bc9c-4a4d-a1c6-cdb7fa359c4b,0.7198,CRITICAL,Control
d620be9d-b81c-4870-8b75-fcaabb72091c,0.7336,CRITICAL,Control
9612087d-ef35-4a7d-9fa4-f53f098237f4,0.7336,CRITICAL,Control
8b323b7e-222b-48ef-9074-d7221a5d8e25,0.7198,CRITICAL,Control
f0bcecd1-ad03-48c2-b808-55461d9946eb,0.7198,CRITICAL,Control
c6eeefdb-6e19-44bf-938c-c0a011acccaf,0.7336,CRITICAL,Control
da1b36d4-3d57-4e55-b769-07fa415bd675,0.7336,CRITICAL,Control
7fd3a1a9-71f3-474d-9688-a597ef2bede1,0.7336,CRITICAL,Control
0bc13c86-2be8-4f0e-a946-3815d1c16c96,0.7198,CRITICAL,Control
237aac20-0cb6-4aec-a614-cd14dbe94aac,0.7336,CRITICAL,Control
4fd48553-e344-48f6-9b58-7c345aa2ab5d,0.7198,CRITICAL,Control
b5f81664-a12a-437e-8352-b064a5d95732,0.7198,CRITICAL,Control
bc307440-cdbd-4ecc-9f99-f1aeb22fd4cc,0.7198,CRITICAL,Control
3a8d8847-50f2-4150-a9f7-152d15e40536,0.7198,CRITICAL,Control
99e96e4e-34ac-4459-ac52-f16928e45393,0.7336,CRITICAL,Control
ce9e99b5-e7f7-49fa-811c-d28dd685f28f,0.7198,CRITICAL,Control
2e487c42-3180-41c4-be87-a6509899862e,0.7198,CRITICAL,Control
1cbdaf8e-d8d2-44bc-a3f0-be272e0ef092,0.7198,CRITICAL,Control
e3d58564-6ca6-4013-8ca9-23000a31eda8,0.7336,CRITICAL,Control
e80e3522-f900-4a09-8ef1-75cbe086800d,0.7336,CRITICAL,Control
084c566f-6679-4203-b42f-eb6a7d49c497,0.7336,CRITICAL,Control
e4e93eef-9a3a-4469-8737-dd7ef00082b5,0.7307,CRITICAL,Control
17c000f3-b9a0-442c-a978-d21a4e9074cd,0.7336,CRITICAL,Control
7142574c-4bdf-4c53-8d40-594d1bc8d295,0.7336,CRITICAL,Control
31f1f40b-1d37-4c2b-b001-b3289f53adc2,0.7336,CRITICAL,Control
cb337b6a-7e68-4221-a7ae-cf0126ad8b5e,0.7198,CRITICAL,Control
13c2d063-371b-4622-bdb1-6be974769f3b,0.7336,CRITICAL,Control
ef77c664-e501-429d-8ada-42c9854e8ce2,0.7336,CRITICAL,Control
db701a60-b445-4e34-90cc-32c565dedcee,0.7198,CRITICAL,Control
c0b17d3b-d0d8-4e65-95a2-4d191be0dc3a,0.7336,CRITICAL,Control
8665460a-d32d-4d79-bb4d-f4c5832647ab,0.7336,CRITICAL,Control
df03b92a-d5b0-4c13-9de3-7b139372a053,0.7336,CRITICAL,Control
08ac103b-e087-4722-b411-82951c580958,0.7336,CRITICAL,Control
ad9fa8a7-6e71-460a-8b8c-e3e7e4281c65,0.7198,CRITICAL,Control
22f08875-8d5d-4086-aa0e-cf59163cc7df,0.7198,CRITICAL,Control
9e90a6f8-04bb-498d-a38e-8e93312cfa64,0.7336,CRITICAL,Control
5a31eed3-a6cf-4eb5-befe-ca34adf86390,0.7336,CRITICAL,Control
6eb962bb-df37-46e9-b341-02d699214065,0.7336,CRITICAL,Control
c2790fca-b6b8-4d17-b6f0-fc0c98246dad,0.7336,CRITICAL,Control
83fe8fc1-e3b5-47f1-82ab-49af76076718,0.7198,CRITICAL,Control
ce0ce49b-35f6-4d06-a2d1-f9877fba7b9d,0.7336,CRITICAL,Control
c829621f-f30d-4a82-808e-ae6b0b13ad0a,0.7326,CRITICAL,Control
a8ba2396-e58f-4505-b98b-1792bc0a20d9,0.7198,CRITICAL,Control
c4fbc91d-c7dd-4f39-9975-093b501e6c90,0.7198,CRITICAL,Control
aa338387-6f3e-45d4-9ff8-9181ec8441eb,0.7198,CRITICAL,Control
a6497f8c-820a-4a70-95eb-fc0d28315ac6,0.7336,CRITICAL,Control
a502f1fb-b96c-458a-823e-c1c01d86f04b,0.7336,CRITICAL,Control
4d1743cc-d3f1-4697-b445-a2ef4666c72f,0.7198,CRITICAL,Control
564443ff-c0dd-43b4-831b-4fd31bbf0a41,0.7336,CRITICAL,Control
72cde7ad-ecc7-4c52-9818-f70829b11efc,0.7143,CRITICAL,Control
3c6fd078-f28c-47cb-8fae-45e9d8db4ed0,0.7198,CRITICAL,Control
c442a1bc-a36e-46bf-a767-8614c8ed0275,0.7198,CRITICAL,Control
8c118e1d-b02e-474f-ad7a-e7cb6eda6570,0.7336,CRITICAL,Control
942af17a-e1d9-4de4-98ee-7c96f45d04f2,0.7336,CRITICAL,Control
f115f8ca-a017-4c6e-851c-3df7ef5e73dc,0.7336,CRITICAL,Control
86564574-65c3-4c6a-9d4f-4538a4bfb16e,0.7336,CRITICAL,Control
3daded70-426c-4d1f-ac3e-32673df9a03a,0.7198,CRITICAL,Control
515a6bc4-69de-4630-866b-b00f3d60a4a1,0.7336,CRITICAL,Control
6ab1a472-6f0d-45b1-84b4-facb80ea9a85,0.7336,CRITICAL,Control
cdbc0fce-44d4-4342-91c0-d90b87e4de85,0.7336,CRITICAL,Control
677b0854-f66d-4849-bc3a-caf339238518,0.7198,CRITICAL,Control
ee4f9350-f704-4a0f-af36-bfe1b5d96d6d,0.7336,CRITICAL,Control
93d7d6ef-4168-4b83-8d62-382475edc027,0.7198,CRITICAL,Control
20589afe-a588-47da-8878-8c58dd9b393d,0.7198,CRITICAL,Control
cecf9df9-4534-4304-96e0-8da42ee54b4b,0.7336,CRITICAL,Control
738ec80b-b61f-441a-8602-1fdb749fe652,0.7198,CRITICAL,Control
73349679-f298-43b8-a127-74b2410cf1a4,0.7336,CRITICAL,Control
957ae8fb-e66c-4a04-9909-716a4f7cd235,0.7198,CRITICAL,Control
fbe25139-eb7b-4e42-82c4-a0770c5f05af,0.7198,CRITICAL,Control
d05a9acc-5d0c-46b7-9c7b-2aae66980c34,0.7143,CRITICAL,Control
a39c95a0-4cff-410e-9b3e-a5a9da52a99c,0.7336,CRITICAL,Control
82742269-f08f-4798-af5d-229b27490625,0.7336,CRITICAL,Control
4c3d54b3-e4b3-43e9-9697-42dfd065ef3c,0.7336,CRITICAL,Control
d4491394-071c-43c1-a12f-678b7967d17a,0.7198,CRITICAL,Control
640fbcfe-b17c-4b65-9ebc-7ce672395e6e,0.7336,CRITICAL,Control
e7ddf455-ba08-46c3-bf2e-6a2777b185cf,0.7158,CRITICAL,Control
920d99d0-2cc4-4164-9113-916b33f2b976,0.7336,CRITICAL,Control
11bb74c2-0ebe-4f2e-bf01-9f1fbcf89023,0.7336,CRITICAL,Control
ffc08d86-6141-4c6f-b927-460adbd67a3b,0.7336,CRITICAL,Control
ee7a5310-d140-4cc2-a514-86c080d78598,0.7336,CRITICAL,Control
3ae028b8-c00b-4489-9cb6-a4588612f6a4,0.7178,CRITICAL,Control
6e18e16a-a659-4352-af5c-3b9cfa7cc9e3,0.7198,CRITICAL,Control
3098e32c-7bad-4197-b9a6-c1f4594f4c89,0.7042,CRITICAL,Control
5d703e4e-83f1-4b0d-b924-521ea20857ff,0.7198,CRITICAL,Control
95ef6f98-285b-42ba-a1f3-4f9a053484c3,0.7336,CRITICAL,Control
6f3e54ad-8d8d-471d-ae8a-55fef1d49b25,0.7336,CRITICAL,Control
dcbca1b1-1898-4ac3-bfd2-5d568b089616,0.7336,CRITICAL,Control
7f35a65c-cdb4-4efe-92ab-12e23ceecaf8,0.7042,CRITICAL,Control
d6d3cd15-7bf1-4e58-8b11-07c4f865754d,0.7198,CRITICAL,Control
ffd277be-ed4f-46f4-a4d0-f208ee580c26,0.7336,CRITICAL,Control
927025a1-83a8-435c-b047-32b21e84c89e,0.7198,CRITICAL,Control
d720a373-1adc-4373-8450-724beea8f2c9,0.7336,CRITICAL,Control
9bea8297-fd1e-4b3f-8b15-c5e6e04a4985,0.7336,CRITICAL,Control
162c3c07-4994-4176-baee-5600f921000f,0.7336,CRITICAL,Control
b4ad9524-317b-4c11-8f69-8e018a41beba,0.7143,CRITICAL,Control
ae3fc7c6-e2b8-4993-b98d-e375c1be656c,0.7336,CRITICAL,Control
e96fa202-03a2-4da4-be54-d0b5e8ce0742,0.7336,CRITICAL,Control
146730ce-73a0-49f1-86a1-4ee0e48b5281,0.7336,CRITICAL,Control
af11a126-8aad-4f6d-9681-6ae03dc62d62,0.7336,CRITICAL,Control
de14f087-7764-45cf-8d3d-67e147737209,0.7198,CRITICAL,Control
55557d81-1e7d-4183-b379-56a3eae48d8f,0.7198,CRITICAL,Control
8bd2c501-3883-460d-a5f2-840013cdfd36,0.7198,CRITICAL,Control
f3a9af59-ac65-43c6-b99e-6af79f06243a,0.7143,CRITICAL,Control
9041cade-9310-4352-9d06-cdd843764d66,0.7336,CRITICAL,Control
93ce2c90-0c2e-47f9-ba1f-35677e4fbc49,0.7336,CRITICAL,Control
437377e7-2032-47a7-a6bb-ea480a0d952b,0.7198,CRITICAL,Control
67c2341c-a7ec-4885-8967-b3458b43f4bb,0.7336,CRITICAL,Control
2d8dff38-5d5b-4c83-a69b-3585dc68fbcb,0.7336,CRITICAL,Control
355566cb-6bda-491e-8b77-f6e68083810d,0.7198,CRITICAL,Control
5a27ed6a-0f62-4055-8d21-3eda36714863,0.7198,CRITICAL,Control
72a8f043-fb3d-4af3-b5d6-feda0adbc85a,0.7336,CRITICAL,Control
83bc849d-03b2-4000-85c0-427ec02fad61,0.7198,CRITICAL,Control
effaa00d-65cd-4b70-a80e-ed2b9f060896,0.7143,CRITICAL,Control
3dc3db84-55bd-441a-b925-3aebf54207d6,0.7198,CRITICAL,Control
993a31df-8d40-4051-9a5a-3bc2e5c15983,0.7336,CRITICAL,Control
407d332b-3dfb-40f5-82a7-3d56d16b720a,0.7336,CRITICAL,Control
4315bc93-4a5e-4c4c-aa9b-760394d01990,0.7198,CRITICAL,Control
13d9c4f7-3370-4679-88de-4b21cdd0d3e0,0.7205,CRITICAL,Control
ffdf53f4-4027-473b-9845-738e38e30750,0.7198,CRITICAL,Control
830087d7-a807-4b97-ae6e-f33a27b565ca,0.7336,CRITICAL,Control
c32f71e8-936a-4299-a2dd-59885d948a79,0.7336,CRITICAL,Control
40e91b51-52b1-4801-af37-779f29d27ef7,0.7336,CRITICAL,Control
ea215968-46a1-4bc5-b5ad-49fcdd6c0b58,0.7336,CRITICAL,Control
f2040030-6bd4-474b-9939-506dca4975bf,0.7198,CRITICAL,Control
01c69b49-cafe-4e4d-be2e-60a71bedcde6,0.7198,CRITICAL,Control
cb4b10ab-c366-4a6f-80de-da68e1a60056,0.7336,CRITICAL,Control
cd1bf983-353d-4167-b180-8952d6c297fe,0.7143,CRITICAL,Control
a8a9553c-77e4-46f6-bd5b-b1a3a64aabe1,0.7336,CRITICAL,Control
1e1856f8-9371-4aed-acb2-8927b4ee1cd3,0.7336,CRITICAL,Control
31e2b7c6-5099-48cd-ae70-4c207900e2bb,0.7336,CRITICAL,Control
01dcf5fc-aa9b-4496-94d5-34327adfe18a,0.7336,CRITICAL,Control
271ddff2-bdef-4627-9d87-92830b85ad31,0.7336,CRITICAL,Control
b72ded21-e91d-4b98-9235-ea1af15d4d1f,0.7198,CRITICAL,Control
5a8dcc79-a093-4312-9365-e59b5bdbd14c,0.7336,CRITICAL,Control
fcce1eb2-ef5b-445c-8f4e-59af500b68d2,0.7198,CRITICAL,Control
828ae657-4bd5-4337-924c-792f05f6cddc,0.7198,CRITICAL,Control
c6d6b33b-bd19-44b0-97ec-1f4825e715c3,0.7336,CRITICAL,Control
a1f2ed5e-d6ce-44ed-a366-1d367da8a307,0.7198,CRITICAL,Control
532b4cd2-d6f1-4273-89fc-bbcbece5173f,0.7198,CRITICAL,Control
0c090274-7b28-4f1a-8fb6-99bde356bfa0,0.7198,CRITICAL,Control
f44dd229-5229-488e-ba8e-b1185beb3831,0.7336,CRITICAL,Control
18b5da75-09e8-425f-97d8-a63f440c4f5f,0.7336,CRITICAL,Control
3333ed91-541a-4598-9e21-8a34de652a81,0.7188,CRITICAL,Control
94df2e09-0f55-41d9-89fd-01c70ffcff6b,0.7198,CRITICAL,Control
6039c68a-d35e-4fc5-b548-d8e80f80cb9b,0.7336,CRITICAL,Control
c170c9b9-f768-4080-a465-97e918ac69e2,0.7198,CRITICAL,Control
b392cfc5-9162-4ffb-a284-9c65bc451767,0.7198,CRITICAL,Control
131df223-493b-4f24-88ab-ac23bcaa5652,0.7198,CRITICAL,Control
151e9d70-10a5-46e0-a39c-b9d37c9a11df,0.7336,CRITICAL,Control
fefe8223-1bce-4a82-8ea5-18cd22ea19d1,0.7336,CRITICAL,Control
bc3cdb14-f939-40c4-9b41-ff910f89a264,0.7188,CRITICAL,Control
8424e2b9-0e82-48d7-9123-c1210bc2bc2f,0.7336,CRITICAL,Control
363b1f14-05b5-4120-be27-461b54ae03ec,0.7198,CRITICAL,Control
1c179245-1f95-412e-9dd2-470814b4f26a,0.7336,CRITICAL,Control
3150ce58-4f5f-4c6b-b75c-05db84e286ca,0.7143,CRITICAL,Control
3d0e1938-db80-438c-b730-bf215b9f4633,0.7198,CRITICAL,Control
3057f665-1770-43e6-bf1d-ef14adc789ce,0.7336,CRITICAL,Control
8890fee0-db0f-4c1e-9d88-49cc9fa3a05d,0.7198,CRITICAL,Control
04102415-cf0f-4809-8e99-91eff99a01a7,0.7198,CRITICAL,Control
4ce6ce77-53a8-479b-bd98-23888106fe22,0.7198,CRITICAL,Control
30fe9696-16bd-456e-8681-8764f69d7db7,0.7198,CRITICAL,Control
a9e88937-4a84-4128-b814-706bc7b0327a,0.7143,CRITICAL,Control
b9228520-b9f7-4210-b0d2-94ed4475c2aa,0.7336,CRITICAL,Control
555a4eaf-6773-44df-a9cb-6e48dfb03d30,0.7336,CRITICAL,Control
1a228e7a-95f9-43a2-a7f6-4485b52dbe83,0.7336,CRITICAL,Control
f75b536d-3f72-43a9-b8eb-fce3bc6cb7e3,0.7198,CRITICAL,Control
d214fd96-8253-4161-9f33-187c6cba8456,0.7198,CRITICAL,Control
38239483-2bfa-4651-b358-73c062cced22,0.7336,CRITICAL,Control
357e0558-76d7-48b3-852c-ccc6af586584,0.7042,CRITICAL,Control
b2ce87b1-c191-4361-b97d-b553de693690,0.7198,CRITICAL,Control
2aa40ca8-a9b2-4d2b-a8e2-6b9562e7cb8f,0.7143,CRITICAL,Control
da32c59e-1d85-4873-8596-6faa7ce0ae0f,0.7198,CRITICAL,Control
b009ac58-6a48-4260-b74f-d89349ba6c74,0.7336,CRITICAL,Control
f9aa7671-0fdb-41e5-9435-81558d2e1c83,0.7198,CRITICAL,Control
247878fc-1522-4371-8d21-e5f4596d09b4,0.7336,CRITICAL,Control
b78a45a7-d7fb-4a42-8f28-41857bd1d364,0.7336,CRITICAL,Control
8b7f1155-9a73-475e-9a06-a378cce00e9f,0.7198,CRITICAL,Control
b1c1084e-fa65-443f-896d-150b97242d66,0.7336,CRITICAL,Control
6b0d2642-cce5-4ae6-92a3-71f565be9320,0.7198,CRITICAL,Control
c076844b-2f9c-4d97-9994-b00695bec1b2,0.7198,CRITICAL,Control
56680119-61f9-47a1-bf4d-29a3d510a776,0.7198,CRITICAL,Control
7db171a5-93fa-4953-9b12-aba5375c031e,0.7198,CRITICAL,Control
ca6d6dbb-f42a-447a-8cc5-682b594af947,0.7198,CRITICAL,Control
7af652f8-87b9-45b4-95e5-90ff8d810865,0.7198,CRITICAL,Control
3e8be84e-20a4-4297-a5ef-0e130fb5eac0,0.7198,CRITICAL,Control
a82d1b34-1f9d-4ecc-9cea-7d5620e3cf45,0.7336,CRITICAL,Control
80878b35-1195-4754-9104-42e46a39f19d,0.7198,CRITICAL,Control
6d9e28c9-e2ec-49db-8c1c-7c54a53d94ca,0.7198,CRITICAL,Control
42f0a49d-7e7e-4cb7-a23a-eee6d02157db,0.7198,CRITICAL,Control
116ca30b-24ce-44d6-9263-7e7c771fa7ce,0.7129,CRITICAL,Control
608b19c1-621c-47f7-a3a0-c0d7aff5c922,0.7198,CRITICAL,Control
bd670515-f5fd-476f-b43f-03ceb4c7f0ce,0.7198,CRITICAL,Control
e4e5a68f-7769-49ca-8eef-d8c7bf814762,0.7198,CRITICAL,Control
61aa309c-4b2f-4b6d-8822-e571896ad83f,0.7198,CRITICAL,Control
db46a128-3a87-488f-b215-3d67cb89a701,0.7336,CRITICAL,Control
741c5b26-8c3d-4362-aab9-0e8e66ce6d3f,0.7336,CRITICAL,Control
86303cdd-c9ee-4f4f-bf27-0de86bb497e1,0.7198,CRITICAL,Control
692b3780-3ff8-4a40-8ed0-d1b37d0d75c9,0.7198,CRITICAL,Control
9995c14f-d533-43b8-884f-68ad404bbec6,0.7336,CRITICAL,Control
1b570c1d-1266-4e8f-b86c-22603d3f85cd,0.7198,CRITICAL,Control
6a1af9b2-31fb-4e62-9c28-25b7023fd4bd,0.7336,CRITICAL,Control
a6272516-8707-430e-a9b7-e723abb1b62f,0.7198,CRITICAL,Control
5bc94002-3f8a-4a6c-a1cf-d4431bec0e88,0.7198,CRITICAL,Control
6514f002-06ae-457b-a9c3-bb9002b34080,0.7336,CRITICAL,Control
3f56fbfb-7b80-4b1d-be19-70dde3b217dd,0.7198,CRITICAL,Control
8585383d-2bf9-4bb5-bab3-be549ac8c3b2,0.7198,CRITICAL,Control
607c37b1-f635-405d-b5e5-132cfcc99789,0.7198,CRITICAL,Control
4abac02b-863e-40e2-8e17-0c1b36489a2c,0.7198,CRITICAL,Control
9268c47b-a598-47f6-883e-33faf0c52d93,0.7198,CRITICAL,Control
b8355c52-d935-40c9-bea0-3edd7f0c5d83,0.7336,CRITICAL,Control
3170f8d6-078b-4950-9005-54efea5b19a9,0.7198,CRITICAL,Control
099a4b2f-b977-4e61-a2ce-9eafd361c95d,0.7198,CRITICAL,Control
580482cb-30a8-423a-843f-5ff5b0cdf6f8,0.7336,CRITICAL,Control
226d0d73-391e-4263-b751-ef7750f730cb,0.7336,CRITICAL,Control
c6f5e0e4-46ca-4222-b5e3-fa4205cd2988,0.7198,CRITICAL,Control
662c10a4-1253-43ca-bb3e-d90a1e392d81,0.7198,CRITICAL,Control
90365704-63c2-4799-969b-d77213424040,0.7336,CRITICAL,Control
4eff3a58-346e-4e61-86f9-912cd6fb471c,0.7336,CRITICAL,Control
703eb977-1ebd-42fb-9725-b98384d6d2bc,0.7198,CRITICAL,Control
e04c5c0f-9800-48fa-b57d-c2ebcfda2527,0.7158,CRITICAL,Control
227d4423-61ca-4a0b-9e57-6808973af10f,0.7336,CRITICAL,Control
4f6d58e9-1102-4547-9f34-a5b1ad3da7a3,0.7336,CRITICAL,Control
1663be78-ef61-47cf-9144-faabc6a27798,0.7336,CRITICAL,Control
58ff258a-d9f9-4b65-bfa5-85684713662d,0.7336,CRITICAL,Control
bc036507-1707-486d-be0b-ae813d1f12d3,0.7336,CRITICAL,Control
edf75da1-0b0d-4839-bc76-9178dc3556a1,0.7198,CRITICAL,Control
763c01f4-ddec-4be9-aac4-da1d758170fd,0.7143,CRITICAL,Control
5ca11dfa-72d1-4def-b32a-d73105ebf3ee,0.7336,CRITICAL,Control
e98ff44b-acb2-4d80-aa33-e018c68c7d92,0.7336,CRITICAL,Control
8ce27ffd-e6ad-4f92-9069-f26da695697f,0.7336,CRITICAL,Control
3da0732b-1510-4a8c-a439-d8f91bcdbb76,0.7198,CRITICAL,Control
4f7f461f-9e5d-4931-a3a5-27b46c4326fc,0.7143,CRITICAL,Control
e72d7a67-8b0c-4ac1-ba7e-3e0f6a42a0c9,0.7336,CRITICAL,Control
cc601a9b-2f60-4388-b18e-441edcd638bc,0.7198,CRITICAL,Control
9b866947-1325-4641-8f58-66468b825baa,0.7336,CRITICAL,Control
25073f59-9b6f-4259-a5a1-bf150974b4c3,0.7336,CRITICAL,Control
7b255a51-8aef-4a3e-9d89-29d3dcc3020b,0.7336,CRITICAL,Control
c6923f70-4d96-4026-80a5-57d5d1562c0c,0.7198,CRITICAL,Control
3826f44f-d47c-442c-96dc-a4b43b28a973,0.7198,CRITICAL,Control
a2bee9f9-1d42-491c-a8cc-1abe97d90f7a,0.7198,CRITICAL,Control
3c326b6a-abc9-474e-8c66-dce39d246e70,0.7336,CRITICAL,Control
b961af80-5470-4aee-ba53-4a6cfd6caca7,0.7336,CRITICAL,Control
2c9fca9b-40cc-45b0-9e69-a389dce4c07d,0.7198,CRITICAL,Control
10843db7-e0b5-497c-8b0e-9819728275b4,0.7336,CRITICAL,Control
9cca552a-b6ae-45f5-9398-23d0886c09cd,0.7336,CRITICAL,Control
73be3fa7-204c-4878-90e3-3b23f7a8c879,0.7143,CRITICAL,Control
79d3ff20-f566-4622-a50a-b0f3d4d89da2,0.7336,CRITICAL,Control
e96dcc29-34ed-430c-8b47-7224dbe39eb3,0.7336,CRITICAL,Control
2429d17b-06ea-485c-b121-e39c03d0f54d,0.7198,CRITICAL,Control
951a04ab-8011-4a67-8be1-d631e75da631,0.7336,CRITICAL,Control
a95263ea-8254-46e3-866e-09e34927889c,0.7336,CRITICAL,Control
d4f15bc5-f00e-4b66-a046-12a259f2a510,0.7198,CRITICAL,Control
a0a22e11-0301-4631-961f-d9a1876d0b20,0.7143,CRITICAL,Control
55e55968-a8a8-4d0b-89f5-a0bb557608df,0.7198,CRITICAL,Control
31ee5363-8c18-4c95-a484-94849142fabc,0.7336,CRITICAL,Control
f63c4b38-06a6-4ce8-9c04-3326645a550b,0.7336,CRITICAL,Control
06686ae0-ee8b-4b20-9386-e669fd0c5538,0.7198,CRITICAL,Control
dd5810b6-a442-4560-a7bc-3c23d2bc74e7,0.7336,CRITICAL,Control
ec20a0b7-93e4-40c2-bda7-dfefaf6a59e0,0.7336,CRITICAL,Control
25c95e7e-04a6-4db7-a680-bafd1faa91a4,0.7336,CRITICAL,Control
2aa6f2c5-8fb4-4794-ab70-08250c3a0257,0.7198,CRITICAL,Control
177a9bef-0b93-4b59-8df0-85c3b0dfd4bb,0.7188,CRITICAL,Control
69d1a605-8965-4c97-b3e5-a12bedafa0e0,0.7336,CRITICAL,Control
7418b6f8-4dfd-4e5a-93df-4327b7857f82,0.7198,CRITICAL,Control
60d1400e-3902-46f3-b9dd-e5b6907fb6f1,0.7198,CRITICAL,Control
fb005c92-861c-4b60-85fa-4aa1010a3682,0.7198,CRITICAL,Control
05743287-cd92-4574-9fb0-c5a55344e8a4,0.7198,CRITICAL,Control
3dfe8073-8239-4da5-8d2b-92b89e4e4e87,0.7336,CRITICAL,Control
9bcb3174-b617-4081-a072-473db02c896a,0.7336,CRITICAL,Control
8d90c3ea-2ea9-412a-a5e3-8ae13e3da6e4,0.7143,CRITICAL,Control
ab1dad9e-b2a4-41b4-ac7b-6e127fccd256,0.7336,CRITICAL,Control
882bbef0-e013-42df-bc62-76e5b775f912,0.7336,CRITICAL,Control
0c20673e-b79c-4496-85f0-253901b14a8c,0.7198,CRITICAL,Control
c336b998-da16-450c-9fb3-ac95d9604ff8,0.7198,CRITICAL,Control
5acbc283-96af-4d29-8f6f-24f9243cb057,0.7139,CRITICAL,Control
0d64553b-c2c1-4f72-a05e-f8ce9e899f2b,0.7198,CRITICAL,Control
40d6a0c4-535b-4b98-940e-66d1b9babfca,0.7336,CRITICAL,Control
fb20eb07-9e41-4e16-ae68-d816327cfa4f,0.7336,CRITICAL,Control
cc879173-68fe-454c-a7bb-12cb82dab94b,0.7198,CRITICAL,Control
a7c36258-f2ea-47dd-ba5b-d94431f22507,0.7336,CRITICAL,Control
06f6c3cd-d143-4875-89f1-163308b68a8e,0.7198,CRITICAL,Control
ae9545e3-1d6d-467d-8053-d9ff210fd62a,0.7336,CRITICAL,Control
a8ac62d1-12a1-4e3f-a93b-d8f82b1bb1d5,0.7336,CRITICAL,Control
d31236f4-2703-48c3-b4e1-5d01134b35ef,0.7109,CRITICAL,Control
e19eec7a-9894-4351-a8d9-780f8519459b,0.7198,CRITICAL,Control
4e21cb63-61bb-454e-842a-88752f3f9c53,0.7198,CRITICAL,Control
d4ff9e5f-b64a-4230-861a-3469a358a749,0.7336,CRITICAL,Control
b9b9fc97-e44f-4b7d-9b5c-1da85dae88c4,0.7198,CRITICAL,Control
6e2002c5-c12d-4465-990e-7eec7bea7747,0.7336,CRITICAL,Control
2d0a54c3-392e-4c8d-ab3e-d9c119fd2f4a,0.7336,CRITICAL,Control
4c255d40-1d0b-4eba-a145-21de7110ea41,0.7336,CRITICAL,Control
7ee5cb42-97c1-42f0-9b30-9a8ac9ee46f3,0.7336,CRITICAL,Control
863c83c3-82a0-4179-9441-fdd0b317f0bc,0.7336,CRITICAL,Control
c001ece6-f346-415f-b97f-21bc64443a13,0.7336,CRITICAL,Control
ce6a9f0e-2f0a-4036-93ff-31b722c22853,0.7198,CRITICAL,Control
19a74703-6ba0-448e-86f0-40c57b14bf44,0.7198,CRITICAL,Control
f359f7d9-ae90-4346-8f07-d491fa110515,0.7198,CRITICAL,Control
e69066e0-86bf-4ed6-b550-67da8877d7a2,0.7336,CRITICAL,Control
1b5f6af4-71be-487d-b9fb-f728fa248a4f,0.7336,CRITICAL,Control
43df1981-f092-4226-b83c-fb7239a1d60a,0.7198,CRITICAL,Control
7c037065-45a0-4e18-8dbd-fef365e06d79,0.7336,CRITICAL,Control
b11b13cc-16f6-422a-8c29-b0a0d70ae788,0.7336,CRITICAL,Control
9fa28157-9c5e-41ae-92c3-79df393bc752,0.7336,CRITICAL,Control
0abf5347-649f-4c99-843c-568060824836,0.7198,CRITICAL,Control
fa63e7e4-b5b0-48a5-8d0b-21e64e901332,0.7336,CRITICAL,Control
e816664f-031e-4ef8-9275-2c9d21cf41a6,0.7336,CRITICAL,Control
5cf67b98-a12f-4356-bddb-5120d9aec025,0.7336,CRITICAL,Control
a1c72146-c2d4-4c23-a49d-5f5b8a248dc4,0.7188,CRITICAL,Control
632e40c5-3660-4bbc-88d0-70d5586905d6,0.7198,CRITICAL,Control
bc4201d0-6f06-45de-88fe-9ebdcffd3249,0.7037,CRITICAL,Control
0bf316ce-6661-4907-9d86-adcaad054bd8,0.7336,CRITICAL,Control
0034cd5a-3f9c-4b44-9ddd-1818377d7951,0.7336,CRITICAL,Control
b0c6ce15-c7d0-48ee-83f2-ebc354795531,0.7336,CRITICAL,Control
a239fdc4-9770-4a0a-94ef-e664a47b6681,0.7336,CRITICAL,Control
a5bfbbb3-ac26-4c4d-be57-4004f5df37bb,0.7336,CRITICAL,Control
19f5b822-2c86-44b2-bfd0-573d4111a4aa,0.7336,CRITICAL,Control
281d294f-4b0c-41f0-a5be-0abec5696a67,0.7188,CRITICAL,Control
b175c1e3-8678-4c0c-9337-2a80b588819a,0.7198,CRITICAL,Control
36b21fd3-edf6-4987-8c3c-fa2ed6a0ecb4,0.7336,CRITICAL,Control
a7bbeddb-7554-4ad0-a1c4-115c6e5f2c16,0.7336,CRITICAL,Control
13750254-34ef-40f5-8ab4-2675f3dd572f,0.7198,CRITICAL,Control
834428fa-c400-4732-aa4e-6ef119f7f4cb,0.7198,CRITICAL,Control
6126a93b-8331-4749-805e-f7e732f89f5b,0.7198,CRITICAL,Control
ba5c37c6-d9a4-4532-bf7e-a943d0f73d7c,0.7336,CRITICAL,Control
86e77ee1-d62f-4b28-b972-1731b0735e84,0.7198,CRITICAL,Control
9a135539-cc4c-4fd5-b74e-f51ec173f048,0.7198,CRITICAL,Control
0a42cd60-ffbf-410d-9021-27ab88ff112d,0.7336,CRITICAL,Control
abd9f153-5efb-47ba-af3b-108a53f8932b,0.7198,CRITICAL,Control
c543fa02-b49d-4674-9bbd-0221d5a4346b,0.7143,CRITICAL,Control
58dc6094-0f58-4cd0-8b05-d9e247131874,0.7336,CRITICAL,Control
a51882ef-ad3e-48b0-876a-31e1bd345bb4,0.7336,CRITICAL,Control
39e613ac-f6cd-4f80-a82b-317484f5a19e,0.7198,CRITICAL,Control
95a66df1-3712-4744-97da-eb63245205d3,0.7336,CRITICAL,Control
1b766551-33df-45d3-ab5a-506f80dbc6c0,0.7336,CRITICAL,Control
12bbab64-a2b3-4982-8c07-0255521dc2f3,0.7336,CRITICAL,Control
f7de9b13-fb6a-4432-8046-95e8535b1296,0.7336,CRITICAL,Control
e4ad6908-99fb-4786-9e11-d00b3433b9ee,0.7198,CRITICAL,Control
18b38f35-6288-441c-9ca9-c06a890a8bc3,0.7149,CRITICAL,Control
6872d5d3-675d-43af-bd60-90b08d6a823d,0.7143,CRITICAL,Control
745fd4e0-778d-4890-9c0a-9b0398a74b5f,0.7198,CRITICAL,Control
de81af1c-bfa4-465d-b25c-2b7f14d672b9,0.7198,CRITICAL,Control
99fe37f9-2a94-46dc-92e1-2e18a9dcaa44,0.7336,CRITICAL,Control
f6dd42a2-0b86-432e-91c2-e41596a218fe,0.7198,CRITICAL,Control
81bd2e99-dd85-4de1-a8f7-19e5f4cbac06,0.7198,CRITICAL,Control
61cd39fc-708c-4063-b2b3-dbc8276c13a4,0.7198,CRITICAL,Control
f584ef06-94af-4418-8403-c75225ef07bf,0.7336,CRITICAL,Control
0aa074ef-aa53-4422-9a16-f2c6b953aa3f,0.7198,CRITICAL,Control
f59dfa9c-c61a-451a-b5cf-c57dab0f7d64,0.7336,CRITICAL,Control
63ea0a40-d837-4d57-a1ec-946f2171e2c6,0.7198,CRITICAL,Control
8b37a388-1e8b-4871-b2c2-6b7e9d3a190d,0.7336,CRITICAL,Control
ad03bd4f-7c43-4132-aaa2-902b52c5e302,0.7198,CRITICAL,Control
6930a9c2-eb22-4314-8933-0b0a8cb4c763,0.7198,CRITICAL,Control
6aa39ddb-95a2-4879-8a10-00e00ca9e8d5,0.7336,CRITICAL,Control
964c4302-556a-46e2-addb-37997f556311,0.7198,CRITICAL,Control
f5962e17-bc5d-4132-86ff-d30898d1fe28,0.7198,CRITICAL,Control
4167c4f9-cac7-43cc-a3cc-b97d5fe33d30,0.7336,CRITICAL,Control
9ce4f43e-559b-4185-a094-fe5a1198c558,0.7198,CRITICAL,Control
cffd6126-63ae-439f-ae46-30c6a1343e39,0.7198,CRITICAL,Control
5847dffd-16ad-4f48-83ea-1b423ab510fa,0.7307,CRITICAL,Control
c23f6681-6c21-4d26-a05b-fe57464d42bb,0.7198,CRITICAL,Control
0b760eb9-15e0-437d-9819-112f7044c73c,0.7336,CRITICAL,Control
f3083f74-1f86-488b-b633-43c53cd01623,0.7336,CRITICAL,Control
eb1aa128-4edc-4eec-b879-64d991376e31,0.7336,CRITICAL,Control
4a5cbeb2-9a31-423a-929b-e95633f314f9,0.7336,CRITICAL,Control
85ac5adb-57a0-494f-acb0-e716a6ae90de,0.7198,CRITICAL,Control
e7f17f68-5a97-4746-9759-e719a458afbb,0.7336,CRITICAL,Control
f7344098-d171-40ef-9e84-1f97d1e2577f,0.7336,CRITICAL,Control
e70742b6-99be-4cad-814e-00a60bf7e03d,0.7129,CRITICAL,Control
a8b87062-9197-48a4-a818-8fe490db9375,0.7336,CRITICAL,Control
549b8b25-8f4f-438f-b168-431b15cd2a17,0.7336,CRITICAL,Control
aebafe89-954b-4565-a75a-f689a8342e9a,0.7198,CRITICAL,Control
345981ef-c90d-4365-9c10-5df9c6c5d1cd,0.7336,CRITICAL,Control
a124613b-7d56-4413-a7d3-160cd0821290,0.7198,CRITICAL,Control
8a5f34d5-90ce-46a3-9232-fb78e2e3d227,0.7198,CRITICAL,Control
083718dc-a1ad-43c5-b5ad-b0c6f4aeb366,0.7198,CRITICAL,Control
3e79bc78-37ff-4311-8139-c511f3cc1401,0.7336,CRITICAL,Control
01071528-0ec0-4110-a86e-065d2267444d,0.7336,CRITICAL,Control
c38dbaa3-3c5e-4715-8fb7-5876381811e1,0.7188,CRITICAL,Control
2f48c142-553f-43a6-9ca7-8d1b214622fa,0.7336,CRITICAL,Control
cd079a30-6e5c-4f87-91e6-7babbc598551,0.7198,CRITICAL,Control
b2edaf4f-ca05-42d2-9dd5-51840d813995,0.7198,CRITICAL,Control
735a7771-32b3-425d-af65-9ec2fd5b914c,0.7198,CRITICAL,Control
62a1ad6f-210a-46e6-9fa0-50f47b282c98,0.7336,CRITICAL,Control
3cd3602f-934f-4c2a-8f63-88062e02935d,0.7336,CRITICAL,Control
c79518fc-1b67-4c40-90bb-2c5d30b5c375,0.7198,CRITICAL,Control
b9032da5-de81-405e-afed-49c3ccb23983,0.7198,CRITICAL,Control
c29bebd1-49e0-4d04-a531-1f5cef646307,0.7198,CRITICAL,Control
5c7b08f4-5621-4991-9001-a2a4d5cfefab,0.7336,CRITICAL,Control
09ea2e86-05df-453f-93e9-e6e772eb9fa5,0.7188,CRITICAL,Control
2cdc1dd1-e2ba-4b7d-be73-b971e04dc344,0.7198,CRITICAL,Control
82d59645-4733-47bf-9e17-9b5ddbb90c46,0.7198,CRITICAL,Control
f74f82b3-d70a-47e8-972a-eb0bbeb326b2,0.7336,CRITICAL,Control
dd4de9be-e869-4a61-9f69-2f41263d7f61,0.7198,CRITICAL,Control
00c044ed-c2bf-46e1-b95c-5703edbb4fd6,0.7336,CRITICAL,Control
f3e12296-545b-4af9-9d61-4d54aaac8bb5,0.7198,CRITICAL,Control
729bf531-5b89-4c05-b7d5-6d14dfcef2ce,0.7198,CRITICAL,Control
203f2661-dd24-40f3-bad5-bb8e8e53104d,0.7336,CRITICAL,Control
a6541b59-b3fc-46bb-b7e2-a1ad50ab835c,0.7139,CRITICAL,Control
5cb113cf-929b-4251-8d7c-db1b89657529,0.7336,CRITICAL,Control
29c6fde9-3772-4b7c-b4f5-29f850a10494,0.7188,CRITICAL,Control
7074a114-8894-4a4d-8512-e52ad777d89f,0.7336,CRITICAL,Control
ba624126-7eb7-489f-9abf-cad6b677947f,0.7336,CRITICAL,Control
ea3ef88a-8dbf-432a-9901-7692fa00ad89,0.7198,CRITICAL,Control
f624e5ff-3c58-41ab-9092-5d66787f151c,0.7336,CRITICAL,Control
a10cfe26-4e3f-4f2f-bbb7-a0e3864882c9,0.7198,CRITICAL,Control
6fd837ad-2ccc-4804-846f-40fd33c6beac,0.7336,CRITICAL,Control
796ac180-9e54-4779-8fff-2a19e740c9de,0.7198,CRITICAL,Control
dda03187-21ce-41c4-9aaf-c12fb0c0d521,0.7336,CRITICAL,Control
4029b39a-6782-4eac-a2d1-cdb332e71f76,0.7336,CRITICAL,Control
b347217f-d7d5-4762-a1cd-6b49dd5b9bc0,0.7198,CRITICAL,Control
b6e2205a-adb4-47c9-8258-9c9cac06a04d,0.7198,CRITICAL,Control
0412cfcf-7195-4d42-a370-60c3718615b0,0.7198,CRITICAL,Control
31c55a47-9e2d-497e-b463-d4464b87bfcc,0.7198,CRITICAL,Control
4fb72677-2128-4331-ba3d-389415e0ad91,0.7336,CRITICAL,Control
068cc666-c692-47af-8bb7-2bf918b0661a,0.7198,CRITICAL,Control
12c87def-638c-4bf2-b005-588d381f2ea4,0.7198,CRITICAL,Control
7299961a-c13f-4b27-ab8b-6efa85ed95d8,0.7198,CRITICAL,Control
3e3d2293-a3f9-4b9e-8331-be5dff0c7c28,0.7336,CRITICAL,Control
cda35d76-ba04-4d73-8499-cc1477cc0644,0.7336,CRITICAL,Control
82d5c57b-fed3-4e79-af4c-d8c36512d2a6,0.7336,CRITICAL,Control
1ae27153-26de-46d7-bde5-59fd1c28b5b8,0.7198,CRITICAL,Control
b27a28c6-bc86-4b1b-b882-45c2b9352d79,0.7198,CRITICAL,Control
fafa572b-7fdf-49f2-ba95-a55c321fecce,0.7336,CRITICAL,Control
6caca785-91ce-4ddc-8edb-f49618bfaf30,0.7198,CRITICAL,Control
553ae821-8ebe-448e-8f98-f9bee9184bd0,0.7288,CRITICAL,Control
7f6ffbc2-9e47-47ce-b2ca-f60a74c7ea72,0.7198,CRITICAL,Control
88c1b305-8e6f-4a33-8f13-50514fe88b07,0.7336,CRITICAL,Control
6600c848-ba40-4c25-8777-00bbd9045934,0.7336,CRITICAL,Control
aaf57f7b-deeb-4b47-b708-21389fee372d,0.7336,CRITICAL,Control
c8b16565-992a-4819-b528-c9659a55149e,0.7198,CRITICAL,Control
d84d5a12-1235-4cb4-b003-319a5ee0c29d,0.7336,CRITICAL,Control
80a63517-3507-4102-b302-1b0cdcdfb9f5,0.7198,CRITICAL,Control
cdf04ada-8f4d-4aa8-b95a-30d273cb5da9,0.7336,CRITICAL,Control
1f384028-4f5c-4398-9db3-e5354f12bde6,0.7139,CRITICAL,Control
460e3051-9e6f-4251-8dd0-3f992f3d721d,0.7336,CRITICAL,Control
7272c403-9780-4f46-9ed3-295b21c181d1,0.7198,CRITICAL,Control
193ed3c5-0bd2-472a-9e6e-a568193de2e9,0.7336,CRITICAL,Control
150e2f0b-e83b-4eaa-b949-b786e4ebd473,0.7198,CRITICAL,Control
da789f36-dd82-435f-9505-59829ddd4289,0.7198,CRITICAL,Control
47b0bf26-9f59-4623-8316-3b46766d56ff,0.7336,CRITICAL,Control
148d8a3e-f830-4238-9a0e-088bc475e375,0.7198,CRITICAL,Control
11b328ea-8d54-498b-b450-69214a15b4f3,0.7198,CRITICAL,Control
e0ac43ed-3b4f-4b79-a130-4b7dddaaedae,0.7336,CRITICAL,Control
dc458f6a-e2bf-410f-8bf9-0e2ee36da208,0.7198,CRITICAL,Control
bc31c378-d86f-4eed-96b6-6fc1a2ffecc4,0.7198,CRITICAL,Control
cad81852-483d-4e8e-a82a-8aa99d40d267,0.7336,CRITICAL,Control
f5f49380-dd4f-4439-ac52-b399d78e7f1d,0.7198,CRITICAL,Control
77cef61e-40c5-4bf9-b424-568060b9a0d6,0.7336,CRITICAL,Control
a17bbba5-32db-48f0-b9e6-e4ba3f774be2,0.7198,CRITICAL,Control
cf95046a-e42a-4b19-9b51-df5d941a2efc,0.7143,CRITICAL,Control
e1bc6cd6-b783-48e1-a054-6ed17481f175,0.7198,CRITICAL,Control
05ca7321-40f2-4366-978a-5390cf769dff,0.7336,CRITICAL,Control
730aa7e9-3736-4123-94d5-b6c46de44e62,0.7198,CRITICAL,Control
8e093d22-11d8-426b-aa88-673c9856a91f,0.7336,CRITICAL,Control
2c676ace-3acf-4f4a-a7ec-661c2e13d87f,0.7198,CRITICAL,Control
4003599b-bf82-40f3-bb57-8b3e395196b7,0.7198,CRITICAL,Control
ea5898d6-f3ae-47ba-bffa-7e576400c6cb,0.7198,CRITICAL,Control
3b3855ce-3150-45fe-92ea-f7b977c12363,0.7198,CRITICAL,Control
17c54ed8-612a-4368-9e30-4815d8c5f330,0.7198,CRITICAL,Control
3e90dd29-107a-4be3-a093-8f1b0141f98e,0.7336,CRITICAL,Control
aad06bea-570e-47bb-9b56-0c9e58a3a874,0.7198,CRITICAL,Control
4de10b8a-6eec-4dc1-807f-5fc769baf587,0.7143,CRITICAL,Control
f315dc2a-eabc-4f5f-9fa3-5cd1c244a3c4,0.7336,CRITICAL,Control
bf76b5dd-68e2-43fc-8c4d-d53516aa081e,0.7198,CRITICAL,Control
7e3e8909-bfbe-495d-9b7f-2b1fb6a9eb59,0.7336,CRITICAL,Control
c7243b90-18f8-43df-ba51-77974e5c619d,0.7198,CRITICAL,Control
91e05497-a9dd-41cc-9186-8e5f3131f469,0.7198,CRITICAL,Control
03f0350a-f3f5-4730-9cf7-9aaa7e85f733,0.7336,CRITICAL,Control
5b3fa4fb-f094-4cf5-b7b5-6bc69f99bf39,0.7336,CRITICAL,Control
798ef34d-4046-4fef-ae5b-bcc7e56bd017,0.7336,CRITICAL,Control
d9fb1d88-57c0-4417-94e6-bd66cd79f292,0.7198,CRITICAL,Control
0409cb92-bfe1-4cd0-8115-a3fa4849e419,0.7188,CRITICAL,Control
46d7893d-4a94-4a56-8f31-fb81c22bc35c,0.7198,CRITICAL,Control
83a5902f-ce1c-4268-b5c0-a33333c87a97,0.7198,CRITICAL,Control
eab4d4cf-08af-4b63-bffb-f6188a79c692,0.7336,CRITICAL,Control
c6bd2ed7-de32-4ad3-80e3-24b4b385066b,0.7198,CRITICAL,Control
4ee18de4-c807-4b36-8f64-8d57cefaa93c,0.7336,CRITICAL,Control
bcc68dff-6857-4aff-9f6e-b26be5123339,0.7336,CRITICAL,Control
51cc4869-d2c0-4ef6-83b2-df60135e573b,0.7198,CRITICAL,Control
fa5ad555-af20-4690-acb4-ef09f3839f5e,0.7198,CRITICAL,Control
336918a4-47be-49bc-a458-e59cdc02c803,0.7198,CRITICAL,Control
c6999715-3791-4da9-b8e6-4035a0c84cc6,0.7198,CRITICAL,Control
9488aa48-b472-48f6-826a-5e0d5abf25a4,0.7188,CRITICAL,Control
93810414-555b-4333-83f5-c23364291f78,0.7188,CRITICAL,Control
29664821-0493-46e7-98ce-4af62c9e9c9c,0.7336,CRITICAL,Control
ef52c48d-e824-4a23-bcc2-69053c28af0e,0.7198,CRITICAL,Control
9b86fac9-e28c-4664-95d2-44572d3b13ac,0.7336,CRITICAL,Control
0c77edaf-4202-4eab-9baa-232df1840eb2,0.7336,CRITICAL,Control
be772e49-2ef5-4332-a265-c2cf4ce80b2e,0.7198,CRITICAL,Control
20842ce8-e7aa-4468-960b-f883022820b6,0.7336,CRITICAL,Control
1fe8324d-2d21-40a7-86e0-3b3052e70174,0.7198,CRITICAL,Control
556aaf11-edbe-4837-ae87-f69a122d5947,0.7336,CRITICAL,Control
d16a194e-9b20-4bef-8a84-8c90f8afca31,0.7336,CRITICAL,Control
32a96e18-104d-4b1d-be4d-5f6d5f4606e6,0.7336,CRITICAL,Control
473cf6df-75e3-4763-beb2-94fd6b059f53,0.7109,CRITICAL,Control
0f97c372-bdcb-47da-997e-c9ec0cd8c8af,0.7198,CRITICAL,Control
ca180d74-9483-4ffc-84b2-d410c1d95f13,0.7198,CRITICAL,Control
fbb2e012-23f0-4f57-b3a9-f2f78208c3a9,0.7336,CRITICAL,Control
75691178-a93c-4c3d-a9cd-25a72533ebf5,0.7336,CRITICAL,Control
b966c78f-d995-494b-bcbb-ab3014bcccfb,0.7198,CRITICAL,Control
3b9fd412-dc3a-429f-9832-ffded07f353c,0.7198,CRITICAL,Control
cd4c7f41-ebf8-44da-8fbf-a6d77e404a34,0.7198,CRITICAL,Control
759db63a-6743-4f81-9f18-ce78869d9dc4,0.7326,CRITICAL,Control
49d5745f-0b0b-40a9-a50c-b7768c186b1d,0.7188,CRITICAL,Control
9980a5d0-8faa-4612-82dc-1b219fc382ae,0.7336,CRITICAL,Control
76313adf-9ebf-46b9-b1c4-405224113acb,0.7336,CRITICAL,Control
8b914b8b-fa37-4578-adaf-b94bd80ab26b,0.7198,CRITICAL,Control
745239f2-b867-4a6e-9db9-2801d327bbb5,0.7336,CRITICAL,Control
48ce9e0d-a927-4fc2-9139-565231af8c40,0.7336,CRITICAL,Control
0b45b413-b276-491f-871b-c080808293d7,0.7336,CRITICAL,Control
a9728e06-b413-4c28-a908-dada936db614,0.7168,CRITICAL,Control
b445c790-5c19-4131-a068-29a70aeebb66,0.7336,CRITICAL,Control
b2b88eef-a804-4271-a0c6-272d8363f781,0.7336,CRITICAL,Control
1737ea0b-2ac1-4641-b732-e966a22c5dd7,0.7198,CRITICAL,Control
028c56a4-0aca-4dfc-a4c1-188c31150bab,0.7198,CRITICAL,Control
6d241ca9-bd5d-4656-9260-868bb9711aec,0.7198,CRITICAL,Control
264fabe6-b08d-4b87-9a5e-e4c9a5561d07,0.7198,CRITICAL,Control
b61fbed9-6ddd-497c-8159-636e80832b99,0.7198,CRITICAL,Control
b6bd9f23-40f6-493e-90d9-5b8556b40762,0.7198,CRITICAL,Control
0abca09e-374c-47af-9b81-c45cef74d2f4,0.7336,CRITICAL,Control
0ff8ffb5-9bd3-4470-aab7-7e46991fc223,0.7198,CRITICAL,Control
8d4177db-2e49-4652-a051-1bd0ca81e819,0.7188,CRITICAL,Control
d1697e6d-8cb7-40ed-88ea-537144ca50b0,0.7198,CRITICAL,Control
4f0d0e8c-8294-4c11-ab76-4f7df622c4f7,0.7198,CRITICAL,Control
80ace730-80ad-4a2d-b547-39ab1759ec0a,0.7336,CRITICAL,Control
2f9f9004-cdce-4594-904c-b8ff2ae2f5fd,0.7198,CRITICAL,Control
fd399a96-b6bd-4f94-8f41-ba07493a2a89,0.7336,CRITICAL,Control
e9fb3795-1816-410e-8102-4a38167b88ac,0.7198,CRITICAL,Control
331fbd9b-a105-409d-951b-04021ac8c6e8,0.7143,CRITICAL,Control
c2985384-b6fe-4f92-9648-a9830b4de82d,0.7198,CRITICAL,Control
2a85f73f-c5f9-4fd8-905f-91c4391a34f4,0.7336,CRITICAL,Control
0da19b69-89a0-4173-af27-1fd6b76b95d1,0.7336,CRITICAL,Control
8b02fd2c-7438-4cde-b874-4f54a1399cbf,0.7336,CRITICAL,Control
29c4d806-867c-4629-905f-41cf0c5153cb,0.7336,CRITICAL,Control
7e94b80c-d053-4742-9ebc-6180c200c438,0.7336,CRITICAL,Control
f26f8503-8f93-4df3-b3cf-ae9e4eb8d155,0.7198,CRITICAL,Control
4d3900ef-3b24-4e88-be05-dd30075a9108,0.7198,CRITICAL,Control
c8af0e88-1377-41bb-8c8c-18c01f1ad40e,0.7198,CRITICAL,Control
3d9db9a7-5187-4f6a-bfb7-0dc86fb4a3e0,0.7336,CRITICAL,Control
af41d6aa-5b30-4c07-a455-a886fe742288,0.7336,CRITICAL,Control
782c2111-bcdd-404f-bae3-943cfe85fe94,0.7042,CRITICAL,Control
7e15ec2d-baee-4bca-a1fa-a4d302197a94,0.7198,CRITICAL,Control
c4ff8b72-01b1-4636-aae2-42a566f69606,0.7336,CRITICAL,Control
e8c0bb35-9070-4cd0-8f17-cf0fde02e0f5,0.7198,CRITICAL,Control
85c7856e-6c2c-4c64-9fef-c23c14672528,0.7336,CRITICAL,Control
609d0ccf-5546-4369-ac9b-2f56532bd11a,0.7336,CRITICAL,Control
c84862b9-7e34-4b3a-98cc-0dc84aacdc36,0.7198,CRITICAL,Control
1213d9b1-41b7-4902-b40a-03ee341ed83e,0.7336,CRITICAL,Control
ce02a128-97a1-47c5-be8c-1abe810c57d2,0.7336,CRITICAL,Control
258757b1-2922-4545-b2d6-d673e01fa43a,0.7198,CRITICAL,Control
affd2ab9-3431-43bc-be45-6196ae19465d,0.7336,CRITICAL,Control
ea5650f2-1c8c-4672-abad-c0acaa56cbe1,0.7168,CRITICAL,Control
98a36b15-7c88-4606-99fb-bdd818d68d58,0.7336,CRITICAL,Control
b410e91a-deb0-4a57-a1c2-12685efdacb0,0.7336,CRITICAL,Control
0f2f2c09-0d67-4dfc-b746-8922ead3cb50,0.7198,CRITICAL,Control
b543f8a7-9b8d-4492-a625-29b6c169b0f0,0.7336,CRITICAL,Control
38e8d6f7-d73f-407c-a35d-83d35811b29b,0.7143,CRITICAL,Control
718ca67a-a42b-4959-aeb7-7187f10b3eca,0.7336,CRITICAL,Control
b8b4a3fd-977f-42ac-92d9-e2dfa7899bbe,0.7198,CRITICAL,Control
3c0d5e19-0ead-4db3-892d-95a220a456c0,0.7336,CRITICAL,Control
4910af56-becc-47ca-b875-4dea13d682cd,0.7336,CRITICAL,Control
eeace8f9-8074-4fd6-a839-46236ec5e382,0.7178,CRITICAL,Control
cbf621e5-2465-445e-87b3-a17d759ecd65,0.7336,CRITICAL,Control
b4cc2406-2e03-4a48-968a-73bac7a1a040,0.7336,CRITICAL,Control
75bce346-c949-46e4-a059-ad1c56d27262,0.7198,CRITICAL,Control
52c5f9d7-ce11-4165-8233-ce52d06bd2e0,0.7336,CRITICAL,Control
d5bdf16f-0ca2-4644-9393-0b1314af5a16,0.7198,CRITICAL,Control
2d77a13d-aa0d-4ad6-acdf-35260a79ae14,0.7336,CRITICAL,Control
9b9cdac9-3496-4dd6-aefb-477cb58f3516,0.7198,CRITICAL,Control
9ba0f580-9c51-455b-9c6a-596d01ee9d15,0.7143,CRITICAL,Control
f8b62d7e-0a6b-4d36-983c-3e997c4eb0f2,0.7198,CRITICAL,Control
4ba53cf8-15d6-4e12-bf5e-543712865724,0.7336,CRITICAL,Control
50237400-3a88-4365-ab02-3929f84a0497,0.7336,CRITICAL,Control
52515cc1-e8b4-463e-9e4b-a2c6d96257bc,0.7198,CRITICAL,Control
70419eab-0195-4d7b-9449-cb73fbc0ec08,0.7198,CRITICAL,Control
f4b31f3f-c11a-47c1-8348-d8669ef9be54,0.7158,CRITICAL,Control
1b70b947-b535-4ba4-a2b2-88663e7d85f2,0.7143,CRITICAL,Control
57b351e2-51c5-4851-be9b-45dde0fa3baa,0.7336,CRITICAL,Control
1041c759-df35-4768-8e52-f97eb22f7bf2,0.7198,CRITICAL,Control
070fe663-e9f5-454b-9b9f-c3bfb111326d,0.7143,CRITICAL,Control
07d8f097-a289-4f1b-be86-0d7440c630a7,0.7336,CRITICAL,Control
628d89ec-7d74-4d57-9b63-19c775e7124c,0.7336,CRITICAL,Control
ab432343-2334-4ed8-98b5-26c7cdd6cbc0,0.7336,CRITICAL,Control
f7a8404e-efac-463d-af6d-fe2be7dfc95a,0.7198,CRITICAL,Control
28eb1d16-80a6-4a8e-8d33-c1af1739cb1e,0.7198,CRITICAL,Control
51921a60-3ab5-4a05-a3df-ea84c378f6da,0.7336,CRITICAL,Control
da431c0a-8c87-4700-92e7-5c3029575c29,0.7143,CRITICAL,Control
09d1823c-250f-4b52-b42f-fca94a9f095b,0.7198,CRITICAL,Control
3f5c1730-4c54-4df7-aec9-78f07882c039,0.7336,CRITICAL,Control
29991ade-fade-494d-bd79-26a323754127,0.7198,CRITICAL,Control
f8c075d1-70cf-449e-8338-020e110252cd,0.7198,CRITICAL,Control
a9a71de5-8aa8-44f2-8090-364e8d6a5356,0.7336,CRITICAL,Control
49beef4a-9aa2-416a-be50-acf90b74f80f,0.7336,CRITICAL,Control
4f6c9b78-4edf-47f5-b74b-6b9c47cf277b,0.7198,CRITICAL,Control
c711b895-2c4a-4c00-a969-e87207f7d52a,0.7198,CRITICAL,Control
7784608b-ee67-4bcc-b55f-d4d247ebfd75,0.7336,CRITICAL,Control
30e22d9b-067a-4509-9f45-fb873f790076,0.7141,CRITICAL,Control
73a6ae80-ce20-4877-813b-1c3ec3059ab0,0.7336,CRITICAL,Control
d31bb388-7041-4766-a692-585a4e72757b,0.7198,CRITICAL,Control
db57622b-49f5-4ff8-b23c-82d9b0f2e723,0.7336,CRITICAL,Control
8ca6a847-c321-4063-9326-c552713d92a1,0.7336,CRITICAL,Control
379683fb-1019-4246-ae31-6d4ee86d5062,0.7336,CRITICAL,Control
3d42eef3-1ef2-48df-bb79-5b80ce98d8da,0.7198,CRITICAL,Control
41efd579-65c8-4c83-b0ac-a2cbd3f2c561,0.7188,CRITICAL,Control
35690558-df51-4e12-834d-3085f2c8a126,0.7198,CRITICAL,Control
47aaebbd-9340-4ea2-a874-699ccad7ccd6,0.7336,CRITICAL,Control
8dd56261-99d3-4227-9714-8a5544fccdad,0.7336,CRITICAL,Control
0670a1c8-47ff-4d78-a611-cd7a9e640118,0.7336,CRITICAL,Control
fb110fd1-008f-426d-af93-20417879422f,0.7198,CRITICAL,Control
7137e7ef-b8f1-4f36-a8f3-b802bc3f2fdd,0.7198,CRITICAL,Control
3991195b-29ab-48b6-a530-3c73739ae179,0.7336,CRITICAL,Control
86a33f85-4cf1-46a1-88bb-9d0908780c7c,0.7336,CRITICAL,Control
636e93da-d381-4260-9c5b-8f06f9c75827,0.7336,CRITICAL,Control
7b4978f6-e35f-4687-b6b0-2c961b2424ce,0.7336,CRITICAL,Control
0f8e6230-2cac-4a4e-80b3-3602479647ec,0.7336,CRITICAL,Control
34ecabdb-d8ca-4a90-8cac-e2d999e4b683,0.7336,CRITICAL,Control
686938cb-40ab-4710-a531-e09b5b18909b,0.7336,CRITICAL,Control
e3301428-b77f-44ef-9c77-d1f9ac4d49bb,0.7336,CRITICAL,Control
60fa1f9b-60cb-4c4a-a052-126e7985af95,0.7198,CRITICAL,Control
a551710f-8f56-42ea-bb24-b51e21dc06e0,0.7143,CRITICAL,Control
c207a0a3-b233-4d2f-8753-5272d99f7687,0.7336,CRITICAL,Control
85846b41-0b3e-4094-943b-43a780570be3,0.7336,CRITICAL,Control
6019e2a7-8a80-434e-8360-71bd55cf3f31,0.7178,CRITICAL,Control
10faaaa8-32f6-4416-84d7-f674d317ba7f,0.7158,CRITICAL,Control
31938dbf-486d-4b7b-802e-3b9f8de1b01f,0.7336,CRITICAL,Control
25b4b8fd-7004-4880-9bc6-05af0bb0b2ac,0.7198,CRITICAL,Control
3336f943-afdd-42be-9830-5f8174a4479d,0.7143,CRITICAL,Control
712fef6b-8fa3-4790-8370-8e9d421a453d,0.7198,CRITICAL,Control
a05da802-d271-4ce6-b554-87cd809717a2,0.7188,CRITICAL,Control
70749e1c-e88e-477e-8999-03c2dacedf41,0.7336,CRITICAL,Control
dd71a477-f8b3-4c56-849c-6d9fc3b82ed9,0.7336,CRITICAL,Control
928cec3f-f433-4b70-9df4-ad3243a3c1da,0.7336,CRITICAL,Control
75706f2b-28a8-40d6-a652-2effc9ad9419,0.7198,CRITICAL,Control
0dcc3420-88b3-4505-b48a-dcd7f3071865,0.7336,CRITICAL,Control
8d9e2087-bb4b-43e5-9f90-d4955a8d06c1,0.7198,CRITICAL,Control
61aea275-c31d-4a1f-b889-ef50cb9c4026,0.7198,CRITICAL,Control
ab3643ce-254e-4508-9113-fab9dd9077fb,0.7336,CRITICAL,Control
efa2401c-f658-4513-aecd-fab84f46c8c8,0.7336,CRITICAL,Control
50fa7f80-6bfe-4186-87ff-a446b495bd4e,0.7198,CRITICAL,Control
20106d73-0f18-47f5-856f-0896deb5a97d,0.7198,CRITICAL,Control
8d54a9d8-6788-4a65-825a-dbcd3ccd65bd,0.7178,CRITICAL,Control
e3d07f9a-8e33-4eb1-bd29-19ba5afa105a,0.7336,CRITICAL,Control
ea304331-366b-43b6-840d-4684a4de4170,0.7336,CRITICAL,Control
23ccd074-d905-4199-a281-f57f3db908cf,0.7336,CRITICAL,Control
9f607660-9689-4b8a-803f-f4a92d50a6a0,0.7336,CRITICAL,Control
bc21153e-5fb9-4253-b3d3-8c7f35c58b88,0.7336,CRITICAL,Control
5e4794d2-3e26-4610-a494-e5ecdddcf315,0.7198,CRITICAL,Control
24a74dd6-e524-4700-b896-1fdbfb8acf88,0.7336,CRITICAL,Control
b3404b6b-f8b2-4f2e-b9c0-fbaf7085fccc,0.7336,CRITICAL,Control
c7d93580-c3f1-487e-b9bf-b6919c68a83e,0.7143,CRITICAL,Control
5eb42de6-baa2-4f09-925b-81de3508a461,0.7336,CRITICAL,Control
a872cfd3-c2f1-40f3-b22a-046f4f10600e,0.7336,CRITICAL,Control
3adbeb9b-bf21-41b4-9eac-bc8ca51b2397,0.7198,CRITICAL,Control
0e6e142f-bcba-49e8-8057-41e65a52ef8f,0.7198,CRITICAL,Control
9f89feb0-68d6-4edc-aa70-21862c83f2cf,0.7198,CRITICAL,Control
2b0efbdc-e4e6-4b53-a338-64868e2a602b,0.7198,CRITICAL,Control
1553b40e-f262-41ff-bcb4-c19f73dea9dc,0.7198,CRITICAL,Control
07b2d4c3-ff46-4bb4-9c09-441b03a29a32,0.7198,CRITICAL,Control
18362b8f-395e-4c7a-9d04-f26a7d81d5ee,0.7336,CRITICAL,Control
84b08991-a6a1-4d1f-b572-a8cc0ebff2be,0.7336,CRITICAL,Control
15653335-03ae-4311-ac09-6edaa05114ce,0.7198,CRITICAL,Control
ee58c423-164f-4314-aa63-876a86b1e9d9,0.7042,CRITICAL,Control
c4b9f491-23a5-4fb0-8447-588e8b98d22d,0.7336,CRITICAL,Control
af22d61f-e774-46a9-b2cb-1241b6d8b649,0.7198,CRITICAL,Control
6221d8fe-8e6a-4a7a-abfd-3b83e66452ce,0.7198,CRITICAL,Control
d83ab476-64a0-4cc5-9ad9-771b8bcdead4,0.7198,CRITICAL,Control
aed64452-16ff-4e84-be98-e510c5ab26f3,0.7198,CRITICAL,Control
64dccb4c-589f-47ad-b801-e24de555f0f4,0.7198,CRITICAL,Control
047f63b2-e649-4118-8c8e-85b2aa961351,0.7198,CRITICAL,Control
e42bcb58-8a7a-4bdf-a65b-3cf4e0cb3720,0.7336,CRITICAL,Control
05610f90-6234-477e-90b0-b75445cc90c0,0.7336,CRITICAL,Control
c01e40db-5e6b-448a-be68-c5938a66586f,0.7336,CRITICAL,Control
460c6ac5-b7cb-4521-b2e9-30996083b808,0.7198,CRITICAL,Control
bac5a76c-d25a-4c29-9281-1b462a9cfd43,0.7143,CRITICAL,Control
2dd867a1-fbb2-4d3d-b70f-7905e21175e4,0.7336,CRITICAL,Control
37c03da2-bd62-4e83-8051-97c69e968ad7,0.7198,CRITICAL,Control
1e4d111e-1383-473f-8c59-004d71c358d3,0.7336,CRITICAL,Control
8b2e3f64-dfe5-41e7-907d-689a6a37cbf6,0.7198,CRITICAL,Control
bfa1184d-e076-45ba-9ddc-5bb29af9bf28,0.7198,CRITICAL,Control
de78814d-d63f-41c4-8bd7-71aec838f932,0.7198,CRITICAL,Control
0b7c0cb1-5284-4314-91ca-969b6b26b5e2,0.7198,CRITICAL,Control
3b2e3dfc-d91d-4533-b8c4-421855cbc5d3,0.7198,CRITICAL,Control
503d4392-8e2b-4ea9-8d06-f8fcae0fcf0a,0.7198,CRITICAL,Control
8c8725af-c056-4165-bc96-49c03435a1f8,0.7198,CRITICAL,Control
39bb8ee9-69fa-4ce0-adb5-81f34a8cdef3,0.7336,CRITICAL,Control
19a01a31-ac34-4d93-9fb1-4e9d65337e74,0.7198,CRITICAL,Control
f5ed8810-85b9-45a9-9c03-edd12fcc06c4,0.7198,CRITICAL,Control
c4e3e132-6306-495d-a447-58174e387e7b,0.7198,CRITICAL,Control
30185180-f461-408a-a929-eab020f57f2a,0.7336,CRITICAL,Control
51b2b3cb-e6cd-4904-9d82-656f566e556d,0.7336,CRITICAL,Control
9c0635c1-ebeb-416a-a054-ff9a4498c200,0.7336,CRITICAL,Control
b74a454a-e7a0-4285-8bd0-1d228effa468,0.7336,CRITICAL,Control
9c52d128-898f-4e8a-bcff-25fe8fa5edb0,0.7336,CRITICAL,Control
dd12220f-273b-4d0c-a106-9e2b29b6a236,0.7336,CRITICAL,Control
285c126f-06d6-41d2-8e7e-7c560db71af6,0.7198,CRITICAL,Control
0dbb5a4a-e018-4e2b-95f4-2395b8ea5789,0.7143,CRITICAL,Control
81843476-3641-467c-9c28-79ca4dc29788,0.7198,CRITICAL,Control
fd3e04d8-ec85-4026-8859-96357d9fc701,0.7198,CRITICAL,Control
e552da98-1851-48f0-bd36-e93c68a24c05,0.7198,CRITICAL,Control
5185a3d7-4fbb-4f7f-a801-9ca509fa9d06,0.7198,CRITICAL,Control
62c6de0e-dec1-49eb-be2a-5f3c0b207a15,0.7198,CRITICAL,Control
067560e5-d56a-4316-83ec-c61e316a8abe,0.7336,CRITICAL,Control
cdeac481-3205-49a3-8929-3f70d60b031a,0.7336,CRITICAL,Control
650f21c3-dc9c-4f20-a5e9-0a917dfdb182,0.7198,CRITICAL,Control
76433872-410a-4a61-8c5f-7d05db45c1aa,0.7198,CRITICAL,Control
8f0f0cb2-075a-485c-b3bd-067357f57d74,0.7336,CRITICAL,Control
0f32df80-2db7-4702-9fec-041b4255b250,0.7336,CRITICAL,Control
6fca060a-7df6-4af9-b659-16601e634f50,0.7198,CRITICAL,Control
efe35610-c06d-4824-951c-71d70e6a5348,0.7198,CRITICAL,Control
ff17fbb6-efe0-4e93-8551-ae6d9b2a1673,0.7198,CRITICAL,Control
39e1f26e-eaba-40f3-8012-e9239c74658c,0.7336,CRITICAL,Control
f53f4767-8456-4bbb-9e20-e022b26820e1,0.7198,CRITICAL,Control
de507174-824d-4cbe-9508-926282dca3b6,0.7143,CRITICAL,Control
657ebe5b-8233-422f-b33c-1310dd1bcc98,0.7336,CRITICAL,Control
86f8d11d-5109-49ce-b851-3be59b7bd35a,0.7336,CRITICAL,Control
0d156c9b-24a9-46fe-9232-dc163570d5df,0.7336,CRITICAL,Control
3bc0048b-93c1-4bea-b8f7-e4fd8ca1d31d,0.7336,CRITICAL,Control
d55cff36-551d-4ec3-80d6-06e5984904f2,0.7336,CRITICAL,Control
1e6283e0-98e7-448e-a04d-659cd34d8696,0.7336,CRITICAL,Control
eb9a25bc-70c7-4b07-bb99-0a23d294f917,0.7336,CRITICAL,Control
1b83f74b-9091-4f10-b9df-97e795fe1d6a,0.7198,CRITICAL,Control
937ff5a9-c99b-42bb-8d53-2bfa950710e5,0.7198,CRITICAL,Control
403fe943-4b07-4b28-9321-1200f75d4563,0.7336,CRITICAL,Control
c4b196b3-ebd1-4af4-8d73-40424070a95f,0.7198,CRITICAL,Control
0c7a67f0-d9d8-4730-ae97-3d15e278f425,0.7198,CRITICAL,Control
d2e83c4d-c3a4-4108-adab-9831c5f5e6c0,0.7336,CRITICAL,Control
d42f4e6d-138c-4000-8ae1-1bdc54788042,0.7336,CRITICAL,Control
c02a5509-66ce-4bc5-86de-618dc3840189,0.7198,CRITICAL,Control
fa8a910c-4bae-4d28-94d7-ff42030ba780,0.7336,CRITICAL,Control
c5a964a1-d4e6-42f9-ac01-71c825887b65,0.7198,CRITICAL,Control
cee47269-0266-4093-bec1-c2744617b3c4,0.7198,CRITICAL,Control
c025cbe6-13a8-481e-943d-65466db70ce6,0.7336,CRITICAL,Control
763dd0ee-beea-48b2-9a29-91395760ae65,0.7336,CRITICAL,Control
6eb42cf0-3471-4259-9d95-f7c37bad55b2,0.7198,CRITICAL,Control
1727fb90-ad7d-4fff-8572-ab65061e6043,0.7198,CRITICAL,Control
85584ac4-3db1-4cb7-a11f-461fd3359e54,0.7336,CRITICAL,Control
8c26344f-ffe3-4572-9738-67c55671c37c,0.7198,CRITICAL,Control
3c2f62bb-6981-4e1b-8bc5-5a178b45cc3d,0.7198,CRITICAL,Control
041af44e-4259-4deb-9525-9778ef6971cf,0.7336,CRITICAL,Control
9ddffec5-d2db-4005-a375-a847c83164a7,0.7336,CRITICAL,Control
6ebda436-f16d-4726-b3bb-15506a961f98,0.7336,CRITICAL,Control
c7e84774-6d3c-4723-9332-031d3aabd9c2,0.7158,CRITICAL,Control
57915b38-9c70-4994-9fee-97d342e3569b,0.7198,CRITICAL,Control
f23fd0eb-6d6d-473b-8933-d304262f2d85,0.7336,CRITICAL,Control
53e73b2a-97e9-4a1d-994c-a48ef4332fbb,0.7198,CRITICAL,Control
9c7bf742-e903-4389-a0c1-7d0888507cd5,0.7336,CRITICAL,Control
62b4db78-9bba-4a06-9503-7db2f248f82e,0.7198,CRITICAL,Control
f3352b50-bd17-4611-a12b-3dc6b5a9f46c,0.7198,CRITICAL,Control
d60df6fb-e6e4-423b-bd2f-7a553a41eb97,0.7336,CRITICAL,Control
74090e98-c0f8-4f4b-a3c6-1a411a26e243,0.7168,CRITICAL,Control
031b157b-42b7-4051-b4b4-1c43682d0aa4,0.7336,CRITICAL,Control
0d5c44ee-8404-4567-abf8-e6b03771ac68,0.7198,CRITICAL,Control
922c6eb9-537c-4c2f-9db4-9af44910fcd8,0.7198,CRITICAL,Control
d9c3406b-4171-4b35-94ea-c81828560c4a,0.7336,CRITICAL,Control
82b683c4-28da-4646-ae31-4187ab4c373c,0.7336,CRITICAL,Control
80892378-ec04-4903-9a20-ca3132709ee1,0.7198,CRITICAL,Control
e165285f-4e37-40b2-a6ab-f4498d87ceda,0.7158,CRITICAL,Control
e7e7b46d-5047-48a4-b42f-49f71ae448c3,0.7158,CRITICAL,Control
83d99bf4-7730-44e7-8ad4-232d28466da7,0.7336,CRITICAL,Control
d10d0dad-f440-4092-a7d3-eebca1f12199,0.7336,CRITICAL,Control
27117518-41a3-417c-a79c-a9d2a950e44d,0.7198,CRITICAL,Control
180cedc0-4dc2-455b-a2cb-5df7eabecaa6,0.7336,CRITICAL,Control
dbe4d56f-6866-45d4-893e-80fec93377f6,0.7336,CRITICAL,Control
38bf9f8e-f6c5-4da5-9dea-b696cb92fa6a,0.7336,CRITICAL,Control
d602bffe-99b6-4bae-bf8e-92e484b94473,0.7336,CRITICAL,Control
bcbdd3cd-2a16-42a4-afb6-ab9f7cf1314d,0.7336,CRITICAL,Control
8c03bda7-f69d-486c-930f-3cb86ebf0264,0.7143,CRITICAL,Control
81c433c4-4bfd-43e4-a08b-c69d0b0b4dff,0.7336,CRITICAL,Control
be36f8dc-6e5e-41a6-81ce-7d8f0f79c7a7,0.7198,CRITICAL,Control
1faac288-5822-4844-9149-9a9b82d23fce,0.7158,CRITICAL,Control
ac10111a-7842-4b2f-8f41-e73d3bca6cc5,0.7336,CRITICAL,Control
5780656c-a9e0-46d9-8c27-2207daee405b,0.7198,CRITICAL,Control
98864ae8-4a73-4a80-ae8d-e526993cc0e1,0.7198,CRITICAL,Control
27a018e6-426e-41c8-8c62-c040266f059c,0.7158,CRITICAL,Control
f48e014e-3ec6-4631-b59e-9db2d930e4d0,0.7198,CRITICAL,Control
4c3f1398-65c3-4c88-b816-03c0514950d8,0.7336,CRITICAL,Control
049e51c2-f1a1-407c-a833-796fb804c073,0.7188,CRITICAL,Control
ce51c336-5cca-444e-a5d7-7fe2f920d00b,0.7198,CRITICAL,Control
a36eba4b-05d1-4ca1-8906-86d0bb36e916,0.7198,CRITICAL,Control
0a74dd8d-68e5-4dbb-8fec-3b5da2576e5f,0.7336,CRITICAL,Control
a3161157-2885-4c19-9c6a-41662343bd3b,0.7336,CRITICAL,Control
2d69e57a-c79a-451f-ad69-e39dcb903c47,0.7336,CRITICAL,Control
6b6ce609-5f5f-4134-951c-0157c4230118,0.7198,CRITICAL,Control
14aa058f-0d33-4019-8886-22b7fe224e7a,0.7336,CRITICAL,Control
75c220ba-9fa8-4005-bdff-d2ced1cd1cf7,0.7336,CRITICAL,Control
c2037fa2-4460-42c8-8a2c-ee384ec2294e,0.7198,CRITICAL,Control
33c27e3f-6fab-4209-850c-93e4e452b6c5,0.7336,CRITICAL,Control
3ba97a82-3bbd-4d9d-8247-f46343dc4131,0.7336,CRITICAL,Control
dd071c98-3558-46a0-a673-b5c92ca0d724,0.7198,CRITICAL,Control
b15f4e6c-26ec-410e-bbfe-1a3cdd4d568a,0.7198,CRITICAL,Control
7253276f-caea-4edc-a2a5-71da7bbad185,0.7198,CRITICAL,Control
533dae4e-2d0e-443d-b1d5-2e664a6a2a3d,0.7336,CRITICAL,Control
024c43a8-f7a7-4856-a432-c69011eaa750,0.7198,CRITICAL,Control
7400adc2-7c27-4399-be5c-cd6efd62a121,0.7336,CRITICAL,Control
5f78de67-dcea-486f-b6c3-b202fc973e19,0.7336,CRITICAL,Control
26133a95-a5b1-4468-a356-abfacd62d301,0.7336,CRITICAL,Control
6a417349-897c-4935-8170-14e54814a0b9,0.7198,CRITICAL,Control
af0ff9ea-38f6-4e61-9d7b-c034a3f76919,0.7336,CRITICAL,Control
06c6476c-69b6-429c-9b0b-478237979b15,0.7336,CRITICAL,Control
2c11260b-f072-461a-8fb9-065021848d8e,0.7198,CRITICAL,Control
cfdbcef2-ae2a-4e46-99e1-dd813aea9f77,0.7336,CRITICAL,Control
e6c92069-b7cc-4f25-b101-c18ae2802dc1,0.7336,CRITICAL,Control
7cf5a79f-4065-4de7-a5a6-07f99a02440e,0.7198,CRITICAL,Control
109483c5-4733-4309-890c-0060a9becc10,0.7198,CRITICAL,Control
b6bb3468-fa36-4213-b602-57872aef81f2,0.7143,CRITICAL,Control
74f34158-eb95-4ede-ac75-968c83df1076,0.7336,CRITICAL,Control
6eec10b8-51b2-4835-a00f-86e64b745c15,0.7143,CRITICAL,Control
3c4f7b48-d048-4a41-acbd-1d0d641a27b6,0.7143,CRITICAL,Control
8f9de8eb-0b24-4c62-a7a4-da748a46d9ed,0.7198,CRITICAL,Control
d235c5d7-1d71-4584-8f57-c83e63761286,0.7336,CRITICAL,Control
d877f27f-be73-42ee-9f6f-d5f53ff9dab4,0.7336,CRITICAL,Control
09fa1994-9168-4308-91e4-a2fed6a36fd8,0.7336,CRITICAL,Control
65bedaba-1be9-4bf0-8ca9-0f842ca1f827,0.7336,CRITICAL,Control
fa125df7-c55e-4b35-ab0d-efbafdcfeda6,0.7198,CRITICAL,Control
5dd54151-3c44-4ef5-912c-b0ed3f469349,0.7336,CRITICAL,Control
82735320-11d4-43ed-8705-e87fa8f028f0,0.7198,CRITICAL,Control
9d0a7736-0cc2-4994-ac95-7619acaba315,0.7336,CRITICAL,Control
fd832a7d-3a33-4c14-b372-17c93162abf6,0.7143,CRITICAL,Control
d159338f-50df-455d-a4e7-e3f2fd15a833,0.7336,CRITICAL,Control
711135d3-337b-4b86-a7d4-d5bf71f24340,0.7336,CRITICAL,Control
f9eb3093-ffc8-41c7-83be-94ca052f399b,0.7198,CRITICAL,Control
fa5d20ed-e80e-4ca3-b191-f5308d587464,0.7332,CRITICAL,Control
ca9cf873-ed7a-4d53-bcba-ce9923a7f197,0.7198,CRITICAL,Control
4f97f10a-96d5-490b-8c57-b0443bda77b7,0.7336,CRITICAL,Control
7188caab-16b9-4ffc-a20f-e8a03ffb63ba,0.7336,CRITICAL,Control
80af58eb-0453-4bc8-8fae-faa58a4c2819,0.7198,CRITICAL,Control
6e707bce-ddae-4b01-a888-c01bdde23714,0.7168,CRITICAL,Control
946d766d-9256-44b2-afd4-f0d2ea9e3514,0.7198,CRITICAL,Control
d80aae21-7a5b-4368-93da-6e361048dfec,0.7336,CRITICAL,Control
e88025f9-41d3-4141-b332-359da707cbe8,0.7198,CRITICAL,Control
48ec1fea-79c8-4bbf-8b3f-1b7daec5fac7,0.7336,CRITICAL,Control
baa31f5b-c134-417c-84d7-d51c6bcd1eda,0.7336,CRITICAL,Control
99ad4229-1520-4d1e-bf18-3fa7e28bf539,0.7198,CRITICAL,Control
285d3f37-aea2-4950-abb3-10eb60c205b6,0.7198,CRITICAL,Control
b1b7737d-6640-4bbd-8711-9e53860958da,0.7089,CRITICAL,Control
79bbc7e4-3a62-4c21-b192-5de301b87c36,0.7336,CRITICAL,Control
63ca71b4-2a9b-46a0-a749-b165a973ee84,0.7336,CRITICAL,Control
5772eb55-7b08-4ab7-8e18-83352946c7c2,0.7336,CRITICAL,Control
3ad6d4f7-fd73-4888-8699-fa8333085044,0.7168,CRITICAL,Control
6972028a-e7ba-4252-a081-6763e956b23f,0.7336,CRITICAL,Control
b2b2ad0a-c311-488c-a6ef-edcf852752c0,0.7143,CRITICAL,Control
733dcfd3-9794-4ac1-919a-69817217dff4,0.7336,CRITICAL,Control
8148c722-978e-4ff8-90d3-5440b555de19,0.7143,CRITICAL,Control
a399f393-ead5-416e-9e69-7b51339a4c10,0.7336,CRITICAL,Control
6620d8a7-3419-4584-b2b9-be7a452d7b68,0.7089,CRITICAL,Control
7792074c-63e5-4294-8ca0-e72fa486367b,0.7336,CRITICAL,Control
333c4614-92ab-4bf2-90fc-18673a3b2a4b,0.7198,CRITICAL,Control
70f72f44-9fdb-4dad-bdff-a2fb7745fe43,0.7336,CRITICAL,Control
66ba476c-1258-43a1-9379-0905c5e00581,0.7336,CRITICAL,Control
52f703a9-0b74-4765-b644-1a822b1d23c5,0.7336,CRITICAL,Control
4dd4756e-914e-470e-b555-483c118ecc95,0.7336,CRITICAL,Control
b4269d1d-e17a-4a05-afa3-8f081352a94b,0.7143,CRITICAL,Control
82999d52-2a3b-4676-89bc-ee697f155229,0.7336,CRITICAL,Control
2568c6d3-953b-40de-8333-4f7af3b7df7c,0.7336,CRITICAL,Control
aa5d16ea-a5c3-48b0-8029-24cd47730d48,0.7198,CRITICAL,Control
eaa79945-1cbe-4d69-8e6d-1e82b10ed900,0.7198,CRITICAL,Control
52e957b4-b401-4028-9a20-4b08436f06f5,0.7139,CRITICAL,Control
617634f2-850d-4687-b00a-d2694fdba077,0.7336,CRITICAL,Control
2fe3cfb0-bdd8-42f8-9c22-3343abcdd195,0.7336,CRITICAL,Control
02243968-4192-4738-b0e5-8f83623cbb43,0.7198,CRITICAL,Control
e53f74bd-633f-433c-8c5e-13b70c3b9e73,0.7198,CRITICAL,Control
0848a04b-5087-460b-8086-e3f9732e4251,0.7198,CRITICAL,Control
eebe0f58-e5d6-4bd3-b5f2-8881cfe7248d,0.7198,CRITICAL,Control
c202f942-5742-47a5-b2a3-490553a75fca,0.7198,CRITICAL,Control
2443e3f8-425b-4b55-bd9a-fe8a94b281de,0.7336,CRITICAL,Control
ce2b243f-cd2b-4b66-8590-afa04e01a1e6,0.7198,CRITICAL,Control
2dece303-3ae3-48a6-b2b5-e9f49fb03ecf,0.7336,CRITICAL,Control
0ee81109-3f1b-4baf-a598-dad352b9fbca,0.7198,CRITICAL,Control
c6f2b77c-c1ff-421f-8ca4-a9aafbc45057,0.7336,CRITICAL,Control
3c8e6bb3-84bd-49f3-b5db-1da9930c0db0,0.7198,CRITICAL,Control
856f50cc-c54b-4eaf-a0d6-53ac62732da5,0.7198,CRITICAL,Control
8b190c9e-667b-4d9f-98b9-54c076f60bc7,0.7198,CRITICAL,Control
50733d7c-3081-45bd-a5ea-81cc51b8e3b3,0.7198,CRITICAL,Control
7bdd2eb8-c80e-4ae2-a33e-82efd48720d3,0.7336,CRITICAL,Control
794aa5a3-cbb1-47a8-945a-c4b617825e59,0.7336,CRITICAL,Control
08a52243-3d22-45da-93d5-99bef1f7bd00,0.7198,CRITICAL,Control
718fda0d-956b-4f8d-bea5-b97e826bdebd,0.7198,CRITICAL,Control
3b12df5f-1a3e-43b3-a8ac-a864f7b1b22b,0.7336,CRITICAL,Control
4781b467-e17e-4826-89da-9e0c43f6b3f8,0.7143,CRITICAL,Control
a52237dd-6e7b-4f12-bc1c-3f8ab0ff114c,0.7198,CRITICAL,Control
f1d49c21-c20e-4f7e-b6f8-55228efdcd94,0.7336,CRITICAL,Control
d45ce50e-6c3c-45cb-9388-b55905465af0,0.7198,CRITICAL,Control
edc4a23a-1d5c-4573-bb45-141f24a883e2,0.7336,CRITICAL,Control
052a35cd-3f7e-4fc8-9d47-0e0c6f34d8be,0.7188,CRITICAL,Control
bca5d0ad-8188-47eb-9787-0a16dac3c903,0.7198,CRITICAL,Control
dea4f21f-51d7-4efa-8422-3d016a3a8563,0.7336,CRITICAL,Control
02feaacc-77be-4db5-ba89-9f34cb106665,0.7198,CRITICAL,Control
f0d7ef94-b0d6-4769-8f07-ae67b20be184,0.7336,CRITICAL,Control
61aa63e1-64ee-429c-97e5-3568a5958314,0.7198,CRITICAL,Control
76495c3d-4c47-4dca-8956-426ece73be48,0.7198,CRITICAL,Control
773d40b7-2d13-4478-8184-e53dbfd0528c,0.7143,CRITICAL,Control
24a9d6e8-6d62-4014-84af-b3017b8b12ae,0.7198,CRITICAL,Control
091f55b4-190d-476d-864a-226e7528a8a2,0.7198,CRITICAL,Control
4949ae31-d8f5-408f-9048-96b18f49de90,0.7336,CRITICAL,Control
5610ac4e-fad9-4b0c-bc89-4cd2e16892a0,0.7143,CRITICAL,Control
41bb2e15-681d-486f-926c-6c35b87dcc6b,0.7198,CRITICAL,Control
d3c7af62-ead9-4746-a7bc-6e1907a2d686,0.7336,CRITICAL,Control
158bd2f0-23bd-4091-b0c7-37df48cb22a0,0.7198,CRITICAL,Control
a05532c8-0b2e-42c5-a09a-681f7c970f7a,0.7336,CRITICAL,Control
35842593-b31c-408a-98ce-32211229611e,0.7198,CRITICAL,Control
2724ed88-e4db-4694-9a2e-9234f935fea6,0.7336,CRITICAL,Control
a9086996-e544-4e74-8584-174189e155e5,0.719,CRITICAL,Control
67743ab7-7607-4669-9c1f-6f629f6662f3,0.7198,CRITICAL,Control
dbe68f86-e3bc-4e07-a097-c31f079a64e2,0.7336,CRITICAL,Control
391b38cc-edf4-450a-a533-d76c346db712,0.7336,CRITICAL,Control
79c84169-118b-482a-ba8c-37f5c69eec8b,0.7336,CRITICAL,Control
34317782-1062-419c-845c-74daca2b956b,0.7336,CRITICAL,Control
dee805dc-1f95-4ae8-a6f9-5e9387cf3ed4,0.7198,CRITICAL,Control
c57d3ebc-3e28-45c4-9b94-b5fc83971eb3,0.7198,CRITICAL,Control
6f658147-56e0-470a-b6a0-c3c90d3467cb,0.7198,CRITICAL,Control
54e0f5d2-06fa-4b74-bbf0-4acb9f8229b1,0.7198,CRITICAL,Control
a1f7ed85-148d-4591-a652-15e15d769290,0.7336,CRITICAL,Control
60c40fde-cf8d-4005-905c-157b1b3b8829,0.7188,CRITICAL,Control
eb4f0c33-25fb-410c-b6fe-9d2c5c930a49,0.7336,CRITICAL,Control
ec971646-cfb9-4621-a327-b82653e09221,0.7336,CRITICAL,Control
a8066c98-4eaf-4f3b-85f7-eb7b72fca09c,0.7158,CRITICAL,Control
35dd191b-ecc0-49d7-a73f-1d374d540b28,0.7336,CRITICAL,Control
add75b21-3183-4e2a-bb0f-031d6cf374c5,0.7198,CRITICAL,Control
0200294d-74da-45b4-8d77-3139f4e97ef9,0.7042,CRITICAL,Control
be3615fa-4ec7-4e8e-b450-b8521adb1597,0.7336,CRITICAL,Control
46d1fd62-e781-41e7-92ff-fe415b6aeefe,0.7336,CRITICAL,Control
8f639262-05aa-42d4-8a0b-15e96613c98b,0.7149,CRITICAL,Control
c59e6921-1f13-41af-be7b-1cdc5186380d,0.7336,CRITICAL,Control
04457ba5-301c-4f7c-91cd-972fc5eed66f,0.7336,CRITICAL,Control
c1efa2e0-cbc1-4b73-8f6e-1cb3a0fd45fd,0.7336,CRITICAL,Control
ffe5b631-a63d-4da8-870e-328c46fb6fb4,0.7143,CRITICAL,Control
e1743c07-0087-4ee9-b109-5f2a501cedba,0.7198,CRITICAL,Control
d4334ff1-953f-41db-8f97-74c216fc1b13,0.7336,CRITICAL,Control
77379cda-4feb-4e97-91b8-5e41c7b980bb,0.7336,CRITICAL,Control
a33fa684-cdc7-4eef-b3a2-9ab94b8bca16,0.7336,CRITICAL,Control
e6a8d400-2398-4252-8e9f-1d782e0b3ce2,0.7336,CRITICAL,Control
75a011e6-d402-49a2-9c19-0f61b7a84134,0.7336,CRITICAL,Control
caed19db-4311-4ee6-a60b-cdc19970eaad,0.7336,CRITICAL,Control
cfcd6e09-c479-4031-b4b3-27b449adb8cc,0.7198,CRITICAL,Control
ca85783a-b0bd-4c12-ac42-3405bc9a40ee,0.7336,CRITICAL,Control
3f1365be-2123-46c7-bdb5-7b9dc56d72cd,0.7336,CRITICAL,Control
d4bf8380-c515-4b2d-93db-a4e3bc6fc188,0.7336,CRITICAL,Control
e67e70ae-904a-4a05-8861-d9cbc27a7701,0.7336,CRITICAL,Control
852cad8d-cf24-4f80-9632-69f81b0cc8c7,0.7198,CRITICAL,Control
503309d1-1479-4223-a89a-561ce7f5228f,0.7336,CRITICAL,Control
1afa0dcb-569d-4c17-b317-7f7fbbf62294,0.7336,CRITICAL,Control
53161035-72fb-49d3-997d-06a1b83ef36a,0.7198,CRITICAL,Control
30b97f90-7d85-4bbd-b2a4-5958782b05a7,0.7336,CRITICAL,Control
f00cd3a4-dfc1-4730-ba76-51f7ae4991e9,0.7198,CRITICAL,Control
68e0d789-a07d-4382-b24f-fcf04728600c,0.7198,CRITICAL,Control
319b5ca1-288d-42ab-a9c9-a634f3687ce8,0.7198,CRITICAL,Control
4ff75aea-f368-4342-b9ce-1ff42d0bda07,0.7336,CRITICAL,Control
eedea19a-4a46-4de4-a329-c8ad4be27524,0.7198,CRITICAL,Control
12b0b0de-43a5-4597-95ab-69912839719d,0.7336,CRITICAL,Control
efb37e47-7a58-4737-8978-4faf6e0b0ef9,0.7336,CRITICAL,Control
b9d05e19-c0fb-4d1d-b541-2ba662e8ba30,0.7336,CRITICAL,Control
5aa08504-25ea-48b3-af71-d225766679b7,0.7198,CRITICAL,Control
dc72741a-cc26-455d-93cf-ee625c258cf7,0.7198,CRITICAL,Control
08119a68-0ddd-4eb0-bcd4-f6c14a08e998,0.7198,CRITICAL,Control
e5e3aaaa-3f9c-4887-9e5c-9486c9fc2fa7,0.7336,CRITICAL,Control
b848dbfb-e610-4643-b524-5122b802936a,0.7336,CRITICAL,Control
2930e419-b1b7-425d-916d-b9fa6e0055ac,0.7198,CRITICAL,Control
7b5d6d3a-c886-41f0-966f-65936919bcec,0.7336,CRITICAL,Control
c16d7ad3-8efd-41f7-85ad-3406e125cf9b,0.7336,CRITICAL,Control
537fee41-e367-4533-a105-036edf819ff7,0.7336,CRITICAL,Control
6a9e062d-ace1-420a-8fab-ef9dc8621712,0.7198,CRITICAL,Control
105482d4-9bda-45f0-b785-e32735d68bba,0.7336,CRITICAL,Control
e11c67f4-0ac1-4b09-a107-e4d687880be6,0.7336,CRITICAL,Control
c686939c-16a5-4b04-be29-251786f633cc,0.7198,CRITICAL,Control
c63102e1-f9eb-496c-bdec-9bd47694bbdd,0.7336,CRITICAL,Control
b904941f-aec9-4454-b56e-5e6c532a1c9a,0.7317,CRITICAL,Control
2ef58721-31af-46ac-a8e3-4fbabbc0004c,0.7198,CRITICAL,Control
eb99ee98-c8b4-4c97-a82f-4d5cd1a1d093,0.7336,CRITICAL,Control
893600e4-ce5f-4bab-a9fa-2bd301abf188,0.7336,CRITICAL,Control
5a334d89-a18a-4ff6-8bc1-01231a508069,0.7336,CRITICAL,Control
92098c61-f61c-404d-81db-33a16859f105,0.7198,CRITICAL,Control
3bdd8ff3-df3c-4c9c-a347-6e95e487549c,0.7198,CRITICAL,Control
450ab034-ab69-4b76-98ac-5583c0fc4c00,0.7198,CRITICAL,Control
3763e53d-927f-4b40-a6f4-d77d563d1b6e,0.7336,CRITICAL,Control
19a3e9f7-970b-48aa-97d3-be5a451b3c81,0.7336,CRITICAL,Control
c1bb08d4-634e-41fb-998a-7bc3b8c8d0c2,0.7198,CRITICAL,Control
b9dbe17b-de88-4124-9db8-8a6dacf43df3,0.7336,CRITICAL,Control
51342875-4a92-4b4c-9938-a0f858510c87,0.7336,CRITICAL,Control
a4692e1f-ffd4-4c87-9621-78ef676e02a4,0.7336,CRITICAL,Control
10e78dd2-3a18-4dbc-b741-657d2f0e2857,0.7198,CRITICAL,Control
4e1ca91a-d9d0-4b8f-97cf-6a1b0f8b130c,0.7198,CRITICAL,Control
1dbd6715-9b8a-495e-9696-8d8d9f8c5f36,0.7336,CRITICAL,Control
04c8ed4e-7483-4668-ad45-896283995088,0.7198,CRITICAL,Control
a035d048-1d14-47f2-abeb-d71f3e68c8af,0.7198,CRITICAL,Control
5af9a1e7-5679-44fe-8297-16e4b3192aca,0.7198,CRITICAL,Control
01cfebe7-b2d3-431a-a746-d869adb3e368,0.7198,CRITICAL,Control
47d733c4-29ca-4010-9eea-f05d0d5c4a0a,0.7198,CRITICAL,Control
a9c19417-ffb7-4aea-b019-5ffd5a8a4662,0.7198,CRITICAL,Control
0a5ddade-3e80-47dc-ab22-e68bf60ce727,0.7336,CRITICAL,Control
580dd727-cab6-43b3-a748-20fbc397df07,0.7336,CRITICAL,Control
ea73c5bf-68c5-405e-b5a5-d2ab97591b10,0.7198,CRITICAL,Control
db4334bb-afb3-492f-ab7b-5afc36fac0f6,0.7198,CRITICAL,Control
f88b66e8-747b-403a-bdd1-898c3beea911,0.7336,CRITICAL,Control
491f1d9a-4c60-4e1c-8c68-e1a72d7142bc,0.7336,CRITICAL,Control
257e34a2-620e-4e51-b1e5-c96a22fac4b7,0.7143,CRITICAL,Control
e3360d30-960a-48de-8070-3a668cab9d44,0.7198,CRITICAL,Control
f91fdc11-b10f-4e4c-9f76-0eb21c8694c5,0.7336,CRITICAL,Control
60d14cbd-c157-4efe-af4a-440b1ee994a8,0.7198,CRITICAL,Control
8a3506ca-6d94-4175-a895-28a947bfb984,0.7336,CRITICAL,Control
10b12c7c-6a66-4f88-93c4-faa996b5437e,0.7198,CRITICAL,Control
88851181-0697-4c8b-a4c4-9ff6e41a2db5,0.7336,CRITICAL,Control
fe35aaf9-730d-4db6-b21f-2e1759732d60,0.7336,CRITICAL,Control
29bfd90c-63fa-4969-8b86-ef070f754d2c,0.7336,CRITICAL,Control
81f16e47-30f5-4d48-a058-d37f5b309c95,0.7198,CRITICAL,Control
2c814412-7411-4119-a4d3-28173de26eea,0.7198,CRITICAL,Control
902ef48d-ce61-4c2e-9cfe-775205fe605c,0.7198,CRITICAL,Control
0a7ea8b2-1e7f-4a8c-a012-25a95b5eff10,0.7336,CRITICAL,Control
65b59e63-b454-433b-94d6-337b4eb32e63,0.7336,CRITICAL,Control
2fedd214-da0a-4d62-80ee-7f2029c9dd02,0.7198,CRITICAL,Control
ebc97cc0-8d85-4bc0-a64a-f192fdb09e34,0.7336,CRITICAL,Control
bcc84217-bef1-40ec-a8f0-f61d0cfc3439,0.7198,CRITICAL,Control
484f5c52-d249-42cf-abc2-d2930c4cfb4f,0.7336,CRITICAL,Control
e3b5bd7e-52e8-4e49-9bf6-17c4fd2df992,0.7198,CRITICAL,Control
1e0a6aff-a653-42e9-b813-6cea1ef29d0d,0.7336,CRITICAL,Control
7a784dba-9d86-4c8e-9536-877029c69338,0.7198,CRITICAL,Control
064c894c-b7af-494f-87a5-e58d04be6b03,0.7336,CRITICAL,Control
101460f8-e338-4da4-a4e8-1abf19ee9183,0.7336,CRITICAL,Control
e9c96faf-8b6e-44ca-98a5-af75aa2f2f58,0.7336,CRITICAL,Control
301904ba-4d44-4a9f-addb-a6c4d87e9a41,0.7042,CRITICAL,Control
df384764-d92a-46c3-b0e4-8e7ab3e7ca7a,0.7198,CRITICAL,Control
a61b17d7-12d2-4c0d-892a-5af2b4606cda,0.7042,CRITICAL,Control
c8ed55e9-3fcf-469e-9f4c-b9df7a4d7b07,0.7143,CRITICAL,Control
ef761a9c-0b28-4972-a0f4-e7d27feee374,0.7336,CRITICAL,Control
b67c372a-5e1e-4856-a3f2-67e3514120ce,0.7158,CRITICAL,Control
afeaf965-95e5-4621-8c9c-91756c10c4ce,0.7198,CRITICAL,Control
bf2420b4-705d-4be7-9c3f-c8346400e669,0.7188,CRITICAL,Control
6345aa8a-53ab-4823-9b12-21169305d108,0.7198,CRITICAL,Control
ac152994-1bef-4f9d-9c49-35c539d041ba,0.7188,CRITICAL,Control
fcbd07e4-d404-4b46-8978-ec2585d31778,0.7198,CRITICAL,Control
e3614979-318f-41a0-be44-e8ec00f464ac,0.7336,CRITICAL,Control
4e101106-0be9-4c4f-bff7-116630633207,0.7336,CRITICAL,Control
9996aca7-ab9d-42d9-a6e8-2d31fc142afd,0.7198,CRITICAL,Control
e2bbb7e2-d2b6-4685-9241-af97ae0a29f3,0.7336,CRITICAL,Control
ea96a6dd-24e3-4780-b532-d6c8fb2c5955,0.7198,CRITICAL,Control
d88a436a-7d32-46a4-8de7-ae547e5c11db,0.7336,CRITICAL,Control
7205a8db-ddf0-4585-a989-f8a4c8a0effc,0.7243,CRITICAL,Control
d81e0c0a-f86e-4587-bf05-27a6e7287ba3,0.7198,CRITICAL,Control
b28afef8-d77d-4cbe-83bc-e363b4f15be9,0.7143,CRITICAL,Control
e53c21b4-cd4b-42f0-81fe-b1c5eb17862d,0.7198,CRITICAL,Control
28446eb9-88a9-44cd-b40f-2acac07b2c1a,0.7198,CRITICAL,Control
dd450d45-c1f9-4fca-a17a-376d30454cec,0.7336,CRITICAL,Control
e3ca6db5-7415-48e5-883d-4ea715865a56,0.7198,CRITICAL,Control
f175cdd6-101e-450c-986d-08f12c2c2bea,0.7336,CRITICAL,Control
f8c6f408-b352-44e8-8fa9-c820e9459ee8,0.7198,CRITICAL,Control
c05c347f-b200-4741-bb7b-291d2ba883a0,0.7198,CRITICAL,Control
1141a37f-6f4f-44ea-8fa9-8c2e9aa28f8f,0.7336,CRITICAL,Control
554c37e2-0605-452c-80f1-7f524a8a3bfb,0.7336,CRITICAL,Control
bc7a29b9-6ce1-4c88-afac-6fe908a2b734,0.7336,CRITICAL,Control
ca2e5ebc-c495-47cb-84e7-0c9fb6753c1c,0.7336,CRITICAL,Control
aa6228e2-43c8-406e-a744-8c4b0aa89920,0.7198,CRITICAL,Control
47be7dda-9670-4e1c-a050-e3d2a88858a1,0.7336,CRITICAL,Control
a14b4526-5c22-4b4a-a5a0-5c479dab4640,0.7336,CRITICAL,Control
690aeb20-a270-481c-b968-0afeb0dd536e,0.7198,CRITICAL,Control
084e451d-42c3-4168-b757-3a843862d618,0.7198,CRITICAL,Control
9f2dfc2a-ccd3-41f1-9294-222761f0fe55,0.7336,CRITICAL,Control
7ac25564-dcbb-4528-98db-bed191880f4f,0.7198,CRITICAL,Control
498c46c8-7868-4ae2-80cc-d3af756531ec,0.7336,CRITICAL,Control
7bcc6f12-943e-4e98-acb4-dcc701f067ba,0.7198,CRITICAL,Control
f0df9700-1c46-4050-971f-ba6833bf6e0a,0.7336,CRITICAL,Control
6be5342d-8ce5-4b98-a1f8-5d36f2f1bb0f,0.7336,CRITICAL,Control
7ac86b9f-dba3-4693-ad6c-48e60efa5cb8,0.7336,CRITICAL,Control
feffc489-d9d1-40cb-bf0c-8d6309b521ae,0.7198,CRITICAL,Control
02c086e1-c5cf-41e2-89c0-745a296daba2,0.7336,CRITICAL,Control
30269ee3-74d9-4318-b526-a1e99efac502,0.7336,CRITICAL,Control
9720a0bf-f468-47b2-83c4-affbd526f8a4,0.7336,CRITICAL,Control
6b30b5ec-3f77-496a-8050-be40ea232d3a,0.7198,CRITICAL,Control
f4e24115-4298-4408-a0fa-485151a7f74c,0.7198,CRITICAL,Control
2491df0e-d803-4696-9f13-153251f36ecf,0.7198,CRITICAL,Control
bea2fb3e-726c-4a36-9b03-b362f81b3932,0.7198,CRITICAL,Control
416bb837-daf0-4d6a-9fdf-de64e534f45b,0.7109,CRITICAL,Control
4fd08bc3-071b-4697-9b81-1257726f0395,0.7336,CRITICAL,Control
8870cd84-b718-432d-b313-285654d76e46,0.7198,CRITICAL,Control
309d5632-0946-448a-9699-77e7f1d9f588,0.7336,CRITICAL,Control
0180eee5-6e32-45c1-9014-21cfaa996304,0.7336,CRITICAL,Control
bfdb60b0-ad04-4a55-9711-4fcb05e0682c,0.7198,CRITICAL,Control
076231f1-36ef-458c-a80f-2e12fb3de5a7,0.7198,CRITICAL,Control
70fbf638-6a10-47b0-b02e-ab6b6ea2a590,0.7198,CRITICAL,Control
4ae80b4a-e809-468f-a8c5-dc450dcc703a,0.7336,CRITICAL,Control
cc43056e-e28b-4396-b6d1-ead4619c1449,0.7143,CRITICAL,Control
33191747-7c0e-4d2f-815f-3ab5528e7a40,0.7198,CRITICAL,Control
de7450c7-dd41-4a55-9d48-db7fe9ff37f3,0.7336,CRITICAL,Control
cabe67b1-03e8-48d0-be17-3af73364e487,0.7198,CRITICAL,Control
7e67bcfb-3c40-4fe9-8d4c-a0218ae0adb2,0.7143,CRITICAL,Control
e0743e38-269a-49dc-80ce-671670fa2d14,0.7198,CRITICAL,Control
a187bcd1-f06a-417b-8d93-7e0dca9d98a7,0.7198,CRITICAL,Control
2dc2f708-09ce-4a9c-935c-8b5cbbace200,0.7336,CRITICAL,Control
a3a251fc-c1f1-4fe9-b267-fc9e435bbd0e,0.7336,CRITICAL,Control
cd74f9b7-bced-40bd-ac1a-0e34d894a5c3,0.7336,CRITICAL,Control
ecad488f-75cc-45eb-b7e4-2f60ce878424,0.7336,CRITICAL,Control
abae3769-e430-4b9f-922f-7a3e40986de6,0.7336,CRITICAL,Control
7ce8e805-dd5b-4b5e-a761-2513d84019ef,0.7336,CRITICAL,Control
f9b1d157-4ca5-4c12-8945-571e717829cd,0.7188,CRITICAL,Control
2c381e04-61a4-4e09-a1b7-aea325eb8e9d,0.7198,CRITICAL,Control
0c8cb07f-21a7-4650-896d-df313cf841fc,0.7198,CRITICAL,Control
b94d76a8-3b1d-4268-bb5f-34b16dfce5d1,0.7198,CRITICAL,Control
9bbc1d3f-8660-4891-9e6d-ec0ac525a94f,0.7336,CRITICAL,Control
0de88507-02f2-4bb0-8894-20c37805adc3,0.7198,CRITICAL,Control
7d8bddde-be3c-4899-885d-e653deaeac97,0.7198,CRITICAL,Control
ecb5b8c4-3c5a-44f2-bfcd-29588ea6759e,0.7336,CRITICAL,Control
3a409d22-242a-46c3-829e-ac323ab1aeb0,0.7336,CRITICAL,Control
e672c45a-3f28-48de-8320-66b2269f7f93,0.7336,CRITICAL,Control
b880baa5-d9bb-44e2-8968-d7dce921cbf3,0.7336,CRITICAL,Control
548dd067-7ac6-4bac-9aa5-5e79009f9a41,0.7336,CRITICAL,Control
0a57befb-6ccd-4718-99a0-e81f1e8f8606,0.7198,CRITICAL,Control
d73122ad-ee2c-4532-85d2-bba093d723c5,0.7336,CRITICAL,Control
58143e2b-86cc-4675-8458-23eb8374f2f8,0.7336,CRITICAL,Control
66d0ca29-bcd3-42ab-9126-130f1ad56c00,0.7198,CRITICAL,Control
b093b344-1b12-4ee5-b3ea-69a6f358db29,0.7198,CRITICAL,Control
a79bf7c0-7c86-4b15-836b-f5ba08c25989,0.7198,CRITICAL,Control
3adff7f9-918e-4033-a1dd-5a10c3af1f90,0.7336,CRITICAL,Control
174416a6-f068-420b-9415-b03e780de50d,0.7336,CRITICAL,Control
99921c1b-f082-42c8-89e5-53436a4000f1,0.7336,CRITICAL,Control
6c5a725e-c461-4ef7-9213-2b20f53a440d,0.7336,CRITICAL,Control
d8b19a62-0a15-4233-adf1-3b093b758702,0.7198,CRITICAL,Control
e906d8e1-d511-4da0-966c-a39fc2702fec,0.7336,CRITICAL,Control
21198b2a-b68f-40d0-b1c4-294d463dde2e,0.7198,CRITICAL,Control
3dbfe2bd-e0bf-464e-959a-b9507140cc1f,0.7336,CRITICAL,Control
89eb92a1-c829-4c0c-a7ae-2f9b0946a73f,0.7336,CRITICAL,Control
c4bccbbe-b94d-405d-a99a-ad9c881ca1f7,0.7198,CRITICAL,Control
e20d95d1-128b-4ec2-8b09-d7608ada8c34,0.7336,CRITICAL,Control
32ded282-3428-4ec8-bf88-5a7bb3943f03,0.7198,CRITICAL,Control
95c39a89-fa0a-440d-b29b-d5b80e8bb040,0.7336,CRITICAL,Control
c4b4dcef-44c5-48bc-a09b-65e04b3388f0,0.7336,CRITICAL,Control
4e498c9c-fad1-4ce2-b955-7514e93363ca,0.7198,CRITICAL,Control
112f5696-a674-440d-b7b4-84560fbeb4c2,0.7336,CRITICAL,Control
bc811462-01c2-479b-b6d0-9c74795d07aa,0.7336,CRITICAL,Control
78df40b2-5eea-4721-a71d-f8a3ff46d7b9,0.7336,CRITICAL,Control
c1df29fd-23e4-4164-a60d-7578721ec352,0.7336,CRITICAL,Control
885ab290-fd0d-40a7-9cc8-8ab5ea159594,0.7198,CRITICAL,Control
8522363b-fc46-4daf-98e4-85e74ff0ddb9,0.7336,CRITICAL,Control
1cd43b9a-fcc7-4191-b923-6701d32cdd70,0.7336,CRITICAL,Control
73e86201-1397-46cc-9a5b-ea512345c416,0.7198,CRITICAL,Control
d097f940-1abf-48a0-98d1-fdc11d45b01d,0.7336,CRITICAL,Control
f035b9df-f816-4f41-9f1e-2679d73b32f6,0.7336,CRITICAL,Control
8ad9b0e6-d35a-4e0f-bc35-b055c74bb4c1,0.7336,CRITICAL,Control
fbde5ed4-3501-4f95-8c50-44c1b2c5b2c4,0.7336,CRITICAL,Control
d1c3b6b3-474c-4486-b570-dfd26db50095,0.7336,CRITICAL,Control
ce1c32c8-979b-41fa-bf84-6bd6debfee89,0.7336,CRITICAL,Control
3e869252-4633-4abc-9a3f-3273c809cae6,0.7336,CRITICAL,Control
3df166f7-beae-4c69-b8d6-5ff117e89d3d,0.7336,CRITICAL,Control
cd9ad657-027d-4dbb-8003-95aeeb39d35a,0.7198,CRITICAL,Control
09d3dfc4-cfaf-4e45-80f1-6c45722223d2,0.7158,CRITICAL,Control
fbec8a2d-a2a5-46c6-ada4-5794cf3591e8,0.7198,CRITICAL,Control
1cc97877-03a7-4c2e-ba31-1293e2f8fb22,0.7336,CRITICAL,Control
aa68f793-3c22-4962-b8dd-61993b69c615,0.7198,CRITICAL,Control
1cf67ea3-253e-4612-a222-aef4f6a3093f,0.7336,CRITICAL,Control
64d2ead0-2470-45a3-9d6a-ab6f98cea403,0.7336,CRITICAL,Control
758b3d07-7759-4f15-8958-6857c7f33b71,0.7198,CRITICAL,Control
46b1fcef-5e87-4c62-a86e-4ea134c1a042,0.7198,CRITICAL,Control
f75cf27d-5027-4a76-b05d-344d2095d5fe,0.7198,CRITICAL,Control
3b514d0d-2efb-41ee-bd17-c0c41bdc4f9b,0.7198,CRITICAL,Control
910f72da-28fc-4d6d-91e1-5aebab05a3cb,0.7198,CRITICAL,Control
90a54abe-c8b3-4a16-bd16-e4c821240d00,0.7198,CRITICAL,Control
9cf023a2-cd5d-4af9-ad12-3bfdc3444f4e,0.7198,CRITICAL,Control
a4502246-193e-4299-9733-6ed6e3ba3a89,0.7198,CRITICAL,Control
80e2934b-d3da-4d42-8be2-6402d3932afe,0.7198,CRITICAL,Control
df1fbc36-5f05-45f8-900e-6748494a239f,0.7198,CRITICAL,Control
ecd17006-f222-47b0-bf5f-4be8bbfcff14,0.7198,CRITICAL,Control
47c12c59-fe5a-4c65-b572-aef3ece3897e,0.7336,CRITICAL,Control
ebffcbf3-8280-413d-a82a-f765018ba834,0.7198,CRITICAL,Control
c97b37d5-836e-48fc-abc6-b94333994d5e,0.7336,CRITICAL,Control
1b77629c-78e9-4a9b-b45b-2370f3fb05cb,0.7336,CRITICAL,Control
70c3e5f6-e7e6-4ba0-886b-4875a2d8c259,0.7336,CRITICAL,Control
d06a60e9-014e-44c4-96c0-1a0bad3f1d24,0.7143,CRITICAL,Control
f42b9600-4fd0-4bd1-b7fe-c0c94fcce3e3,0.7143,CRITICAL,Control
db224f13-c546-4994-9a78-31030c77f617,0.7198,CRITICAL,Control
34ade2d6-03c2-469b-8efd-5b89d1a7d2b5,0.7336,CRITICAL,Control
c5532c06-e196-4cc8-ac05-8d5cc74eb7c1,0.7336,CRITICAL,Control
446c8967-65e9-4699-8ee6-018c379a7906,0.7198,CRITICAL,Control
cefbcbbc-bfeb-4d4e-bdb8-4f3cb1ff0db1,0.7336,CRITICAL,Control
41403e84-84a4-4326-b39e-82700182e349,0.7198,CRITICAL,Control
1215f75c-a2e3-4e7e-b093-900e0c1719c4,0.7143,CRITICAL,Control
f9e4bb06-5572-448c-8857-1360c2176f62,0.7336,CRITICAL,Control
1e2e29bf-5648-4d09-a0dc-9e3fa948829a,0.7042,CRITICAL,Control
d8efcf9c-63c6-42f4-bf6a-f99360248105,0.7198,CRITICAL,Control
4aeca453-ca23-46c7-a024-a13c0473b9f6,0.7198,CRITICAL,Control
94f614d1-62a2-455b-b574-4ef3277aca4c,0.7198,CRITICAL,Control
2572c60b-5059-4cf1-9b01-0dcbda688f08,0.7336,CRITICAL,Control
a80aa4f9-af4f-46b2-ac65-72cd695c2683,0.7336,CRITICAL,Control
eb4eb66f-ba2f-426f-94d4-0059fb2c586a,0.7336,CRITICAL,Control
c1e1da30-59be-4458-a950-572a91c16311,0.7143,CRITICAL,Control
87194faa-c7af-4eb3-907e-f454e20a5901,0.7198,CRITICAL,Control
92a09779-f2c8-4aba-8d71-dd5745b707db,0.7336,CRITICAL,Control
e1253a2b-b8a3-4000-8ccc-f392da9f3f6f,0.7336,CRITICAL,Control
3d534591-78ce-4a8e-a549-548838638cf5,0.7336,CRITICAL,Control
d1c0c15d-5612-4be4-96a5-13c3b9016a93,0.7336,CRITICAL,Control
8a5affd9-238b-4bde-9ad0-0a53462869f9,0.7188,CRITICAL,Control
9d56be4f-2700-4551-8213-189959c83f3d,0.7198,CRITICAL,Control
54348626-0c7f-4d15-8079-6a215d97e001,0.7336,CRITICAL,Control
0e5bb689-8d71-4ed7-aed7-77719c7e329b,0.7198,CRITICAL,Control
d14f53de-03b3-429d-8c46-bfc4059d1075,0.7198,CRITICAL,Control
4376d23e-72e6-4071-aaf4-5cdffbc3ecf4,0.7198,CRITICAL,Control
e226b257-b51c-4afc-abaf-5a247e93fa41,0.7198,CRITICAL,Control
d07ab4bb-3581-443f-b7cc-e60c5c891fe0,0.7336,CRITICAL,Control
3e08f743-02aa-4a09-9dcf-04bba2cf85aa,0.7336,CRITICAL,Control
0e6378b6-9bc9-4dc8-8cd1-a5ef63e395f3,0.7198,CRITICAL,Control
aded7f35-b42c-4846-95a3-840c2e7cae6b,0.7336,CRITICAL,Control
b3acb551-82c4-4cbc-9805-76022b2056ed,0.7336,CRITICAL,Control
39ba8b5e-b92a-4126-8c23-80648643d39f,0.7198,CRITICAL,Control
3d3adb32-b1b7-451d-9923-a862b4ab37ff,0.7336,CRITICAL,Control
23a18e13-fdbe-497d-bb7a-b9386c1d9116,0.7336,CRITICAL,Control
ba2f4aee-88f4-4431-abfc-f90eddc14edc,0.7168,CRITICAL,Control
0e7be438-e1e1-43e1-829a-5a2262efa25e,0.7336,CRITICAL,Control
3bd48e13-7574-420f-84a6-7f85c58ca50f,0.7198,CRITICAL,Control
88fd1635-2d46-44e4-88df-f2ebf4ff9297,0.7336,CRITICAL,Control
72120deb-825b-4ff8-81b2-47d448523e09,0.7336,CRITICAL,Control
fb6402db-c7f5-418e-a356-60607ecc52ca,0.7326,CRITICAL,Control
9d89f942-7cd4-4c1d-95b4-bb2fa6048c32,0.7198,CRITICAL,Control
76fd9cb7-815f-4f84-8d7d-db58949afe03,0.7336,CRITICAL,Control
69fe14c5-a2ef-4b42-9dda-30a1e9e4313a,0.7336,CRITICAL,Control
beef60e1-6af2-4617-8d0e-70ca910bcac0,0.7198,CRITICAL,Control
e2bf41b5-3cae-46f0-b948-9992f7ca2d19,0.7198,CRITICAL,Control
d3619d59-3d44-458d-9c46-72de8b59d2c8,0.7336,CRITICAL,Control
d99ed71e-e8d4-4b10-9cd9-1457f514f73e,0.7198,CRITICAL,Control
02fd2bfb-4b39-4fb8-b449-60df0ef2b39e,0.7198,CRITICAL,Control
b55f1923-6a98-4692-a540-73c531a57c4a,0.7336,CRITICAL,Control
ce95514c-9317-4756-b2e5-2d9b374d9832,0.7198,CRITICAL,Control
bfba9267-a1ae-4c55-a079-33c5ab7f884c,0.7198,CRITICAL,Control
b2e6b607-f6de-4838-bdcb-f5d0c8830036,0.7336,CRITICAL,Control
ebd68dad-4c33-4e66-88d5-20d1732c6a0a,0.7336,CRITICAL,Control
df2539eb-33d6-4723-8967-85ad35939265,0.7336,CRITICAL,Control
1563950e-5107-4b57-b2d0-57230943c871,0.7198,CRITICAL,Control
eb01b041-c568-4300-9331-cb2e491e5402,0.7336,CRITICAL,Control
359f2810-7889-4cfe-b44a-aa2a2393c63c,0.7198,CRITICAL,Control
f523dc25-b694-45c5-89ab-43f0da05ef5b,0.7198,CRITICAL,Control
860f1d41-8365-4929-a52a-99fc413c552a,0.7198,CRITICAL,Control
e9316447-6e00-4096-b034-e9557e8ab4cf,0.7336,CRITICAL,Control
49a87c46-1f1f-480d-b2fb-4ae24c032e8e,0.7336,CRITICAL,Control
9f035226-be6d-4c3b-81eb-9b9da9a5f397,0.7336,CRITICAL,Control
eaf0053d-de58-4a6e-b456-df1ff9f2d989,0.7336,CRITICAL,Control
d9a954fd-ac61-4f90-a318-00027a3f9406,0.7336,CRITICAL,Control
babbae5a-dc38-4a9a-a71c-2a8a6245c29c,0.7198,CRITICAL,Control
a49830ae-c1c1-47a1-a04e-529dd6abbc0e,0.7143,CRITICAL,Control
1465c404-77f4-4b5e-938d-0817bb6cc34d,0.7336,CRITICAL,Control
8ba84bda-e0ce-44a5-8031-ef182eaf71ee,0.7198,CRITICAL,Control
b28d8542-5abf-4e58-9eb3-dec3fc59b40d,0.7336,CRITICAL,Control
8c73c57a-6e1d-4626-afd2-999d02d3c5fd,0.7336,CRITICAL,Control
76db8b02-c3f3-445e-adb3-47a8ee371c8e,0.7143,CRITICAL,Control
e2148571-b699-4dba-9ab4-c6416324c1c5,0.7198,CRITICAL,Control
0f0b8d7f-d26e-4661-b120-e46f1c1f483f,0.7198,CRITICAL,Control
944fd13d-8091-4fe8-95f9-50142420e228,0.7336,CRITICAL,Control
036924c5-dd10-4d03-a731-5185dee66a0f,0.7198,CRITICAL,Control
bcbaad26-f7ae-4408-8574-ab30f41fdd78,0.7336,CRITICAL,Control
3a924c32-a5bb-4c8f-a900-3b5f615733c6,0.7226,CRITICAL,Control
c9a18f03-52b5-4cb6-b7cb-aa2ed8b93552,0.7336,CRITICAL,Control
24974536-1362-4836-91e8-69375a8cbacf,0.7198,CRITICAL,Control
ba97aa8b-fd0c-4b40-92e1-56087cae6034,0.7297,CRITICAL,Control
de11106f-0364-4299-8af6-b1c432ee1308,0.7198,CRITICAL,Control
e500c2c8-2fe7-486a-9d75-0c6c485d753a,0.7188,CRITICAL,Control
a3f99389-4b5c-4f17-b133-f1f67243b20b,0.7336,CRITICAL,Control
30b3004f-914b-470d-be9f-280346e50436,0.7336,CRITICAL,Control
cb119cb9-b2a1-4c2f-89b7-f76ad5dfc311,0.7188,CRITICAL,Control
bed5919b-2fa0-4ddc-96a5-0f6ee6e035c9,0.7336,CRITICAL,Control
7b219326-3546-4f0d-9597-40fce566ebe3,0.7198,CRITICAL,Control
a996b298-65d4-48fb-aaf7-46a5301c784d,0.7198,CRITICAL,Control
8cf5c03e-7cbb-4882-9713-8d9bbdb17c34,0.7198,CRITICAL,Control
17bb428c-1287-442a-8236-b659d766759b,0.7188,CRITICAL,Control
a4af4c20-6884-4f2a-b58b-d7e141d323c1,0.7198,CRITICAL,Control
01328a0a-4515-4974-8d16-4e3a1343d79f,0.7198,CRITICAL,Control
de1cdb1b-a268-4c5b-bc5c-3342f030701f,0.7198,CRITICAL,Control
4281d576-a112-42e1-9eb1-78c6536e670d,0.7336,CRITICAL,Control
d4a02395-8f69-467c-8c93-977993e97b11,0.7139,CRITICAL,Control
8c1ffb26-f657-4d05-a443-a37e6d8583b9,0.7198,CRITICAL,Control
9a4a9946-2b97-4858-a5d8-46500ff71d13,0.7336,CRITICAL,Control
c4c2ceca-e42d-4c05-998b-ffd32e2e24ff,0.7143,CRITICAL,Control
27628538-6900-4882-87af-517fce2f77dd,0.7198,CRITICAL,Control
4354e032-6c68-49bb-88be-7eab4890500c,0.7336,CRITICAL,Control
8f4eb609-c53a-4838-bec4-e0d3bb58208b,0.7336,CRITICAL,Control
cd5df507-b0cd-4bfa-a10d-ba01ab9118ed,0.7198,CRITICAL,Control
130b4ef4-6836-4229-805d-96b9c3730d63,0.7336,CRITICAL,Control
52b0eb8b-fe13-495d-b99b-9359b740a3c1,0.7198,CRITICAL,Control
f306bde3-6d22-4e5d-9aab-87aaef88fe76,0.7336,CRITICAL,Control
4a68cded-baaa-4c8e-a020-715e32ffaa62,0.7336,CRITICAL,Control
6532bd53-14cb-4878-a153-f2505a0c57c6,0.7198,CRITICAL,Control
0253a651-0da1-4e9f-9e7b-62780d4a43fd,0.7198,CRITICAL,Control
b3f522f1-8cbc-4474-b2ef-4d9bb8cfa255,0.7198,CRITICAL,Control
1ca28a35-2c46-40c5-a6fb-c315715d6b38,0.7198,CRITICAL,Control
a6025a9e-ee41-407c-810c-f179c08e6c31,0.7336,CRITICAL,Control
121b843e-9dc7-4980-b331-38b4a7186dad,0.7336,CRITICAL,Control
e5335602-70d6-4afb-992f-2cc459f1948a,0.7336,CRITICAL,Control
112bf7d1-e936-4c2c-91db-881c65269b94,0.7143,CRITICAL,Control
d8128d80-9881-43f8-8344-7b5d8c3bc4fd,0.7336,CRITICAL,Control
5423a312-cf8f-4ce3-942e-d49b33d10125,0.7143,CRITICAL,Control
9c83adfd-9ac7-45c3-a5be-1d4a762fae13,0.7336,CRITICAL,Control
c376bf50-2e36-4a58-a4fb-1167f40b5a14,0.7336,CRITICAL,Control
49ee7100-d335-4dac-b479-8cfd9f4ba713,0.7336,CRITICAL,Control
fb753b39-b305-4eec-8aee-0cc8b381550d,0.7198,CRITICAL,Control
938ddb5c-a9b5-4c1a-832e-375443d49f2c,0.7336,CRITICAL,Control
5309e67e-4b0e-40c2-b460-1924af610f21,0.7336,CRITICAL,Control
18962bf3-bd00-4d76-a003-a6a954dc3766,0.7198,CRITICAL,Control
2409df36-046f-4841-bbc9-85dbeaf8f835,0.7336,CRITICAL,Control
6423ad31-cd00-4f15-b522-263bbdab881a,0.7336,CRITICAL,Control
0fe1fc44-fd12-4fd5-83cc-0a29fd5e3a7f,0.7158,CRITICAL,Control
529c2d98-b03d-4ea8-828a-640b042c4fab,0.7068,CRITICAL,Control
5c4e3c0e-623a-4835-a2b2-af970fd76d7a,0.7198,CRITICAL,Control
5c7e0048-c24c-44f9-bc54-11c9b041552f,0.7188,CRITICAL,Control
e1ffe04a-5538-4948-8af2-69eb47aaf7ff,0.7198,CRITICAL,Control
cccb19e4-bad4-4447-a496-3da49c09242d,0.7198,CRITICAL,Control
72c48534-309f-454e-b6e9-f9e03beb80bf,0.7336,CRITICAL,Control
13cc4f2c-a6bc-4623-b807-b200ea59a2d2,0.7336,CRITICAL,Control
e0f16c2d-851f-488f-ab43-d61c2afbe594,0.7336,CRITICAL,Control
ceb1df1d-16e7-46f7-9ff6-c3f584d89429,0.7336,CRITICAL,Control
a78fb956-449d-46cf-9d50-7e81ea651fcd,0.7336,CRITICAL,Control
8c56cbc1-71c2-4132-9280-2ed6a14adaa5,0.7336,CRITICAL,Control
9907bbf5-a384-4535-981b-77e001b54c7a,0.7198,CRITICAL,Control
5c4988ca-dfce-47e6-81ac-1132a7d62d21,0.7336,CRITICAL,Control
6ea3449a-1484-47c7-ade7-cf12449b7e7a,0.7198,CRITICAL,Control
45d5ff95-ed92-4542-8f2c-3bd79e9c8326,0.7198,CRITICAL,Control
b56ae0ab-478b-45f1-8c90-beb7fe19c3e5,0.7143,CRITICAL,Control
3d1b5f8f-7a3f-455a-ba7f-5d0fba339ea5,0.7198,CRITICAL,Control
40565928-5e30-42d8-8527-209b1451ee04,0.7336,CRITICAL,Control
4a3920d7-ec46-434c-be9f-91b4e6268919,0.7336,CRITICAL,Control
a9f31ed7-bd14-486d-8e6f-c62a9045efdd,0.7336,CRITICAL,Control
d8d58d01-e6d4-4f11-8d8e-13e904529978,0.7336,CRITICAL,Control
a47e5639-58c2-4f7a-ba28-8025d71247b8,0.7198,CRITICAL,Control
785a7452-66fe-4aee-a1de-c62c44653487,0.7336,CRITICAL,Control
ee21024c-9f02-40f6-a3e4-1adb67625958,0.7198,CRITICAL,Control
49c34402-d32e-4b31-9f08-0f852ab5e0e3,0.7198,CRITICAL,Control
17958ac0-80b3-415e-995a-6a469635fca9,0.7198,CRITICAL,Control
f4678912-bb52-49a1-a3fe-3e1c29ce27bd,0.7143,CRITICAL,Control
4190ff1b-aff8-4784-b839-68062adbd410,0.7099,CRITICAL,Control
90960d9e-a9be-43b2-a67f-98cf3f740e1f,0.7326,CRITICAL,Control
a12b8203-159c-418b-b28b-cb84ec367bd3,0.7198,CRITICAL,Control
fc216176-a073-4ba9-b30b-3679142e73d3,0.7198,CRITICAL,Control
ec9b136c-29b4-4e7b-bd4f-127ba725c939,0.7042,CRITICAL,Control
a1f6a04d-bd5b-4833-830b-769081f25c31,0.7336,CRITICAL,Control
2a484e95-3145-4e94-93e9-d78c39d5c4e6,0.7198,CRITICAL,Control
c9c1eb4e-24bd-4d84-90fd-c41ab3675b8a,0.7198,CRITICAL,Control
db6d8ac0-b768-4785-b806-ecf665a739b1,0.7336,CRITICAL,Control
88c07cda-5d53-4fc3-8872-2de40b31f497,0.7198,CRITICAL,Control
b6ca90ce-329d-4a8c-8831-a1be910e6d11,0.7198,CRITICAL,Control
58ccc0a5-d5be-4394-b09a-9b11728d7de4,0.7198,CRITICAL,Control
61fab415-a4b0-45bb-bc8b-d5e400f2de27,0.7336,CRITICAL,Control
6543813a-2edc-4bc0-845c-7217ccf9d653,0.7198,CRITICAL,Control
590a7da8-69eb-41eb-b0f9-4e081419af07,0.7336,CRITICAL,Control
2196940a-8712-4426-b965-5ff7f5b8b27b,0.7336,CRITICAL,Control
9e1b312a-db66-4ae8-8b51-f361120e42df,0.7336,CRITICAL,Control
58f8f873-b24e-4a3e-88be-b2dd0f1bec43,0.7336,CRITICAL,Control
81a2cab7-bf6d-4bd0-9185-5516adb58abb,0.7336,CRITICAL,Control
67a2994f-859b-43be-8d5e-cb4926c9b913,0.7198,CRITICAL,Control
121a7a8f-285c-4fdb-878e-c41eff98478b,0.7198,CRITICAL,Control
cc332797-3f9e-4caa-8d98-8bd0a663004e,0.7198,CRITICAL,Control
d599116d-aa6f-4df1-be9f-edc3f5f74713,0.7198,CRITICAL,Control
85011da7-6ee9-40cf-bda0-dd5935f58e9b,0.7336,CRITICAL,Control
c8f85b29-3693-417d-a4ee-b52ce3f4a363,0.7198,CRITICAL,Control
5c2eeeb5-d868-44dd-9881-d333aa87c327,0.7198,CRITICAL,Control
c3df5a26-91be-4ad7-96b0-f0927c0957d9,0.7336,CRITICAL,Control
4b444f1f-7588-4520-b9e1-fb9a9d25064b,0.7198,CRITICAL,Control
9dea12a8-ffb3-4b84-9450-86eb735428d2,0.7336,CRITICAL,Control
396eb776-500f-4d6c-9f0a-6d72f35e4a43,0.7336,CRITICAL,Control
ebd2130e-03a5-4a87-923f-f014efc108f2,0.7336,CRITICAL,Control
e3e405c4-2e8d-4fbf-ae6a-7d9d914ca1af,0.7198,CRITICAL,Control
1df3630b-034d-4de6-9744-f0e207350d9e,0.7336,CRITICAL,Control
2e486a4f-f14a-46a2-8a1f-0de91b35fc22,0.7336,CRITICAL,Control
2dfafc12-7b5e-4c8e-a799-7445853e6395,0.7198,CRITICAL,Control
516d2f88-cb86-45cd-965c-6ac1587f566a,0.7198,CRITICAL,Control
f54f4c14-c11d-4133-9203-20523335f051,0.7336,CRITICAL,Control
48b945b3-9a39-4031-86b1-3cc03ed0ce94,0.7198,CRITICAL,Control
d1a5e242-d7ee-48a3-a1dd-41f45471ee41,0.7198,CRITICAL,Control
372d11f2-68f7-4d39-bdcc-c0c829191573,0.7198,CRITICAL,Control
13276d3a-508c-450b-a83d-fcc19050dc3c,0.7336,CRITICAL,Control
12fffda8-994a-4cbc-9d50-8b52ce8a5203,0.7143,CRITICAL,Control
c96e5150-543d-4858-be94-ab56aed0e333,0.7198,CRITICAL,Control
0ac63d87-1063-4916-ac14-310f6a472c84,0.7198,CRITICAL,Control
d3531596-5d76-439d-9422-8c71629728f6,0.7198,CRITICAL,Control
50183eb0-a44c-4867-9886-c59235076dfa,0.7198,CRITICAL,Control
bfbbfb28-24b4-43f5-a9ad-21f07338f3a5,0.7198,CRITICAL,Control
31bbcfa5-4b60-4471-b4d5-c76465d401ce,0.7336,CRITICAL,Control
df6a3038-b90c-4435-8d9a-1a132cb22642,0.7198,CRITICAL,Control
2cfcd8ad-bc8f-44e8-9a48-1a0c3939db19,0.7178,CRITICAL,Control
777e20e0-ecb2-4eaf-927d-7b84d7d400de,0.7336,CRITICAL,Control
0b660c97-86be-4dad-96ad-6c9fb215cfd0,0.7336,CRITICAL,Control
417deb32-e95a-4215-bc5d-d7ab7bb308e2,0.7336,CRITICAL,Control
a8d808f8-8af9-43ae-b203-07204aad0e5a,0.7198,CRITICAL,Control
03c2c455-a648-4ddd-b660-8a3228c5e9c4,0.7198,CRITICAL,Control
502cb737-fd27-4c93-854f-46be19595ecc,0.7198,CRITICAL,Control
66a7645a-5123-4499-87bb-34518dfc1309,0.7336,CRITICAL,Control
0cf380de-7597-4f66-ad99-8213c76d41ce,0.7198,CRITICAL,Control
22284751-64ba-4008-8bc9-42de32c39271,0.7198,CRITICAL,Control
21a2c9e2-09b1-4f20-8b28-59295855a6eb,0.7336,CRITICAL,Control
0c87e9d0-fe27-4960-8b20-f8aa2b2facce,0.7178,CRITICAL,Control
957fda33-b867-4381-bec7-cfe59673313f,0.7198,CRITICAL,Control
9cbf6b3a-baf6-4c6c-a849-64bcb7507d33,0.7336,CRITICAL,Control
12441fb3-2d3c-4c02-a261-9b997b164ac3,0.7198,CRITICAL,Control
042e2d0e-1134-4bd5-9f29-cdd577cc660d,0.7336,CRITICAL,Control
6a461813-bec8-4f8f-bfcb-87c662dfcec1,0.7198,CRITICAL,Control
77725995-aaee-4b9f-90e1-685b239cbe8a,0.7198,CRITICAL,Control
7bb15322-5765-448d-bcbe-de52c39035b0,0.7336,CRITICAL,Control
e31064b8-fc02-47af-bb4d-acf40474a5a2,0.7198,CRITICAL,Control
7fcd963a-5fa3-46ef-972d-6a4ff194b996,0.7198,CRITICAL,Control
d2cc141c-8279-40f1-a57d-876c85b4dcdd,0.7089,CRITICAL,Control
10d2726b-3627-460b-ba40-f2ffd67a9256,0.7336,CRITICAL,Control
0197a43e-adfb-4004-8af2-7869a0c84f39,0.7143,CRITICAL,Control
3e6f5f30-53a6-4a77-8fb8-a4eaf7392e8a,0.7336,CRITICAL,Control
62ccb802-d515-4fce-a978-8e9760eef901,0.7198,CRITICAL,Control
ec1e5319-444b-4e61-a2b4-0a61e621fe2e,0.7198,CRITICAL,Control
44a3aab9-e3c5-4894-80f3-55230b3fb7ad,0.7336,CRITICAL,Control
f2a81277-0cd6-4a55-9509-b8e4f70974ae,0.7336,CRITICAL,Control
82f58b11-509c-482e-a6ed-bee9f68c7b94,0.7336,CRITICAL,Control
84759ee5-f0bb-4fe6-aede-9a7dcb49465c,0.7336,CRITICAL,Control
f9c443d2-62e1-46ca-a3f3-1f2bc34bc8c8,0.7336,CRITICAL,Control
dd59df1e-a4a4-49b5-8c0d-3a658f9bcc82,0.7198,CRITICAL,Control
61a7b14c-f5b0-403b-bcd5-0f5f9d00bd41,0.7336,CRITICAL,Control
c001abd3-570d-4bb2-afa0-42c72f4807d2,0.7198,CRITICAL,Control
505bf922-48ce-4670-9c41-19f45e3a4414,0.7198,CRITICAL,Control
9c6818cc-4300-4668-ac33-68d611640430,0.7198,CRITICAL,Control
91ca232d-bb16-4f63-a08e-80da1f4f886a,0.7198,CRITICAL,Control
6ce59d10-3a5e-4896-8183-bee96db208cd,0.7336,CRITICAL,Control
2007ff21-d5b4-4029-8b26-23e4cf8e308b,0.7336,CRITICAL,Control
68b4b76b-4c7e-47ec-b758-d48dbc456985,0.7143,CRITICAL,Control
3b15dfb5-6c61-4114-8c26-7373244622e5,0.7336,CRITICAL,Control
54fa3eb3-0633-48a1-8334-01680970db86,0.7336,CRITICAL,Control
20ce1186-898c-4ba2-a500-029e91d221fe,0.7198,CRITICAL,Control
776ba6b3-9165-4274-90fb-b1fa0aa0f2ed,0.7336,CRITICAL,Control
38c26b8d-436f-49b7-b4fa-741d180bb481,0.7198,CRITICAL,Control
4594ef87-69af-4632-894d-adb68b739016,0.7042,CRITICAL,Control
21fa6ce5-4687-42fe-95fc-b5258bef142f,0.7336,CRITICAL,Control
9e00185e-871e-4bc7-ae91-fbf13a104835,0.7198,CRITICAL,Control
fb7db5af-7ca8-4de6-8735-0625bbfedb22,0.7336,CRITICAL,Control
4501e755-819e-470b-b77a-b3bb9c924d78,0.7198,CRITICAL,Control
af4fcab0-d5bc-4049-9902-ecc957ab1c88,0.7143,CRITICAL,Control
428332c3-7e96-47fa-917d-acb7d4281ea0,0.7198,CRITICAL,Control
3765a547-4fd7-4c28-8188-314fdd051ee1,0.7336,CRITICAL,Control
e228e74d-7121-48aa-9569-01d378f5da7a,0.7198,CRITICAL,Control
8736ce8f-4c0c-4c27-910f-ed2cccc9f792,0.7336,CRITICAL,Control
27e0c31b-1ebf-4d58-810d-c7dd2e855a32,0.7198,CRITICAL,Control
15bfaf4f-5e76-4588-ac7f-bd547de209e8,0.7198,CRITICAL,Control
d95bc570-7d7e-4193-b13d-5f4de56ddbb7,0.7188,CRITICAL,Control
086c1f2b-b193-417d-b50d-3c4ae67b4332,0.7198,CRITICAL,Control
11a0e34f-6f52-4fac-a4d4-bd72e03046ff,0.7198,CRITICAL,Control
2f6fd24c-6ff3-41ff-9c79-aac77bf0a5e9,0.7198,CRITICAL,Control
3b15603e-f19f-45ed-8d00-37ae990157c4,0.7336,CRITICAL,Control
ff6c31ac-35ac-45e3-a07b-3a49ac13375e,0.7336,CRITICAL,Control
99e90564-a0b2-4bd6-ac3d-978c54cb65c6,0.7198,CRITICAL,Control
54258a0c-17fe-484c-952a-c4ac7e2d1f26,0.7336,CRITICAL,Control
e447c708-0324-4d07-b3a1-4a8212f416aa,0.7198,CRITICAL,Control
cdbee7b2-6237-428f-828d-94cf4c1270ef,0.7198,CRITICAL,Control
4247bc94-e349-4cd7-8256-cb9af055a4bd,0.7198,CRITICAL,Control
20b081a6-8d59-4bc3-a431-8d0cb242d0b3,0.7336,CRITICAL,Control
8af23920-2729-4087-bc9c-cf1e6236d4f9,0.7336,CRITICAL,Control
a260c08d-c1a4-4181-b0ca-b4e0acc18f52,0.7198,CRITICAL,Control
62516206-cd76-4b0d-a7a9-464241a90e0a,0.7198,CRITICAL,Control
5cfa9f27-de0c-491b-a8b7-623631d4eef6,0.7198,CRITICAL,Control
e1920349-5997-4f9d-bd45-e6994e12acce,0.7198,CRITICAL,Control
4de1796f-f6f5-4554-b68a-a6ede5a5c2c4,0.7198,CRITICAL,Control
99af3683-a26f-44fb-a2f7-c26e1b4cde49,0.7198,CRITICAL,Control
75d5a659-4bfa-456f-8315-833d6d9b4e08,0.7158,CRITICAL,Control
cc81b634-2543-4454-812a-8befc75670df,0.7198,CRITICAL,Control
32e3e762-e865-491f-bbaa-3e47d7e9863a,0.7198,CRITICAL,Control
e77011a6-7aa4-446c-9903-42cae050ea39,0.7336,CRITICAL,Control
5ed8ba48-054a-47bc-ac5c-727779e37483,0.7198,CRITICAL,Control
dc35502d-fba3-450a-bb7d-283799b63776,0.7198,CRITICAL,Control
88741208-f0b1-4f14-a75d-0f23eb64d534,0.7336,CRITICAL,Control
6de0acba-1cca-4eed-b936-870bdb3a6ed2,0.7198,CRITICAL,Control
b1e009f2-5753-46f3-9b68-30901216a2b8,0.7198,CRITICAL,Control
7b23ac8f-677c-4ea6-a014-4d7b9fb69da5,0.7143,CRITICAL,Control
0ed6d1ac-3a24-4061-bd7e-0ab99116960d,0.7198,CRITICAL,Control
4b7aa52c-91ca-4a88-850b-be5a778187d8,0.7198,CRITICAL,Control
5f475125-a9ad-4106-b24c-231148d60364,0.7336,CRITICAL,Control
ebc7b11a-16c2-4c48-99e8-42bc0acd8754,0.7198,CRITICAL,Control
baa33ede-980c-4c4e-83f3-64f5b1b6f68d,0.7336,CRITICAL,Control
83be269f-afa3-4789-9bae-8ea11966502e,0.7198,CRITICAL,Control
20f73861-8be9-434a-a988-5274ef1aa4fb,0.7336,CRITICAL,Control
159da3ae-2e4f-40f7-83ff-3a0d5e4f168c,0.7198,CRITICAL,Control
1238d864-c7a0-4e36-a36b-a24d697723a9,0.7336,CRITICAL,Control
51fc0bae-a568-4d17-9976-9ce4af88e942,0.7336,CRITICAL,Control
1347cd67-7443-4ee8-ba3c-6bb3fe8f0137,0.7139,CRITICAL,Control
4fdbd8b4-24da-40a7-9934-0793f092f8d0,0.7198,CRITICAL,Control
e30d9bbf-1259-4866-8b03-d77960e4cd47,0.7042,CRITICAL,Control
0dd9a9d0-b0bb-41c9-bd08-df9cf69be889,0.7198,CRITICAL,Control
25dff020-2482-4d17-bc36-c5efd7a8b5f1,0.7336,CRITICAL,Control
978513a0-3f9f-477c-8e20-093701bdd4de,0.7198,CRITICAL,Control
3ec371db-e87e-48e2-9614-9a124a052380,0.7198,CRITICAL,Control
194f3817-015a-4df5-bce9-b4ffec6b2285,0.7079,CRITICAL,Control
bcd1217f-0e53-4874-a274-5cf47a1d270b,0.7198,CRITICAL,Control
52b4ec7d-79ca-4913-891b-b5cd0fe1fdf3,0.7336,CRITICAL,Control
81191715-1a09-4fa7-b288-ba430803a791,0.7198,CRITICAL,Control
9e7edf54-78fb-4b0a-a0fd-57e74b501105,0.7198,CRITICAL,Control
1503cc6f-fcc4-44b5-b0f8-b78938efca0c,0.7336,CRITICAL,Control
726f9b6f-80d7-414b-a14c-aef81e25cdb8,0.7336,CRITICAL,Control
a6e8335c-1deb-4fb0-a683-fc0499251f94,0.7336,CRITICAL,Control
545b563a-461f-432b-ba06-b3a2efd0eec6,0.7336,CRITICAL,Control
e3e14636-6cab-41bf-a6bf-923a20331e95,0.7198,CRITICAL,Control
3b6b521a-efa2-4a1e-85a1-2f3ae57a611c,0.7336,CRITICAL,Control
03ce452b-e5a5-420f-92a0-fe398450d3eb,0.7198,CRITICAL,Control
2eba224d-f3a2-4293-a91a-58b43a0cfbf4,0.7336,CRITICAL,Control
f0c60187-caff-4bbd-b9b7-927d47c46bdb,0.7336,CRITICAL,Control
f450a71c-31fc-4a37-8c5e-57c6f48ac69b,0.7336,CRITICAL,Control
47195b88-0147-46ec-aa53-5353e7619454,0.7336,CRITICAL,Control
4548afb6-bc03-4aa4-b8b8-1dbc5d19c135,0.7336,CRITICAL,Control
2c86f9ca-d992-456f-993e-10108a46e54f,0.7198,CRITICAL,Control
294f134d-e098-4837-8284-553991d2124c,0.7336,CRITICAL,Control
3dae51f7-3e01-4df9-a19b-4b1a13a388f2,0.7336,CRITICAL,Control
50ec99dd-46c4-4862-b946-b120685bf7af,0.7336,CRITICAL,Control
4e1a0b7a-fa1a-4465-b13a-f6693be60ca0,0.7336,CRITICAL,Control
3af142de-2553-4e63-975d-2fb40dd734a5,0.7198,CRITICAL,Control
e8fff1ad-3a16-4ee0-b790-715e41c37522,0.7198,CRITICAL,Control
3c162748-d9d5-48ea-bb9f-b8b8b28fa2bb,0.7198,CRITICAL,Control
a2228f3b-710e-4bc8-9e64-38baecbbf21d,0.7198,CRITICAL,Control
a4a34547-4f1f-42ff-b796-3631a28bdc37,0.7336,CRITICAL,Control
f01b65b9-32c4-4a9a-a3fc-36860d25b185,0.7014,CRITICAL,Control
4140aedf-3e14-4b76-8c81-c31f9a1ceafc,0.7336,CRITICAL,Control
7117c895-21b2-4795-9eac-72d96fae1180,0.7336,CRITICAL,Control
9fd695ba-b9bb-446f-a580-5bf33d945cc9,0.7336,CRITICAL,Control
204565cb-cf75-47b0-abec-7071a5fae53a,0.7198,CRITICAL,Control
26b571c7-a610-461f-adac-d581b94904da,0.7198,CRITICAL,Control
a92c2876-45ca-4daf-b98f-987112bec36b,0.7198,CRITICAL,Control
79d1a4c9-9165-4d49-905f-59141e5a6b96,0.7336,CRITICAL,Control
f38985a9-21be-495f-a509-a4a0c156cc27,0.7198,CRITICAL,Control
1b0e7421-7ac5-43b7-9ce0-5105b7508827,0.7198,CRITICAL,Control
cb1673c8-fd2e-49ae-a4ba-36619b4fef4e,0.7198,CRITICAL,Control
bb909c8a-979b-4352-b434-fa303c48ddb8,0.7198,CRITICAL,Control
bca572a5-568c-437f-82af-7b897f04b797,0.7198,CRITICAL,Control
f60f468b-2a22-4782-b779-7fc44adf8f93,0.7198,CRITICAL,Control
1b7271b4-1bea-4dd2-a770-8d83a76f332a,0.7336,CRITICAL,Control
1c805ad7-eb43-454b-a286-8cec3798479b,0.7336,CRITICAL,Control
50241420-5d8b-44c9-824f-3c5061943b83,0.7336,CRITICAL,Control
7e04fc18-03f3-4e48-9fb0-a6b83092fd1b,0.7336,CRITICAL,Control
55aa0d91-8ffc-4414-b6ec-f999192e610c,0.7198,CRITICAL,Control
289415ef-e5ac-44c8-a3fb-6ffb2c77ece7,0.7198,CRITICAL,Control
5239cc1a-d2b1-4f4e-bb7c-8b84e5dce469,0.7336,CRITICAL,Control
60d80635-1b81-47fa-bdd1-7589ed74b77f,0.7336,CRITICAL,Control
2e24845c-ab4b-4c97-a7a9-65938593e9f7,0.7198,CRITICAL,Control
0e593c17-8f36-4a73-a740-19cbf41eff6a,0.7198,CRITICAL,Control
3f35f550-b978-4f6a-80da-ed424f23cc0c,0.7198,CRITICAL,Control
51ae2a61-07c5-497e-aa1a-ac95a7b02124,0.7198,CRITICAL,Control
5abb8ac8-75af-49a4-8a8c-7488f34dc4ea,0.7198,CRITICAL,Control
0c682137-ff66-4719-ae01-da338578e63c,0.7336,CRITICAL,Control
d68792f3-45f0-4cd6-b94d-35a6a73e7e79,0.7198,CRITICAL,Control
b693d16c-4f70-4f36-9f90-b22c026377ec,0.7198,CRITICAL,Control
be51a975-dcd4-4828-9641-4f6c0c19c4cb,0.7336,CRITICAL,Control
ec030ba1-7e33-4616-a8f8-f666d614538b,0.7336,CRITICAL,Control
368853d4-ceb2-46fd-9aca-28386f621096,0.7198,CRITICAL,Control
b0783b79-b5ad-4bbc-9c3d-5ab568b81de3,0.7336,CRITICAL,Control
c2e339e2-5635-4c4b-b0c6-65ec42a3c097,0.7198,CRITICAL,Control
b3c87f7d-85d0-4744-8a94-458351dfe6c4,0.7129,CRITICAL,Control
243dcce5-b547-4101-a198-2eae9f52c04f,0.7198,CRITICAL,Control
ff21d842-842b-49de-942f-ee837f212627,0.7336,CRITICAL,Control
570e5bdd-7b77-48f6-9a29-134690ab648f,0.7198,CRITICAL,Control
14c097e0-1ce5-4b68-83bf-3985b8feeeb7,0.7336,CRITICAL,Control
e7a87710-c5f1-4f25-afd2-17f08945b86a,0.7158,CRITICAL,Control
aa9c8c8a-f5dd-4c8c-8ea3-30f8f478f3b3,0.7198,CRITICAL,Control
d78bfa77-2626-4e33-bc8f-5f17b64a1b32,0.7307,CRITICAL,Control
8f6bd748-49ad-4064-bdec-77e9cfb04c50,0.7336,CRITICAL,Control
49bc9162-48a4-4503-bd39-2d18fd4ecd2b,0.7143,CRITICAL,Control
1043dbe4-053b-4209-9460-4af7aa17d73a,0.7198,CRITICAL,Control
4a953825-e8c6-431d-9757-cc927101bad6,0.7198,CRITICAL,Control
4cc741b6-af23-40a3-ad81-c4006912fbfb,0.7336,CRITICAL,Control
1383c91a-3aa4-40be-8b97-97d66b40e690,0.7336,CRITICAL,Control
a5409015-1553-46e2-89d7-a8f73f1ddf3a,0.7336,CRITICAL,Control
18858fd6-25b8-48ca-917b-ef25eab00737,0.7336,CRITICAL,Control
31ff3f66-319d-4baf-a4b8-7fe652dd6f0e,0.7336,CRITICAL,Control
09315973-7375-4a0b-a8f8-2dc37249d78c,0.7198,CRITICAL,Control
d2752e3a-2650-4ba5-8a00-e5fdb96ab41f,0.7143,CRITICAL,Control
92fe9cbc-b4a1-4a3b-a605-94c09e572182,0.7336,CRITICAL,Control
517ba08a-aa42-4ea2-ad5f-52407bd14e53,0.7198,CRITICAL,Control
fb52eed4-f48d-4614-81fd-3150c327dfb3,0.7336,CRITICAL,Control
bdb79915-d5af-4c83-b9e8-905953ead746,0.7336,CRITICAL,Control
47544632-38a0-4d32-816a-6667a75bb97b,0.7198,CRITICAL,Control
26cbe7b1-ddc6-4f82-aa9c-897b0686ce43,0.7198,CRITICAL,Control
dd45c499-5a7f-4450-abff-e10b2bd489d2,0.7336,CRITICAL,Control
44658f25-0ffa-4450-9163-49471bebbdde,0.7336,CRITICAL,Control
2c7cfb61-84ff-4e69-bc7e-b01d664425e4,0.7198,CRITICAL,Control
d4ddd861-7955-4084-b112-94da6b2f8f2b,0.7198,CRITICAL,Control
5fac7563-89c6-4e49-9a5d-c97d48a2aeb8,0.7336,CRITICAL,Control
7a2caa72-e6ae-468f-9e8f-fb4539ebf132,0.7198,CRITICAL,Control
d1429507-af47-4575-abdf-e51872eb4c8b,0.7336,CRITICAL,Control
be613f48-5f90-47e5-a04a-004495e03823,0.719,CRITICAL,Control
7ad046bb-3ca2-4f4b-909c-f3e302babc24,0.7336,CRITICAL,Control
ce07f5e3-74c9-4f15-a461-a0ac83ab43b5,0.7198,CRITICAL,Control
4b2ced80-648f-42ee-b556-3a85a2f73ce9,0.7198,CRITICAL,Control
4f6b8058-22b6-4b2f-a3b1-aa54a7a266b1,0.7079,CRITICAL,Control
d3fbb3f4-6877-46d5-856e-dca8341cfb4e,0.7336,CRITICAL,Control
bdf99600-8969-49ed-9af3-dc7acabc8b27,0.7198,CRITICAL,Control
26dc9332-c071-49aa-8f43-08f11feeef3f,0.7198,CRITICAL,Control
b9944b8d-6c36-4d0c-ab48-f34fea186362,0.7188,CRITICAL,Control
c9c69bd1-482f-4914-9a37-d44d613dc81f,0.7198,CRITICAL,Control
32f31c89-8653-49fa-953e-681dac4d059f,0.7336,CRITICAL,Control
c9788c95-8cba-425d-b436-268512d5b7a2,0.7198,CRITICAL,Control
2e80dcf9-6898-4445-b8e7-ce22ea0cef6c,0.7336,CRITICAL,Control
c2fcfd12-5bad-4083-b7ac-7b362da6b3ed,0.7336,CRITICAL,Control
711d8ff2-3726-4fd3-a260-7508bda4f1e9,0.7198,CRITICAL,Control
b7243f15-0ce2-4243-8414-f73abc9485a0,0.7188,CRITICAL,Control
17c6f07b-0e60-4148-ae99-5c143dc097e9,0.7336,CRITICAL,Control
474bcfd2-4e84-49fc-a45f-d1d5454a87ae,0.7336,CRITICAL,Control
9a3b903b-ebfd-4440-b7aa-98c015a3f041,0.7336,CRITICAL,Control
88c67731-a6a8-4986-bce6-9e6fe05ba53e,0.7336,CRITICAL,Control
f44b6abb-8fe3-4e94-a043-894bfc63e826,0.7336,CRITICAL,Control
f22a57dc-a28d-4124-8b6c-7e97dc3db105,0.7336,CRITICAL,Control
e24f3212-45fb-469d-a063-77d95688b1e8,0.7336,CRITICAL,Control
b37ae15a-02ac-4091-a3bd-62c6c45327f8,0.7336,CRITICAL,Control
2a51095c-4a5c-40d3-9ce2-6abc44d5baed,0.7336,CRITICAL,Control
5f354862-f54d-4b79-b6cb-0024e52ce0e8,0.7336,CRITICAL,Control
753fa208-d679-46e3-8e84-6aa03cdf517e,0.7198,CRITICAL,Control
f1be176c-ba23-4e42-bb0b-d40e35bc746a,0.7198,CRITICAL,Control
68405cfc-6c6a-4d93-8c31-d391e42c745e,0.7336,CRITICAL,Control
ec89c069-f667-434b-af79-7528b20136e8,0.7336,CRITICAL,Control
81a6bc8e-e9ab-4593-8d0c-81faf89c01e9,0.7198,CRITICAL,Control
1ecca4dd-122e-45d9-95cb-8d4d249453b6,0.7336,CRITICAL,Control
20eec23c-d593-4ed3-8c96-c410b1709925,0.7198,CRITICAL,Control
7833534a-6cfb-49e7-873d-cb33038acaac,0.7198,CRITICAL,Control
89a789a5-25e7-4ca1-9c2d-9622a5fa9d4f,0.7336,CRITICAL,Control
7dec513a-7134-4ac8-a45d-c495e9ccbbd0,0.7198,CRITICAL,Control
12a19511-c8ad-4e68-82a1-c84493943c6f,0.7336,CRITICAL,Control
79d6283a-9a0f-4d1e-8b77-f03bb3dc5f37,0.7198,CRITICAL,Control
b7241aa7-8d40-456e-bf9b-09cbf5d582dc,0.7336,CRITICAL,Control
2cce004b-386f-4c36-8e71-76d145092ba1,0.7198,CRITICAL,Control
e4702237-f9f9-4130-9166-72ae735599b2,0.7336,CRITICAL,Control
f79edd47-b3a4-4b28-b18a-784394e6d8eb,0.7198,CRITICAL,Control
2879dd6e-a9c1-48e8-9f43-2a51caf3ba62,0.7336,CRITICAL,Control
be72ff6c-9e17-4b92-ba86-937f5d0e0e09,0.7336,CRITICAL,Control
6025114c-4e72-4f51-8f6a-775048a0ef59,0.7336,CRITICAL,Control
e2b8a89d-a671-47a5-a138-caab7e6b758f,0.7198,CRITICAL,Control
ff34747e-116f-4567-89e7-6afec21e5610,0.7198,CRITICAL,Control
aa2392e2-8026-4867-8783-0825c08eefbd,0.7198,CRITICAL,Control
05c05482-c23d-47e5-a891-9df4ccc821ed,0.7149,CRITICAL,Control
639a0628-529c-4d67-ab91-8e7505fcd585,0.7336,CRITICAL,Control
e6a14164-1c5d-4395-b007-ff1ab97b26ff,0.7336,CRITICAL,Control
f3392665-d6f9-4d94-9a4f-d6a99eaeb8dc,0.7198,CRITICAL,Control
878b9761-3f49-4648-b5a8-022a3562a6cc,0.7198,CRITICAL,Control
784ce910-253b-46db-9559-ebdaaecfae56,0.7198,CRITICAL,Control
7db4b30c-b95c-44ee-a33b-4ccb6966d510,0.7336,CRITICAL,Control
b1bfee31-420c-40f4-8e67-c9d7e871129e,0.7288,CRITICAL,Control
80b01149-e0e9-4d40-9e92-9899bd5df0a5,0.7198,CRITICAL,Control
b5f6a37b-e569-4ef9-9c85-b07a036e84e7,0.7178,CRITICAL,Control
d957da14-25f0-4b8c-98c9-2e914ae700f6,0.7198,CRITICAL,Control
bfd8100e-0de1-4a73-93f4-a9a8ad131fcb,0.7336,CRITICAL,Control
741392c8-c24d-4ddb-9632-23a1ec7d4d4c,0.7198,CRITICAL,Control
c8040ddd-fb05-4ae8-97db-1edb0d18fa7e,0.7336,CRITICAL,Control
8a7ac546-2589-4b78-be9c-0e648e723a03,0.7336,CRITICAL,Control
d1cab392-7fa3-436f-9f62-c575f4a3bf54,0.7336,CRITICAL,Control
f23f0a4c-c0e2-4f85-a49b-8df04d6abaef,0.7198,CRITICAL,Control
64c6a5b8-8949-44a8-9823-83f728b6adc1,0.7336,CRITICAL,Control
83ab2d2a-7591-453f-a06a-44e8b35bf3b2,0.7336,CRITICAL,Control
53658025-466e-4049-9ce1-f16d968b2794,0.7336,CRITICAL,Control
b85e04e6-7db3-4744-bf7a-eb7791ae3d53,0.7198,CRITICAL,Control
872778bc-a929-4f7e-ae97-804fefb8c68d,0.7198,CRITICAL,Control
cef80088-ef30-49f4-ba9f-64252a2b9eb7,0.7198,CRITICAL,Control
3a91696a-fa6c-412f-a8e4-a229b682e239,0.7198,CRITICAL,Control
5f397daa-cb56-4a05-b291-cb0b07e247c7,0.7198,CRITICAL,Control
13a73443-328d-491e-9086-5977443d5ed5,0.7336,CRITICAL,Control
33c3d733-5cf4-47b1-986d-6fe0c76726c9,0.7188,CRITICAL,Control
c9c8d4be-e739-44d1-84aa-7b54f0d0945e,0.7198,CRITICAL,Control
99e0422c-a74b-45c1-9f59-da31fa4bcfcd,0.7317,CRITICAL,Control
a7f33f4e-4507-418e-b264-d4bf76c3e89a,0.7198,CRITICAL,Control
291a30a6-dc87-4757-9afb-83cfffa43db5,0.7336,CRITICAL,Control
dff7ae2b-d994-42fa-b8bd-cc5c0fe1bea1,0.7198,CRITICAL,Control
b21d9ad2-0d92-473b-a717-40b436511529,0.7198,CRITICAL,Control
fc9c8e79-bfea-4043-a30c-cdc5c2fc8db8,0.7336,CRITICAL,Control
d2797871-d978-487c-9e9d-f8f6d593e678,0.7336,CRITICAL,Control
ed580593-b709-4ec0-8ea4-88f7f6b5d2e3,0.7198,CRITICAL,Control
f563d206-229a-4720-a1e8-c16c5ccff8d7,0.7336,CRITICAL,Control
347365da-4788-42c6-a3de-99c5f689ffb3,0.7198,CRITICAL,Control
374ce510-0689-458e-b57a-fa61878be012,0.7336,CRITICAL,Control
fee764e3-bb8b-4c65-8877-9f0f28984a4a,0.7198,CRITICAL,Control
7f9a4f81-3295-433e-be7e-72b2a13bea60,0.7143,CRITICAL,Control
00f80c84-1525-4d78-a88e-de37e090a30a,0.7198,CRITICAL,Control
b30e4f5a-1333-4ad7-8679-1b96c270b5d8,0.7198,CRITICAL,Control
a8bfe276-e17d-463b-b028-83682610e40b,0.7336,CRITICAL,Control
c0de7837-5723-46af-84a6-0f2f39940d79,0.7336,CRITICAL,Control
269e2bb4-23df-41b6-82ce-6603c9e8339c,0.7198,CRITICAL,Control
485fb4a6-e108-4c42-9878-2f4ac1bfaed9,0.7336,CRITICAL,Control
1a29d8bb-b194-4dbd-bd11-8a92fbec073b,0.7143,CRITICAL,Control
7092fb31-89f3-4a91-9c2c-ef0ee5232f6b,0.7336,CRITICAL,Control
fe92fd31-041a-4899-adbd-292907e7ef82,0.7198,CRITICAL,Control
dd5aa33a-c53e-44b4-9607-ac21734fb766,0.7143,CRITICAL,Control
b21bb681-eed8-47ba-932a-a1368350cfba,0.7336,CRITICAL,Control
4c0d8f3a-986f-4380-81ac-7613c3c1401b,0.7336,CRITICAL,Control
ceba5230-1a70-4869-97b4-0c6b107bd180,0.7143,CRITICAL,Control
612cd910-8132-4152-9975-de9ec0d2c4bb,0.7198,CRITICAL,Control
64a6b767-2a38-41b9-8455-b21228432b9a,0.7198,CRITICAL,Control
637f99df-3b1b-4aa5-8799-aa7718d15043,0.7336,CRITICAL,Control
8c8c4f53-c4ed-47eb-b87c-4c03bb7326dd,0.7336,CRITICAL,Control
9825ab66-e1bf-43d6-ad53-f905bc2e95bd,0.7336,CRITICAL,Control
9801fb2c-1cf9-458d-a86f-f3408cb90eae,0.7143,CRITICAL,Control
f513f78d-a138-4d30-8034-e798a84213a8,0.7143,CRITICAL,Control
7a0dbccb-1717-4aed-8931-f6dd66682225,0.7336,CRITICAL,Control
d61c2787-01b1-4216-8540-be21a02d66ad,0.7198,CRITICAL,Control
64850d38-48e8-44d8-9f7e-48f570b59b30,0.7336,CRITICAL,Control
9fa83923-16dd-4384-9006-7b40a6ac8a6b,0.7198,CRITICAL,Control
1e7e8b0e-7d61-4579-b1a4-0fefc01a8051,0.7336,CRITICAL,Control
05f1ba0f-883d-4297-959c-63f2578f8285,0.7336,CRITICAL,Control
2e130869-88fe-47ac-a229-77df83b90ba7,0.7198,CRITICAL,Control
d54b27eb-da50-4a9f-b2c6-c308652367be,0.7336,CRITICAL,Control
f1446e68-4aaa-4f7f-b2a9-2e62e6e3f604,0.7336,CRITICAL,Control
466c2ecc-ddb5-486d-8aa8-6fa69b53a9bc,0.7198,CRITICAL,Control
2f39e651-04be-4695-9f9c-66991399873f,0.7168,CRITICAL,Control
92d07e16-253e-4009-8d74-3e1a0b89dc28,0.7198,CRITICAL,Control
59fa0634-664e-4d6d-bf6c-98b6058ded23,0.7198,CRITICAL,Control
c3dd4a94-04f2-48f8-8c02-445afc7a4b80,0.7336,CRITICAL,Control
e47f9bc1-1d4f-450f-85aa-bd174c33a773,0.7198,CRITICAL,Control
5d7549ec-e6cc-458d-9a12-817211262c98,0.7336,CRITICAL,Control
230bab97-9e88-41c2-8f5f-4393a6effa2f,0.7336,CRITICAL,Control
cb8312d0-6732-4ce4-a623-92bdbe4516ea,0.7336,CRITICAL,Control
c5c448be-9501-4609-a9a1-11d42d31006f,0.7198,CRITICAL,Control
6b97cf93-83d3-4fe7-9e69-0fbb28ba3652,0.7198,CRITICAL,Control
6139903f-8799-486d-8753-792b173f8514,0.7143,CRITICAL,Control
555a1def-afd2-4ca3-b2ca-bdf830ceee1d,0.7198,CRITICAL,Control
a8ebb9fc-e023-409f-9fad-64c0aec6b2ef,0.7198,CRITICAL,Control
d9de3238-291a-4152-9172-8e203c69d365,0.7336,CRITICAL,Control
856c8a8c-f1d6-4f71-9f14-41dabc4d17c8,0.7336,CRITICAL,Control
4553c46d-8475-41d0-86ce-d2a2c5721feb,0.7198,CRITICAL,Control
d849948d-2594-4f20-81d4-59685e9ba780,0.7198,CRITICAL,Control
aeea6a21-0bb8-4c9b-ba63-eef26fa2578f,0.7198,CRITICAL,Control
84435a91-6671-4314-bf03-124f34045d2c,0.7198,CRITICAL,Control
17c1e963-6f72-4072-969b-288626c3230a,0.7042,CRITICAL,Control
a864ec6c-8a7e-4074-b9f3-5cbe33ac8c54,0.7336,CRITICAL,Control
842b0e67-298f-4b61-ae63-5a85e970807c,0.7198,CRITICAL,Control
e7e1f98f-58d9-4260-bd60-b4e88d055c46,0.7336,CRITICAL,Control
8854d41b-6c81-417c-9cca-bd6f07085864,0.7336,CRITICAL,Control
c95291b7-96cd-450f-bc4d-4038c83275e8,0.7336,CRITICAL,Control
ebaf98bd-f9a5-427d-bb59-a1d43d2535af,0.7198,CRITICAL,Control
97cfbf6c-cfed-43c5-82e9-9f7c12d8fa7f,0.7336,CRITICAL,Control
d2050414-4812-458c-b5b2-0a553ff1ce8e,0.7336,CRITICAL,Control
9fc94e11-4b3c-49f1-aff9-5cd660520a12,0.7336,CRITICAL,Control
404e92ce-7241-41e9-9b58-492a7c25bd48,0.7143,CRITICAL,Control
913dcdd5-832a-4ca1-bac1-d35629f9399c,0.7336,CRITICAL,Control
b2af4493-52a2-4a80-9c72-3142d8b3333c,0.7198,CRITICAL,Control
5a1ba1fc-ce6b-469e-95cd-6b148bea7f3e,0.7198,CRITICAL,Control
1125cf60-68e2-4d37-ac40-28ff1385f036,0.7198,CRITICAL,Control
1018f7a6-c0d5-42e1-84dc-f874f3b4a467,0.7336,CRITICAL,Control
52f72350-2239-46ec-bad9-1c0f4a97ff31,0.7198,CRITICAL,Control
da5bce67-7fe6-4199-8eb9-f579b9a5f82e,0.7198,CRITICAL,Control
0222522e-509c-4151-9eae-bfd1d92319e0,0.7198,CRITICAL,Control
b98fc745-4f53-4208-bc57-9cd1c8f8aec8,0.7336,CRITICAL,Control
703e09f5-dca7-43e8-b887-7721b34d5fcb,0.7336,CRITICAL,Control
26c0183c-ccc1-4696-8b23-b6996af102ae,0.7198,CRITICAL,Control
735b18e9-6e15-43a9-a4f1-2e31b6539d52,0.7198,CRITICAL,Control
edb5b7c9-1d56-4eaa-b2db-50fd3968735c,0.7336,CRITICAL,Control
84a9a5ec-7047-4de1-aab6-f305ab0ff6d4,0.7198,CRITICAL,Control
73924ff2-4122-44cc-a432-e5ba81414b6b,0.7198,CRITICAL,Control
3b8e5715-5f2b-49da-99ff-76f0df9681b6,0.7336,CRITICAL,Control
f1190df5-c56d-4f25-8c92-858ccd5cbc65,0.7198,CRITICAL,Control
58b92d29-a621-48e0-bf44-d7a6795ed573,0.7336,CRITICAL,Control
db38c002-3e84-42ac-bf1c-756dbb307bfc,0.7336,CRITICAL,Control
e0159f62-a4c1-4d8c-9eb8-5669583b793a,0.7198,CRITICAL,Control
f4cb81d7-f876-4f13-9873-7f991c9de748,0.7188,CRITICAL,Control
bd8b2aad-6b23-462d-9c1a-d7aa5c110b24,0.7198,CRITICAL,Control
e133cd3f-b440-430d-823e-b3e3306c5c64,0.7336,CRITICAL,Control
024b0349-b953-4404-b1f6-b40690b6f19c,0.7336,CRITICAL,Control
